ID_PLAN_ESTUDIO_ASIGNATURA,ID_ASIGNATURA,ID_ASIGNATURA_NK,ID_PLAN_ESTUDIO,ID_PLAN_ESTUDIO_NK,ID_CLASE_ASIGNATURA,ID_CLASE_ASIGNATURA_NK,CURSO_ORDEN,TIPO_PERIODO,VALOR_PERIODO
1,1,1,1,10001,4,B,1,A,1
2,2,2,1,10001,2,O,2,A,1
3,3,3,1,10001,1,T,4,S,2
4,4,4,1,10001,3,P,4,A,1
5,5,5,1,10001,3,P,3,A,1
6,6,6,1,10001,1,T,3,S,1
7,7,7,1,10001,1,T,1,S,2
8,8,8,1,10001,3,P,2,S,2
9,9,9,1,10001,2,O,2,A,1
10,10,10,1,10001,2,O,1,A,1
11,11,11,1,10001,2,O,1,S,1
12,12,12,1,10001,1,T,3,A,1
13,13,13,1,10001,5,L,1,S,2
14,14,14,1,10001,5,L,3,A,1
15,15,15,1,10001,4,B,1,S,1
16,16,16,1,10001,3,P,1,A,1
17,17,17,1,10001,1,T,4,S,2
18,18,18,1,10001,1,T,1,A,1
19,19,19,1,10001,3,P,2,A,1
20,20,20,1,10001,4,B,3,S,2
21,21,21,1,10001,4,B,4,A,1
22,22,22,1,10001,1,T,4,A,1
23,23,23,1,10001,4,B,2,S,1
24,24,24,1,10001,1,T,4,A,1
25,25,25,1,10001,2,O,4,A,1
26,26,26,1,10001,1,T,1,S,2
27,27,27,1,10001,4,B,2,S,1
28,28,28,1,10001,4,B,3,S,1
29,29,29,1,10001,5,L,1,S,1
30,30,30,1,10001,1,T,3,S,1
31,31,31,1,10001,5,L,4,S,2
32,32,32,1,10001,1,T,1,A,1
33,33,33,1,10001,1,T,1,A,1
34,34,34,1,10001,4,B,3,A,1
35,35,35,1,10001,2,O,4,S,1
36,36,36,1,10001,4,B,1,S,2
37,37,37,1,10001,5,L,3,S,2
38,38,38,1,10001,4,B,2,A,1
39,39,39,1,10001,4,B,2,S,1
40,40,40,1,10001,4,B,4,S,2
41,41,41,1,10001,4,B,2,A,1
42,42,42,1,10001,2,O,3,S,1
43,43,43,1,10001,1,T,3,A,1
44,44,44,1,10001,3,P,3,A,1
45,45,45,1,10001,5,L,2,S,2
46,46,46,1,10001,5,L,3,S,2
47,47,47,1,10001,3,P,3,S,2
48,48,48,1,10001,1,T,4,A,1
49,49,49,1,10001,2,O,3,S,1
50,50,50,1,10001,4,B,4,A,1
51,51,51,1,10001,5,L,2,A,1
52,52,52,1,10001,3,P,1,A,1
53,53,53,1,10001,4,B,2,A,1
54,54,54,1,10001,4,B,4,S,1
55,55,55,1,10001,1,T,4,S,1
56,56,56,1,10001,2,O,4,A,1
57,57,57,1,10001,3,P,4,S,2
58,58,58,1,10001,4,B,4,S,1
59,59,59,1,10001,1,T,2,A,1
60,60,60,1,10001,3,P,3,A,1
61,61,61,1,10001,2,O,2,S,1
62,62,62,1,10001,3,P,2,S,1
63,63,63,1,10001,3,P,1,A,1
64,64,64,1,10001,3,P,4,A,1
65,65,65,1,10001,4,B,2,S,1
66,66,66,1,10001,2,O,3,A,1
67,67,67,1,10001,1,T,3,A,1
68,68,68,1,10001,5,L,4,S,1
69,69,69,1,10001,2,O,3,A,1
70,70,70,1,10001,3,P,1,A,1
71,71,71,1,10001,1,T,4,S,2
72,72,72,1,10001,4,B,3,A,1
73,73,73,1,10001,1,T,3,A,1
74,74,74,1,10001,1,T,4,S,1
75,75,75,1,10001,1,T,2,A,1
76,76,76,1,10001,2,O,3,S,1
77,77,77,1,10001,1,T,1,S,1
78,78,78,1,10001,2,O,4,S,1
79,79,79,1,10001,5,L,2,S,1
80,80,80,1,10001,1,T,1,A,1
81,81,81,1,10001,4,B,2,S,2
82,82,82,1,10001,3,P,3,A,1
83,83,83,1,10001,3,P,1,S,2
84,84,84,1,10001,1,T,4,S,1
85,85,85,1,10001,2,O,3,A,1
86,86,86,1,10001,4,B,3,A,1
87,87,87,1,10001,1,T,4,S,2
88,88,88,1,10001,3,P,4,S,2
89,89,89,1,10001,1,T,1,S,2
90,90,90,1,10001,2,O,2,S,2
91,91,91,1,10001,5,L,1,A,1
92,92,92,1,10001,5,L,3,S,1
93,93,93,1,10001,2,O,2,S,1
94,94,94,1,10001,3,P,3,S,2
95,95,95,1,10001,1,T,1,S,2
96,96,96,1,10001,5,L,2,A,1
97,97,97,1,10001,4,B,3,A,1
98,98,98,1,10001,4,B,4,S,1
99,99,99,1,10001,4,B,1,A,1
100,100,100,1,10001,3,P,1,S,2
101,101,101,1,10001,1,T,1,S,2
102,102,102,1,10001,3,P,3,S,1
103,103,103,1,10001,4,B,1,A,1
104,104,104,1,10001,3,P,4,A,1
105,105,105,1,10001,5,L,2,S,1
106,106,106,1,10001,3,P,1,S,2
107,107,107,1,10001,3,P,3,S,2
108,108,108,1,10001,4,B,3,S,1
109,109,109,1,10001,5,L,2,A,1
110,110,110,1,10001,4,B,1,S,1
111,111,111,1,10001,3,P,4,A,1
112,112,112,1,10001,4,B,1,S,1
113,113,113,1,10001,4,B,1,A,1
114,114,114,1,10001,2,O,4,S,2
115,115,115,1,10001,1,T,4,S,2
116,116,116,1,10001,1,T,4,S,1
117,117,117,1,10001,1,T,2,A,1
118,118,118,1,10001,5,L,1,A,1
119,119,119,1,10001,3,P,1,A,1
120,120,120,1,10001,4,B,2,A,1
121,121,121,1,10001,2,O,2,S,1
122,122,122,1,10001,5,L,2,S,1
123,123,123,1,10001,4,B,1,S,2
124,124,124,1,10001,2,O,2,S,2
125,125,125,1,10001,1,T,1,A,1
126,126,126,1,10001,3,P,2,A,1
127,127,127,1,10001,5,L,4,S,2
128,128,128,1,10001,1,T,1,S,1
129,129,129,1,10001,4,B,2,S,2
130,130,130,1,10001,2,O,1,S,1
131,131,131,1,10001,5,L,1,S,2
132,132,132,1,10001,2,O,4,S,1
133,133,133,1,10001,3,P,4,S,2
134,134,134,1,10001,5,L,4,A,1
135,135,135,1,10001,2,O,1,A,1
136,136,136,1,10001,5,L,4,S,1
137,137,137,1,10001,1,T,3,S,2
138,138,138,1,10001,4,B,1,S,2
139,139,139,1,10001,5,L,4,S,1
140,140,140,1,10001,4,B,2,S,1
141,141,141,1,10001,3,P,4,S,2
142,142,142,1,10001,3,P,2,A,1
143,143,143,1,10001,4,B,3,S,1
144,144,144,1,10001,4,B,3,S,2
145,145,145,1,10001,3,P,3,S,1
146,146,146,1,10001,5,L,2,S,1
147,147,147,1,10001,4,B,4,A,1
148,148,148,1,10001,5,L,2,A,1
149,149,149,1,10001,4,B,2,S,1
150,150,150,1,10001,4,B,4,S,2
151,151,151,1,10001,1,T,2,A,1
152,152,152,1,10001,4,B,1,A,1
153,153,153,1,10001,3,P,3,S,2
154,154,154,1,10001,2,O,2,A,1
155,155,155,1,10001,2,O,1,A,1
156,156,156,1,10001,5,L,3,S,1
157,157,157,1,10001,5,L,2,A,1
158,158,158,1,10001,1,T,2,S,2
159,159,159,1,10001,3,P,3,S,1
160,160,160,1,10001,5,L,3,A,1
161,161,161,1,10001,5,L,1,A,1
162,162,162,1,10001,4,B,4,S,1
163,163,163,1,10001,5,L,1,A,1
164,164,164,1,10001,2,O,1,A,1
165,165,165,1,10001,3,P,2,A,1
166,166,166,1,10001,2,O,2,S,1
167,167,167,1,10001,5,L,3,S,2
168,168,168,1,10001,2,O,1,A,1
169,169,169,1,10001,4,B,3,S,1
170,170,170,1,10001,1,T,1,A,1
171,171,171,1,10001,4,B,4,S,1
172,172,172,1,10001,4,B,2,S,2
173,173,173,1,10001,5,L,3,A,1
174,174,174,1,10001,4,B,1,S,2
175,175,175,1,10001,2,O,4,S,1
176,176,176,1,10001,5,L,2,S,1
177,177,177,1,10001,4,B,2,S,2
178,178,178,1,10001,1,T,4,S,2
179,179,179,1,10001,5,L,1,S,1
180,180,180,1,10001,4,B,1,A,1
181,181,181,1,10001,4,B,1,S,2
182,182,182,1,10001,3,P,4,A,1
183,183,183,1,10001,3,P,4,A,1
184,184,184,1,10001,1,T,4,A,1
185,185,185,1,10001,5,L,2,A,1
186,186,186,1,10001,5,L,3,S,2
187,187,187,1,10001,5,L,3,S,2
188,188,188,1,10001,1,T,1,S,1
189,189,189,1,10001,5,L,4,S,1
190,190,190,1,10001,5,L,4,S,2
191,191,191,1,10001,3,P,2,S,1
192,192,192,1,10001,2,O,1,S,2
193,193,193,1,10001,2,O,2,S,1
194,194,194,1,10001,5,L,1,S,2
195,195,195,1,10001,1,T,2,A,1
196,196,196,1,10001,1,T,1,S,1
197,197,197,1,10001,4,B,3,S,1
198,198,198,1,10001,4,B,1,S,2
199,199,199,1,10001,4,B,3,A,1
200,200,200,1,10001,3,P,1,A,1
201,201,201,1,10001,1,T,4,S,1
202,202,202,1,10001,3,P,4,S,1
203,203,203,1,10001,3,P,2,S,2
204,204,204,1,10001,4,B,3,A,1
205,205,205,1,10001,2,O,4,A,1
206,206,206,1,10001,4,B,1,S,1
207,207,207,1,10001,5,L,3,S,1
208,208,208,1,10001,3,P,2,S,2
209,209,209,1,10001,5,L,1,A,1
210,210,210,1,10001,5,L,1,S,1
211,211,211,1,10001,1,T,4,A,1
212,212,212,1,10001,3,P,4,A,1
213,213,213,1,10001,1,T,3,S,2
214,214,214,1,10001,5,L,3,S,2
215,215,215,1,10001,1,T,4,S,2
216,216,216,1,10001,2,O,2,A,1
217,217,217,1,10001,3,P,2,S,2
218,218,218,1,10001,4,B,2,A,1
219,219,219,1,10001,1,T,2,S,2
220,220,220,1,10001,4,B,1,A,1
221,221,221,1,10001,2,O,3,A,1
222,222,222,1,10001,4,B,4,A,1
223,223,223,1,10001,1,T,1,S,2
224,224,224,1,10001,2,O,1,A,1
225,225,225,1,10001,1,T,1,S,2
226,226,226,1,10001,2,O,3,S,2
227,227,227,1,10001,4,B,4,A,1
228,228,228,1,10001,2,O,2,A,1
229,229,229,1,10001,4,B,4,A,1
230,230,230,1,10001,3,P,3,S,1
231,231,231,1,10001,1,T,2,S,1
232,232,232,1,10001,4,B,1,S,1
233,233,233,1,10001,4,B,1,S,2
234,234,234,1,10001,2,O,3,S,2
235,235,235,1,10001,4,B,4,S,1
236,236,236,1,10001,4,B,2,S,2
237,237,237,1,10001,1,T,4,A,1
238,238,238,1,10001,5,L,3,A,1
239,239,239,1,10001,1,T,4,S,1
240,240,240,1,10001,3,P,4,S,1
241,241,241,1,10001,5,L,4,S,1
242,242,242,1,10001,2,O,2,A,1
243,243,243,1,10001,3,P,3,A,1
244,244,244,1,10001,3,P,1,A,1
245,245,245,1,10001,4,B,1,A,1
246,246,246,1,10001,5,L,4,A,1
247,247,247,1,10001,2,O,1,A,1
248,248,248,1,10001,4,B,1,S,1
249,249,249,1,10001,2,O,2,S,1
250,250,250,1,10001,1,T,3,S,1
251,251,251,1,10001,1,T,4,A,1
252,252,252,1,10001,2,O,3,S,1
253,253,253,1,10001,1,T,4,A,1
254,254,254,1,10001,4,B,3,S,2
255,255,255,1,10001,4,B,1,A,1
256,256,256,1,10001,5,L,1,A,1
257,257,257,1,10001,1,T,3,A,1
258,258,258,1,10001,1,T,2,S,1
259,259,259,1,10001,4,B,2,S,2
260,260,260,1,10001,4,B,2,A,1
261,261,261,1,10001,3,P,3,A,1
262,262,262,1,10001,2,O,1,A,1
263,263,263,1,10001,4,B,3,S,1
264,264,264,1,10001,4,B,3,A,1
265,265,265,1,10001,2,O,4,S,2
266,266,266,1,10001,4,B,4,A,1
267,267,267,1,10001,1,T,1,A,1
268,268,268,1,10001,1,T,2,A,1
269,269,269,1,10001,2,O,4,S,1
270,270,270,1,10001,4,B,3,A,1
271,271,271,1,10001,2,O,3,S,2
272,272,272,1,10001,3,P,1,S,1
273,273,273,1,10001,3,P,4,A,1
274,274,274,1,10001,3,P,1,S,1
275,275,275,1,10001,5,L,2,A,1
276,276,276,1,10001,1,T,3,S,2
277,277,277,1,10001,2,O,1,A,1
278,278,278,1,10001,5,L,2,S,1
279,279,279,1,10001,3,P,2,S,2
280,280,280,1,10001,4,B,1,A,1
281,281,281,1,10001,2,O,4,S,1
282,282,282,1,10001,1,T,1,A,1
283,283,283,1,10001,3,P,4,S,2
284,284,284,1,10001,2,O,4,S,1
285,285,285,1,10001,5,L,3,A,1
286,286,286,1,10001,4,B,2,A,1
287,287,287,1,10001,1,T,3,A,1
288,288,288,1,10001,5,L,4,A,1
289,289,289,1,10001,1,T,2,S,2
290,290,290,1,10001,2,O,2,S,2
291,291,291,1,10001,3,P,3,S,2
292,292,292,1,10001,5,L,2,S,2
293,293,293,1,10001,2,O,2,S,2
294,294,294,1,10001,3,P,1,A,1
295,295,295,1,10001,2,O,1,S,1
296,296,296,1,10001,1,T,1,A,1
297,297,297,1,10001,3,P,4,S,2
298,298,298,1,10001,3,P,1,A,1
299,299,299,1,10001,5,L,1,S,1
300,300,300,1,10001,4,B,3,S,2
301,301,301,1,10001,5,L,4,A,1
302,302,302,1,10001,3,P,1,A,1
303,303,303,1,10001,3,P,4,S,1
304,304,304,1,10001,4,B,4,A,1
305,305,305,1,10001,4,B,2,A,1
306,306,306,1,10001,5,L,3,S,1
307,307,307,1,10001,5,L,1,S,1
308,308,308,1,10001,2,O,2,S,2
309,309,309,1,10001,3,P,1,S,2
310,310,310,1,10001,1,T,2,A,1
311,311,311,1,10001,1,T,2,S,1
312,312,312,1,10001,4,B,3,S,1
313,313,313,1,10001,1,T,2,A,1
314,314,314,1,10001,2,O,1,A,1
315,315,315,1,10001,2,O,1,A,1
316,316,316,1,10001,5,L,3,A,1
317,317,317,1,10001,5,L,3,A,1
318,318,318,1,10001,1,T,1,S,2
319,319,319,1,10001,5,L,1,S,1
320,320,320,1,10001,2,O,3,S,2
321,321,321,1,10001,3,P,3,A,1
322,322,322,1,10001,4,B,4,S,2
323,323,323,1,10001,4,B,1,A,1
324,324,324,1,10001,4,B,1,S,2
325,325,325,1,10001,5,L,4,S,1
326,326,326,1,10001,1,T,4,A,1
327,327,327,1,10001,1,T,3,A,1
328,328,328,1,10001,1,T,1,A,1
329,329,329,1,10001,2,O,4,A,1
330,330,330,1,10001,4,B,2,A,1
331,331,331,1,10001,2,O,2,S,2
332,332,332,1,10001,2,O,1,A,1
333,333,333,1,10001,4,B,1,S,2
334,334,334,1,10001,2,O,1,S,2
335,335,335,1,10001,4,B,2,A,1
336,336,336,1,10001,5,L,4,A,1
337,337,337,1,10001,2,O,3,A,1
338,338,338,1,10001,1,T,3,A,1
339,339,339,1,10001,5,L,1,S,1
340,340,340,1,10001,2,O,4,A,1
341,341,341,1,10001,5,L,1,A,1
342,342,342,1,10001,1,T,1,S,2
343,343,343,1,10001,1,T,1,A,1
344,344,344,1,10001,4,B,1,S,1
345,345,345,1,10001,3,P,3,S,1
346,346,346,1,10001,2,O,1,A,1
347,347,347,1,10001,1,T,1,S,2
348,348,348,1,10001,4,B,4,A,1
349,349,349,1,10001,1,T,4,A,1
350,350,350,1,10001,4,B,1,S,2
351,351,351,1,10001,5,L,4,S,1
352,352,352,1,10001,3,P,3,A,1
353,353,353,1,10001,2,O,4,S,1
354,354,354,1,10001,4,B,1,A,1
355,355,355,1,10001,4,B,1,A,1
356,356,356,1,10001,3,P,2,A,1
357,357,357,1,10001,5,L,3,S,2
358,358,358,1,10001,3,P,4,S,1
359,359,359,1,10001,3,P,2,A,1
360,360,360,1,10001,5,L,1,A,1
361,361,361,1,10001,3,P,2,S,2
362,362,362,1,10001,4,B,3,S,1
363,363,363,1,10001,4,B,2,S,2
364,364,364,1,10001,5,L,3,S,2
365,365,365,1,10001,2,O,1,A,1
366,366,366,1,10001,3,P,1,A,1
367,367,367,1,10001,1,T,1,S,2
368,368,368,1,10001,3,P,2,A,1
369,369,369,1,10001,1,T,2,A,1
370,370,370,1,10001,1,T,3,A,1
371,371,371,1,10001,4,B,4,S,2
372,372,372,1,10001,2,O,3,S,2
373,373,373,1,10001,4,B,3,A,1
374,374,374,1,10001,4,B,1,S,1
375,375,375,1,10001,1,T,4,A,1
376,376,376,1,10001,1,T,1,A,1
377,377,377,1,10001,3,P,2,S,1
378,378,378,1,10001,5,L,2,S,2
379,379,379,1,10001,3,P,4,A,1
380,380,380,1,10001,4,B,4,A,1
381,381,381,1,10001,1,T,1,S,1
382,382,382,1,10001,4,B,1,S,1
383,383,383,1,10001,4,B,1,A,1
384,384,384,1,10001,1,T,3,S,1
385,385,385,1,10001,1,T,3,A,1
386,386,386,1,10001,4,B,1,A,1
387,387,387,1,10001,4,B,2,S,1
388,388,388,1,10001,4,B,2,S,1
389,389,389,1,10001,5,L,3,A,1
390,390,390,1,10001,2,O,2,A,1
391,391,391,1,10001,3,P,1,A,1
392,392,392,1,10001,3,P,3,A,1
393,393,393,1,10001,3,P,1,A,1
394,394,394,1,10001,2,O,4,A,1
395,395,395,1,10001,2,O,3,A,1
396,396,396,1,10001,3,P,3,S,1
397,397,397,1,10001,5,L,3,S,1
398,398,398,1,10001,2,O,4,A,1
399,399,399,1,10001,5,L,1,A,1
400,400,400,1,10001,3,P,2,A,1
401,401,401,1,10001,1,T,2,S,2
402,402,402,1,10001,3,P,3,S,1
403,403,403,1,10001,3,P,1,A,1
404,404,404,1,10001,3,P,3,A,1
405,405,405,1,10001,4,B,3,A,1
406,406,406,1,10001,5,L,1,S,1
407,407,407,1,10001,5,L,4,A,1
408,408,408,1,10001,5,L,1,S,1
409,409,409,1,10001,2,O,2,S,2
410,410,410,1,10001,4,B,4,S,1
411,411,411,1,10001,4,B,3,S,2
412,412,412,1,10001,4,B,4,S,2
413,413,413,1,10001,2,O,4,A,1
414,414,414,1,10001,1,T,2,A,1
415,415,415,1,10001,2,O,2,S,1
416,416,416,1,10001,3,P,4,A,1
417,417,417,1,10001,1,T,3,S,2
418,418,418,1,10001,5,L,2,S,2
419,419,419,1,10001,3,P,1,A,1
420,420,420,1,10001,4,B,1,S,2
421,421,421,1,10001,5,L,3,A,1
422,422,422,1,10001,1,T,1,S,2
423,423,423,1,10001,5,L,4,S,2
424,424,424,1,10001,5,L,4,S,2
425,425,425,1,10001,4,B,4,S,2
426,426,426,1,10001,2,O,4,A,1
427,427,427,1,10001,4,B,2,S,1
428,428,428,1,10001,2,O,3,A,1
429,429,429,1,10001,3,P,3,A,1
430,430,430,1,10001,2,O,3,A,1
431,431,431,1,10001,1,T,3,A,1
432,432,432,1,10001,5,L,1,A,1
433,433,433,1,10001,4,B,1,S,1
434,434,434,1,10001,3,P,2,S,1
435,435,435,1,10001,5,L,3,S,2
436,436,436,1,10001,3,P,3,A,1
437,437,437,1,10001,4,B,2,S,1
438,438,438,1,10001,5,L,3,S,2
439,439,439,1,10001,2,O,4,S,1
440,440,440,1,10001,2,O,4,A,1
441,441,441,1,10001,5,L,4,A,1
442,442,442,1,10001,1,T,2,A,1
443,443,443,1,10001,4,B,4,A,1
444,444,444,1,10001,3,P,4,S,2
445,445,445,1,10001,3,P,1,S,1
446,446,446,1,10001,2,O,4,S,1
447,447,447,1,10001,4,B,4,S,1
448,448,448,1,10001,5,L,3,A,1
449,449,449,1,10001,3,P,2,S,1
450,450,450,1,10001,3,P,4,S,2
451,451,451,1,10001,5,L,2,S,2
452,452,452,1,10001,5,L,4,S,2
453,453,453,1,10001,1,T,1,A,1
454,454,454,1,10001,4,B,2,A,1
455,455,455,1,10001,1,T,3,S,2
456,456,456,1,10001,3,P,2,S,1
457,457,457,1,10001,3,P,4,A,1
458,458,458,1,10001,5,L,4,A,1
459,459,459,1,10001,3,P,3,S,2
460,460,460,1,10001,1,T,1,A,1
461,461,461,1,10001,2,O,1,A,1
462,462,462,1,10001,5,L,1,S,1
463,463,463,1,10001,5,L,2,A,1
464,464,464,1,10001,1,T,1,S,2
465,465,465,1,10001,1,T,2,A,1
466,466,466,1,10001,5,L,3,A,1
467,467,467,1,10001,1,T,4,A,1
468,468,468,1,10001,1,T,3,A,1
469,469,469,1,10001,1,T,2,S,2
470,470,470,1,10001,4,B,4,A,1
471,471,471,1,10001,2,O,1,A,1
472,472,472,1,10001,1,T,4,S,1
473,473,473,1,10001,4,B,4,A,1
474,474,474,1,10001,2,O,2,A,1
475,475,475,1,10001,5,L,3,S,2
476,476,476,1,10001,5,L,2,S,1
477,477,477,1,10001,1,T,4,S,1
478,478,478,1,10001,1,T,1,A,1
479,479,479,1,10001,1,T,4,A,1
480,480,480,1,10001,4,B,4,A,1
481,481,481,1,10001,4,B,3,S,2
482,482,482,1,10001,4,B,4,A,1
483,483,483,1,10001,4,B,1,S,2
484,484,484,1,10001,3,P,3,S,2
485,485,485,1,10001,4,B,2,S,1
486,486,486,1,10001,5,L,2,S,2
487,487,487,1,10001,2,O,4,A,1
488,488,488,1,10001,4,B,1,S,1
489,489,489,1,10001,4,B,2,A,1
490,490,490,1,10001,3,P,3,S,1
491,491,491,1,10001,5,L,2,S,2
492,492,492,1,10001,3,P,1,S,1
493,493,493,1,10001,3,P,1,S,2
494,494,494,1,10001,2,O,4,A,1
495,495,495,1,10001,4,B,3,A,1
496,496,496,1,10001,1,T,1,S,1
497,497,497,1,10001,1,T,1,S,2
498,498,498,1,10001,5,L,3,S,1
499,499,499,1,10001,5,L,4,A,1
500,500,500,1,10001,3,P,1,S,1
501,1,1,2,10002,5,L,2,S,2
502,2,2,2,10002,3,P,4,S,1
503,3,3,2,10002,3,P,1,A,1
504,4,4,2,10002,1,T,4,A,1
505,5,5,2,10002,5,L,4,S,1
506,6,6,2,10002,3,P,2,A,1
507,7,7,2,10002,1,T,1,A,1
508,8,8,2,10002,4,B,3,A,1
509,9,9,2,10002,4,B,4,A,1
510,10,10,2,10002,4,B,1,A,1
511,11,11,2,10002,1,T,3,A,1
512,12,12,2,10002,3,P,4,S,1
513,13,13,2,10002,5,L,2,A,1
514,14,14,2,10002,4,B,2,S,1
515,15,15,2,10002,3,P,1,S,2
516,16,16,2,10002,4,B,4,A,1
517,17,17,2,10002,4,B,1,A,1
518,18,18,2,10002,3,P,4,A,1
519,19,19,2,10002,3,P,2,S,1
520,20,20,2,10002,1,T,2,A,1
521,21,21,2,10002,2,O,1,S,1
522,22,22,2,10002,1,T,1,S,1
523,23,23,2,10002,4,B,1,A,1
524,24,24,2,10002,3,P,1,A,1
525,25,25,2,10002,3,P,2,A,1
526,26,26,2,10002,1,T,4,A,1
527,27,27,2,10002,1,T,3,S,1
528,28,28,2,10002,2,O,2,S,2
529,29,29,2,10002,4,B,1,A,1
530,30,30,2,10002,2,O,2,A,1
531,31,31,2,10002,1,T,3,S,1
532,32,32,2,10002,2,O,1,S,2
533,33,33,2,10002,3,P,1,S,1
534,34,34,2,10002,5,L,4,A,1
535,35,35,2,10002,2,O,1,S,2
536,36,36,2,10002,2,O,1,A,1
537,37,37,2,10002,1,T,2,S,2
538,38,38,2,10002,2,O,4,A,1
539,39,39,2,10002,3,P,2,S,1
540,40,40,2,10002,3,P,3,S,1
541,41,41,2,10002,1,T,3,A,1
542,42,42,2,10002,4,B,3,S,1
543,43,43,2,10002,4,B,3,A,1
544,44,44,2,10002,1,T,4,S,1
545,45,45,2,10002,1,T,1,A,1
546,46,46,2,10002,4,B,1,A,1
547,47,47,2,10002,3,P,3,A,1
548,48,48,2,10002,4,B,4,A,1
549,49,49,2,10002,4,B,1,A,1
550,50,50,2,10002,1,T,2,S,2
551,51,51,2,10002,5,L,3,A,1
552,52,52,2,10002,5,L,2,S,1
553,53,53,2,10002,3,P,1,A,1
554,54,54,2,10002,4,B,4,S,1
555,55,55,2,10002,4,B,3,S,1
556,56,56,2,10002,2,O,4,S,1
557,57,57,2,10002,1,T,2,S,2
558,58,58,2,10002,3,P,2,A,1
559,59,59,2,10002,4,B,1,A,1
560,60,60,2,10002,5,L,2,S,2
561,61,61,2,10002,1,T,2,S,1
562,62,62,2,10002,4,B,1,S,1
563,63,63,2,10002,2,O,2,A,1
564,64,64,2,10002,1,T,2,A,1
565,65,65,2,10002,5,L,2,A,1
566,66,66,2,10002,4,B,2,A,1
567,67,67,2,10002,5,L,2,A,1
568,68,68,2,10002,2,O,4,S,2
569,69,69,2,10002,1,T,2,A,1
570,70,70,2,10002,5,L,2,S,1
571,71,71,2,10002,3,P,2,S,2
572,72,72,2,10002,2,O,4,A,1
573,73,73,2,10002,1,T,3,S,1
574,74,74,2,10002,2,O,3,S,2
575,75,75,2,10002,2,O,2,S,2
576,76,76,2,10002,4,B,4,S,1
577,77,77,2,10002,5,L,4,A,1
578,78,78,2,10002,2,O,4,S,1
579,79,79,2,10002,5,L,3,A,1
580,80,80,2,10002,1,T,2,S,2
581,81,81,2,10002,4,B,4,S,2
582,82,82,2,10002,5,L,3,S,2
583,83,83,2,10002,1,T,1,S,1
584,84,84,2,10002,2,O,4,A,1
585,85,85,2,10002,2,O,2,A,1
586,86,86,2,10002,4,B,1,A,1
587,87,87,2,10002,3,P,3,S,2
588,88,88,2,10002,5,L,4,S,2
589,89,89,2,10002,3,P,4,S,2
590,90,90,2,10002,5,L,1,S,1
591,91,91,2,10002,3,P,1,S,1
592,92,92,2,10002,4,B,2,S,2
593,93,93,2,10002,3,P,3,S,2
594,94,94,2,10002,4,B,1,S,2
595,95,95,2,10002,4,B,2,A,1
596,96,96,2,10002,1,T,4,A,1
597,97,97,2,10002,3,P,3,A,1
598,98,98,2,10002,1,T,2,S,2
599,99,99,2,10002,4,B,2,S,1
600,100,100,2,10002,2,O,2,A,1
601,101,101,2,10002,5,L,1,A,1
602,102,102,2,10002,2,O,4,S,1
603,103,103,2,10002,4,B,2,S,1
604,104,104,2,10002,1,T,4,S,2
605,105,105,2,10002,2,O,4,S,2
606,106,106,2,10002,3,P,1,A,1
607,107,107,2,10002,1,T,3,A,1
608,108,108,2,10002,1,T,3,A,1
609,109,109,2,10002,2,O,4,S,1
610,110,110,2,10002,1,T,2,S,1
611,111,111,2,10002,2,O,1,A,1
612,112,112,2,10002,3,P,4,S,2
613,113,113,2,10002,4,B,4,A,1
614,114,114,2,10002,4,B,2,S,1
615,115,115,2,10002,2,O,2,A,1
616,116,116,2,10002,5,L,4,A,1
617,117,117,2,10002,4,B,1,S,1
618,118,118,2,10002,3,P,2,A,1
619,119,119,2,10002,2,O,1,A,1
620,120,120,2,10002,2,O,2,S,2
621,121,121,2,10002,2,O,4,A,1
622,122,122,2,10002,4,B,2,A,1
623,123,123,2,10002,2,O,3,A,1
624,124,124,2,10002,3,P,4,A,1
625,125,125,2,10002,4,B,3,A,1
626,126,126,2,10002,1,T,3,A,1
627,127,127,2,10002,5,L,2,S,2
628,128,128,2,10002,4,B,1,A,1
629,129,129,2,10002,1,T,1,S,1
630,130,130,2,10002,2,O,1,A,1
631,131,131,2,10002,4,B,2,A,1
632,132,132,2,10002,5,L,4,S,2
633,133,133,2,10002,1,T,4,S,2
634,134,134,2,10002,3,P,3,S,2
635,135,135,2,10002,3,P,3,A,1
636,136,136,2,10002,2,O,3,S,2
637,137,137,2,10002,4,B,1,S,2
638,138,138,2,10002,1,T,1,A,1
639,139,139,2,10002,1,T,4,S,1
640,140,140,2,10002,1,T,1,A,1
641,141,141,2,10002,3,P,3,A,1
642,142,142,2,10002,5,L,3,S,2
643,143,143,2,10002,2,O,4,A,1
644,144,144,2,10002,1,T,1,S,1
645,145,145,2,10002,1,T,3,A,1
646,146,146,2,10002,1,T,3,S,1
647,147,147,2,10002,4,B,4,S,1
648,148,148,2,10002,1,T,3,S,2
649,149,149,2,10002,5,L,1,S,2
650,150,150,2,10002,2,O,2,A,1
651,151,151,2,10002,1,T,1,A,1
652,152,152,2,10002,4,B,4,A,1
653,153,153,2,10002,5,L,3,S,1
654,154,154,2,10002,2,O,4,A,1
655,155,155,2,10002,2,O,4,A,1
656,156,156,2,10002,2,O,2,A,1
657,157,157,2,10002,4,B,2,A,1
658,158,158,2,10002,1,T,1,S,1
659,159,159,2,10002,4,B,2,S,2
660,160,160,2,10002,2,O,3,A,1
661,161,161,2,10002,3,P,3,S,1
662,162,162,2,10002,1,T,2,S,1
663,163,163,2,10002,1,T,3,A,1
664,164,164,2,10002,2,O,1,S,2
665,165,165,2,10002,3,P,4,S,1
666,166,166,2,10002,2,O,2,S,1
667,167,167,2,10002,3,P,3,A,1
668,168,168,2,10002,3,P,1,A,1
669,169,169,2,10002,1,T,3,A,1
670,170,170,2,10002,1,T,1,S,1
671,171,171,2,10002,1,T,3,S,1
672,172,172,2,10002,1,T,3,A,1
673,173,173,2,10002,2,O,2,S,2
674,174,174,2,10002,4,B,3,S,1
675,175,175,2,10002,5,L,2,A,1
676,176,176,2,10002,2,O,4,A,1
677,177,177,2,10002,4,B,4,S,1
678,178,178,2,10002,1,T,3,A,1
679,179,179,2,10002,1,T,4,S,1
680,180,180,2,10002,2,O,3,A,1
681,181,181,2,10002,3,P,1,S,2
682,182,182,2,10002,5,L,1,S,2
683,183,183,2,10002,3,P,2,S,2
684,184,184,2,10002,4,B,4,A,1
685,185,185,2,10002,4,B,3,A,1
686,186,186,2,10002,5,L,2,A,1
687,187,187,2,10002,1,T,1,A,1
688,188,188,2,10002,2,O,4,S,2
689,189,189,2,10002,2,O,2,A,1
690,190,190,2,10002,2,O,4,S,2
691,191,191,2,10002,4,B,4,S,2
692,192,192,2,10002,5,L,4,A,1
693,193,193,2,10002,4,B,3,S,1
694,194,194,2,10002,5,L,4,A,1
695,195,195,2,10002,3,P,2,S,1
696,196,196,2,10002,4,B,3,S,1
697,197,197,2,10002,1,T,2,S,2
698,198,198,2,10002,2,O,3,A,1
699,199,199,2,10002,5,L,2,A,1
700,200,200,2,10002,1,T,2,A,1
701,201,201,2,10002,5,L,3,A,1
702,202,202,2,10002,5,L,2,S,2
703,203,203,2,10002,1,T,2,A,1
704,204,204,2,10002,4,B,1,S,2
705,205,205,2,10002,2,O,2,A,1
706,206,206,2,10002,1,T,1,S,2
707,207,207,2,10002,3,P,2,S,1
708,208,208,2,10002,5,L,1,A,1
709,209,209,2,10002,1,T,2,S,2
710,210,210,2,10002,3,P,3,A,1
711,211,211,2,10002,5,L,4,A,1
712,212,212,2,10002,4,B,4,S,2
713,213,213,2,10002,5,L,4,S,1
714,214,214,2,10002,1,T,1,A,1
715,215,215,2,10002,3,P,1,A,1
716,216,216,2,10002,5,L,4,A,1
717,217,217,2,10002,2,O,1,S,2
718,218,218,2,10002,2,O,1,A,1
719,219,219,2,10002,3,P,4,S,2
720,220,220,2,10002,3,P,3,A,1
721,221,221,2,10002,2,O,1,S,1
722,222,222,2,10002,1,T,2,S,1
723,223,223,2,10002,1,T,4,S,1
724,224,224,2,10002,3,P,1,A,1
725,225,225,2,10002,5,L,1,A,1
726,226,226,2,10002,4,B,2,A,1
727,227,227,2,10002,3,P,4,S,1
728,228,228,2,10002,4,B,1,A,1
729,229,229,2,10002,3,P,2,A,1
730,230,230,2,10002,3,P,1,S,1
731,231,231,2,10002,2,O,1,A,1
732,232,232,2,10002,5,L,3,S,1
733,233,233,2,10002,4,B,4,A,1
734,234,234,2,10002,2,O,2,S,1
735,235,235,2,10002,1,T,3,S,1
736,236,236,2,10002,5,L,4,S,2
737,237,237,2,10002,5,L,2,A,1
738,238,238,2,10002,4,B,1,A,1
739,239,239,2,10002,3,P,1,A,1
740,240,240,2,10002,4,B,2,S,1
741,241,241,2,10002,3,P,2,A,1
742,242,242,2,10002,3,P,3,S,1
743,243,243,2,10002,3,P,4,A,1
744,244,244,2,10002,2,O,3,S,2
745,245,245,2,10002,2,O,2,S,2
746,246,246,2,10002,3,P,1,S,2
747,247,247,2,10002,4,B,2,A,1
748,248,248,2,10002,3,P,1,S,1
749,249,249,2,10002,5,L,3,A,1
750,250,250,2,10002,2,O,4,A,1
751,251,251,2,10002,1,T,3,S,2
752,252,252,2,10002,4,B,1,A,1
753,253,253,2,10002,5,L,1,S,1
754,254,254,2,10002,5,L,1,S,1
755,255,255,2,10002,4,B,3,A,1
756,256,256,2,10002,4,B,3,S,2
757,257,257,2,10002,1,T,2,A,1
758,258,258,2,10002,4,B,3,A,1
759,259,259,2,10002,5,L,1,S,1
760,260,260,2,10002,3,P,4,A,1
761,261,261,2,10002,2,O,1,A,1
762,262,262,2,10002,1,T,3,S,1
763,263,263,2,10002,2,O,3,S,2
764,264,264,2,10002,5,L,1,A,1
765,265,265,2,10002,4,B,2,S,2
766,266,266,2,10002,3,P,2,S,2
767,267,267,2,10002,3,P,4,A,1
768,268,268,2,10002,3,P,3,A,1
769,269,269,2,10002,5,L,2,A,1
770,270,270,2,10002,3,P,2,S,2
771,271,271,2,10002,2,O,1,S,1
772,272,272,2,10002,4,B,4,S,1
773,273,273,2,10002,1,T,4,S,2
774,274,274,2,10002,4,B,3,S,2
775,275,275,2,10002,1,T,2,S,1
776,276,276,2,10002,5,L,3,S,2
777,277,277,2,10002,4,B,1,A,1
778,278,278,2,10002,2,O,1,A,1
779,279,279,2,10002,2,O,1,A,1
780,280,280,2,10002,3,P,1,A,1
781,281,281,2,10002,3,P,3,S,1
782,282,282,2,10002,3,P,4,A,1
783,283,283,2,10002,3,P,4,S,1
784,284,284,2,10002,3,P,4,A,1
785,285,285,2,10002,5,L,2,A,1
786,286,286,2,10002,5,L,4,S,1
787,287,287,2,10002,3,P,1,S,1
788,288,288,2,10002,5,L,2,A,1
789,289,289,2,10002,4,B,1,S,1
790,290,290,2,10002,1,T,3,A,1
791,291,291,2,10002,1,T,4,S,2
792,292,292,2,10002,5,L,2,S,1
793,293,293,2,10002,1,T,3,A,1
794,294,294,2,10002,3,P,1,S,2
795,295,295,2,10002,3,P,4,S,2
796,296,296,2,10002,2,O,2,A,1
797,297,297,2,10002,3,P,4,A,1
798,298,298,2,10002,1,T,3,A,1
799,299,299,2,10002,4,B,4,S,1
800,300,300,2,10002,3,P,3,A,1
801,301,301,2,10002,1,T,4,S,2
802,302,302,2,10002,2,O,3,A,1
803,303,303,2,10002,2,O,1,S,1
804,304,304,2,10002,3,P,4,S,1
805,305,305,2,10002,5,L,1,S,2
806,306,306,2,10002,3,P,2,A,1
807,307,307,2,10002,1,T,2,S,1
808,308,308,2,10002,5,L,4,A,1
809,309,309,2,10002,3,P,2,S,1
810,310,310,2,10002,4,B,4,S,2
811,311,311,2,10002,3,P,3,S,2
812,312,312,2,10002,5,L,2,S,1
813,313,313,2,10002,3,P,4,S,1
814,314,314,2,10002,1,T,2,S,2
815,315,315,2,10002,3,P,1,S,1
816,316,316,2,10002,3,P,1,A,1
817,317,317,2,10002,5,L,3,A,1
818,318,318,2,10002,1,T,2,S,2
819,319,319,2,10002,5,L,3,A,1
820,320,320,2,10002,2,O,2,A,1
821,321,321,2,10002,1,T,4,S,1
822,322,322,2,10002,1,T,4,S,2
823,323,323,2,10002,4,B,2,S,2
824,324,324,2,10002,4,B,4,A,1
825,325,325,2,10002,2,O,1,A,1
826,326,326,2,10002,2,O,1,A,1
827,327,327,2,10002,3,P,2,S,1
828,328,328,2,10002,2,O,2,A,1
829,329,329,2,10002,3,P,3,S,1
830,330,330,2,10002,2,O,4,S,2
831,331,331,2,10002,5,L,3,S,1
832,332,332,2,10002,1,T,4,A,1
833,333,333,2,10002,4,B,2,A,1
834,334,334,2,10002,4,B,2,S,1
835,335,335,2,10002,5,L,3,A,1
836,336,336,2,10002,3,P,4,A,1
837,337,337,2,10002,3,P,4,A,1
838,338,338,2,10002,1,T,2,A,1
839,339,339,2,10002,1,T,2,A,1
840,340,340,2,10002,1,T,1,A,1
841,341,341,2,10002,5,L,4,A,1
842,342,342,2,10002,4,B,3,A,1
843,343,343,2,10002,4,B,2,S,1
844,344,344,2,10002,3,P,2,A,1
845,345,345,2,10002,5,L,1,S,2
846,346,346,2,10002,1,T,3,A,1
847,347,347,2,10002,1,T,2,S,2
848,348,348,2,10002,5,L,4,A,1
849,349,349,2,10002,2,O,4,A,1
850,350,350,2,10002,4,B,3,A,1
851,351,351,2,10002,4,B,3,S,2
852,352,352,2,10002,4,B,3,S,1
853,353,353,2,10002,3,P,3,A,1
854,354,354,2,10002,4,B,2,A,1
855,355,355,2,10002,4,B,1,A,1
856,356,356,2,10002,5,L,3,A,1
857,357,357,2,10002,5,L,3,S,2
858,358,358,2,10002,1,T,1,S,1
859,359,359,2,10002,5,L,3,S,2
860,360,360,2,10002,1,T,3,S,1
861,361,361,2,10002,2,O,1,A,1
862,362,362,2,10002,1,T,2,S,2
863,363,363,2,10002,4,B,3,S,1
864,364,364,2,10002,2,O,3,A,1
865,365,365,2,10002,4,B,4,A,1
866,366,366,2,10002,2,O,1,A,1
867,367,367,2,10002,1,T,1,A,1
868,368,368,2,10002,1,T,2,A,1
869,369,369,2,10002,1,T,4,A,1
870,370,370,2,10002,2,O,1,S,2
871,371,371,2,10002,2,O,4,A,1
872,372,372,2,10002,5,L,2,A,1
873,373,373,2,10002,2,O,2,A,1
874,374,374,2,10002,4,B,4,S,2
875,375,375,2,10002,4,B,3,S,1
876,376,376,2,10002,3,P,4,A,1
877,377,377,2,10002,3,P,4,S,1
878,378,378,2,10002,3,P,2,S,1
879,379,379,2,10002,4,B,3,A,1
880,380,380,2,10002,2,O,1,A,1
881,381,381,2,10002,2,O,4,S,1
882,382,382,2,10002,2,O,2,S,2
883,383,383,2,10002,4,B,4,S,2
884,384,384,2,10002,4,B,2,A,1
885,385,385,2,10002,4,B,1,A,1
886,386,386,2,10002,2,O,2,A,1
887,387,387,2,10002,5,L,4,S,2
888,388,388,2,10002,1,T,2,S,2
889,389,389,2,10002,3,P,1,A,1
890,390,390,2,10002,5,L,2,A,1
891,391,391,2,10002,3,P,2,S,1
892,392,392,2,10002,4,B,2,S,1
893,393,393,2,10002,5,L,3,A,1
894,394,394,2,10002,3,P,2,A,1
895,395,395,2,10002,3,P,1,A,1
896,396,396,2,10002,3,P,3,S,2
897,397,397,2,10002,1,T,1,S,1
898,398,398,2,10002,4,B,4,S,2
899,399,399,2,10002,2,O,1,A,1
900,400,400,2,10002,2,O,3,A,1
901,401,401,2,10002,3,P,3,A,1
902,402,402,2,10002,5,L,3,A,1
903,403,403,2,10002,1,T,1,S,2
904,404,404,2,10002,4,B,2,S,1
905,405,405,2,10002,3,P,3,S,1
906,406,406,2,10002,5,L,4,A,1
907,407,407,2,10002,5,L,4,A,1
908,408,408,2,10002,5,L,4,S,1
909,409,409,2,10002,1,T,4,A,1
910,410,410,2,10002,3,P,4,A,1
911,411,411,2,10002,5,L,4,A,1
912,412,412,2,10002,1,T,2,A,1
913,413,413,2,10002,5,L,4,A,1
914,414,414,2,10002,5,L,3,A,1
915,415,415,2,10002,5,L,3,A,1
916,416,416,2,10002,3,P,2,S,1
917,417,417,2,10002,3,P,1,A,1
918,418,418,2,10002,5,L,1,S,1
919,419,419,2,10002,3,P,4,S,1
920,420,420,2,10002,5,L,2,A,1
921,421,421,2,10002,4,B,1,S,2
922,422,422,2,10002,5,L,1,A,1
923,423,423,2,10002,3,P,1,A,1
924,424,424,2,10002,1,T,2,A,1
925,425,425,2,10002,4,B,1,S,1
926,426,426,2,10002,5,L,1,A,1
927,427,427,2,10002,3,P,1,S,1
928,428,428,2,10002,1,T,2,A,1
929,429,429,2,10002,5,L,4,S,1
930,430,430,2,10002,2,O,3,S,2
931,431,431,2,10002,5,L,2,A,1
932,432,432,2,10002,2,O,1,S,1
933,433,433,2,10002,2,O,1,A,1
934,434,434,2,10002,1,T,1,S,1
935,435,435,2,10002,1,T,4,A,1
936,436,436,2,10002,1,T,1,A,1
937,437,437,2,10002,4,B,1,A,1
938,438,438,2,10002,3,P,4,S,1
939,439,439,2,10002,4,B,3,S,1
940,440,440,2,10002,1,T,4,A,1
941,441,441,2,10002,2,O,4,A,1
942,442,442,2,10002,2,O,1,A,1
943,443,443,2,10002,2,O,1,S,2
944,444,444,2,10002,4,B,1,S,1
945,445,445,2,10002,5,L,3,A,1
946,446,446,2,10002,3,P,1,A,1
947,447,447,2,10002,4,B,2,S,2
948,448,448,2,10002,2,O,2,S,1
949,449,449,2,10002,4,B,3,S,2
950,450,450,2,10002,2,O,1,S,2
951,451,451,2,10002,5,L,3,S,1
952,452,452,2,10002,5,L,1,A,1
953,453,453,2,10002,5,L,2,S,1
954,454,454,2,10002,5,L,4,S,2
955,455,455,2,10002,3,P,1,A,1
956,456,456,2,10002,5,L,4,S,1
957,457,457,2,10002,3,P,1,S,1
958,458,458,2,10002,5,L,2,S,2
959,459,459,2,10002,1,T,3,S,2
960,460,460,2,10002,4,B,4,S,2
961,461,461,2,10002,2,O,2,A,1
962,462,462,2,10002,1,T,4,S,2
963,463,463,2,10002,4,B,4,A,1
964,464,464,2,10002,1,T,4,A,1
965,465,465,2,10002,1,T,4,A,1
966,466,466,2,10002,4,B,1,A,1
967,467,467,2,10002,3,P,3,A,1
968,468,468,2,10002,3,P,2,A,1
969,469,469,2,10002,5,L,3,S,1
970,470,470,2,10002,5,L,1,A,1
971,471,471,2,10002,1,T,3,S,1
972,472,472,2,10002,2,O,3,S,1
973,473,473,2,10002,5,L,4,A,1
974,474,474,2,10002,1,T,2,A,1
975,475,475,2,10002,2,O,1,A,1
976,476,476,2,10002,1,T,1,A,1
977,477,477,2,10002,4,B,4,A,1
978,478,478,2,10002,5,L,4,S,1
979,479,479,2,10002,3,P,1,A,1
980,480,480,2,10002,2,O,4,A,1
981,481,481,2,10002,5,L,1,A,1
982,482,482,2,10002,2,O,3,A,1
983,483,483,2,10002,2,O,1,A,1
984,484,484,2,10002,3,P,1,A,1
985,485,485,2,10002,5,L,4,A,1
986,486,486,2,10002,1,T,2,S,1
987,487,487,2,10002,2,O,3,S,2
988,488,488,2,10002,4,B,3,S,1
989,489,489,2,10002,4,B,3,A,1
990,490,490,2,10002,5,L,2,A,1
991,491,491,2,10002,5,L,1,A,1
992,492,492,2,10002,2,O,2,A,1
993,493,493,2,10002,4,B,4,S,2
994,494,494,2,10002,4,B,3,S,1
995,495,495,2,10002,3,P,4,A,1
996,496,496,2,10002,4,B,3,A,1
997,497,497,2,10002,3,P,4,A,1
998,498,498,2,10002,5,L,2,S,1
999,499,499,2,10002,3,P,2,S,1
1000,500,500,2,10002,4,B,1,S,2
