ID_CURSO_ACADEMICO_COHORTE_NK,ID_EXPEDIENTE_ACADEMICO_NK,ID_CURSO_ACADEMICO_COHORTE,ID_EXPEDIENTE_ACADEMICO,ID_PLAN_ESTUDIO,ID_CENTRO,ID_ALUMNO,ID_TIPO_ACCESO,ID_SEXO,ID_RANGO_CREDITOS_MATRICULADOS,ID_RANGO_CREDITOS_SUPERADOS,ID_CURSO_ACAD_GRADUACION,ID_CURSO_ACAD_ABANDONO,ID_CURSO_ACAD_TRASLADO,ID_RANGO_CALIFICACION_FINAL,ID_TIPO_ABANDONO,EDAD_INGRESO,DURACION,CREDITOS_NECESARIOS,CREDITOS_MATRICULADOS,CREDITOS_SUPERADOS,CREDITOS_PRESENTADOS,CREDITOS_SUSPENDIDOS,CREDITOS_RECONOCIDOS,CREDITOS_TRANSFERIDOS,GRADUADO,TRASLADO,INGRESO,FLG_NUEVO_INGRESO,FLG_ABANDONO_INICIAL,FLG_GRADUADO_EN_TIEMPO,FECHA_CARGA,SN_GRADUADO_EN_TIEMPO,NOTA_ADMISION,ABANDONO_GENERICO,ABANDONO_OFICIAL,FLG_PLAN_OFICIAL,FLG_TASA_ABANDONO,FLG_TASA_GRADUACION,FLG_CALCULO_TASA,ID_ESTUDIO_PREVIO,ID_PAIS_NACIONALIDAD,ID_POBLACION_FAMILIAR,ID_ESTUDIO,ID_CENTRO_INICIO,FLG_TRASLADO_MISMO_ESTUDIO,ID_FECHA_CARGA,ID_TIPO_ESTUDIO,ID_TIPO_CENTRO,ID_CAMPUS_CENTRO,ID_RAMA_CONOCIMIENTO,ID_POBLACION_CENTRO,ID_PERSONA_NIP_NK,CURSOS_MATRICULADOS,CURSO_MAS_ALTO_MATRICULADO,CURSOS_EXTRA_GRADUACION,CALIFICACION_FINAL,SN_ABANDONO_INICIAL,SN_GRADUADO,SN_ABANDONO_OFICIAL,ID_PAIS_FAMILIAR,ID_PAIS_FAMILIAR_NK,ID_EDAD_EST,FLG_GRADUADO_IDONEO,SN_GRADUADO_IDONEO,FLG_MULTIPLE_TITULACION,SN_MULTIPLE_TITULACION,FLG_C_ABANDONOINI,FLG_C_ABANDONO,FLG_C_IDONEIDAD,FLG_C_GRADUACION,FE_C_ABANDONOINI,FE_C_ABANDONO,FE_C_IDONEIDAD,FE_C_GRADUACION,FECHA_ACTUAL
2016,300001,20160,300001,40,39,89,8,1,4,3,0,0,20170,0,6,57,4,359.0,408.0,376.0,385.0,9.0,2.0,17.0,0,1,1,1,0,0,2025-06-03,N,9.89,0,0,1,0,0,1,2,1,438,58,12,0,20250603,2,2,8,5,485,7749299,1,5,0,0.0,N,N,N,87,MWI,2,0,N,1,S,0,0,0,1,,,,2021-01-14,2021-03-07
2016,300002,20160,300002,44,47,69,9,1,5,1,0,0,20240,0,7,24,6,337.0,376.0,355.0,368.0,13.0,7.0,15.0,0,1,1,0,0,0,2025-06-03,N,6.86,0,0,0,0,0,1,10,49,338,53,39,0,20250603,3,1,2,2,483,22083803,4,6,0,0.0,N,N,N,85,NER,5,0,N,1,S,0,0,0,1,,,,2023-05-09,2022-02-15
2022,300003,20220,300003,8,33,23,8,2,5,3,0,0,20230,0,3,28,6,324.0,334.0,329.0,352.0,23.0,11.0,20.0,0,1,1,1,0,0,2025-06-03,N,11.89,0,0,0,0,0,1,8,4,190,33,3,1,20250603,2,5,6,11,184,21436829,3,3,0,0.0,N,N,N,34,AUS,5,0,N,1,S,0,0,1,1,,,2022-05-05,2020-03-12,2022-08-13
2022,300004,20220,300004,21,16,42,3,1,5,1,20230,0,0,5,3,63,7,343.0,381.0,369.0,374.0,5.0,10.0,14.0,1,0,1,1,0,1,2025-06-03,S,8.95,0,0,0,0,1,1,1,60,335,27,48,0,20250603,3,3,5,5,296,50147077,4,6,0,8.7,N,S,N,44,YEM,10,1,S,1,S,0,0,0,1,,,,2023-07-14,2022-03-25
2013,300005,20130,300005,85,32,29,14,1,3,5,20180,0,0,5,2,28,2,259.0,267.0,261.0,283.0,22.0,18.0,19.0,1,0,1,1,0,1,2025-06-03,S,10.67,0,0,0,0,1,0,9,90,261,20,20,0,20250603,6,3,1,9,259,92649206,1,4,0,5.63,N,S,N,51,AND,4,1,S,1,S,1,1,0,0,2021-03-24,2022-10-08,,,2023-01-02
2011,300006,20110,300006,48,4,96,13,2,4,4,0,0,20140,0,3,38,6,236.0,275.0,247.0,257.0,10.0,14.0,20.0,0,1,1,1,0,0,2025-06-03,N,8.22,0,0,0,0,0,0,10,69,244,32,42,0,20250603,5,2,9,7,337,53143336,6,5,0,0.0,N,N,N,13,MCO,8,0,N,0,N,1,0,0,1,2020-12-28,,,2020-01-14,2020-11-24
2018,300007,20180,300007,80,32,61,8,1,3,2,20240,0,0,2,5,23,2,183.0,195.0,187.0,213.0,26.0,2.0,9.0,1,0,1,0,0,1,2025-06-03,S,10.15,0,0,1,0,1,1,10,46,353,2,49,0,20250603,1,5,8,8,147,15060409,2,6,0,6.54,N,S,N,13,MCO,7,1,S,0,N,0,1,1,1,,2022-06-20,2022-10-11,2021-04-23,2022-12-26
2017,300008,20170,300008,44,13,61,6,1,2,4,20200,0,0,1,1,45,3,301.0,360.0,308.0,337.0,29.0,13.0,19.0,1,0,1,1,0,1,2025-06-03,S,12.65,0,0,0,0,1,0,3,57,82,24,17,0,20250603,5,4,5,12,211,15060409,3,4,0,9.88,N,S,N,65,KOR,1,1,S,1,S,1,1,1,0,2023-08-09,2021-02-11,2023-08-08,,2021-02-22
2010,300009,20100,300009,89,4,39,8,1,4,1,20120,0,0,5,6,36,5,246.0,271.0,259.0,270.0,11.0,25.0,3.0,1,0,1,0,0,0,2025-06-03,N,8.09,0,0,0,0,1,0,7,78,382,49,45,0,20250603,5,7,2,1,65,20560218,5,5,1,9.89,N,S,N,22,FIN,3,0,N,0,N,1,0,1,1,2023-10-13,,2020-05-23,2022-03-05,2020-02-01
2018,300010,20180,300010,34,13,19,12,1,4,5,0,0,0,0,2,23,6,323.0,342.0,286.0,315.0,29.0,21.0,13.0,0,0,1,0,0,0,2025-06-03,N,5.96,0,0,1,0,0,0,8,24,492,81,39,0,20250603,4,6,4,2,163,89628735,3,5,0,0.0,N,N,N,87,MWI,10,0,N,1,S,1,1,0,1,2021-01-09,2021-01-01,,2022-02-25,2022-12-16
2010,300011,20100,300011,52,21,54,3,2,3,5,0,0,0,0,4,62,1,185.0,215.0,177.0,199.0,22.0,1.0,3.0,0,0,1,0,0,0,2025-06-03,N,8.67,0,0,1,0,0,0,5,49,291,27,47,0,20250603,5,7,7,2,252,70532309,6,4,0,0.0,N,N,N,7,AUT,8,0,N,0,N,0,0,1,1,,,2021-01-15,2020-04-09,2023-08-11
2011,300012,20110,300012,77,41,10,5,1,3,3,20170,0,0,4,4,19,1,276.0,334.0,282.0,284.0,2.0,27.0,15.0,1,0,1,0,0,1,2025-06-03,S,9.8,0,0,0,0,1,1,7,23,232,48,34,0,20250603,10,1,3,4,247,97023650,4,3,0,6.28,N,S,N,6,UKR,8,1,S,0,N,1,0,1,1,2020-02-04,,2022-05-17,2020-11-21,2020-05-03
2013,300013,20130,300013,25,20,68,3,1,3,2,20160,0,0,5,1,33,8,355.0,364.0,359.0,371.0,12.0,22.0,5.0,1,0,1,0,0,0,2025-06-03,N,7.25,0,0,1,0,1,0,5,90,222,99,49,0,20250603,7,1,10,5,191,20112846,5,5,1,9.97,N,S,N,72,GNB,1,0,N,1,S,1,1,1,0,2022-11-22,2020-12-17,2023-01-03,,2020-04-16
2011,300014,20110,300014,12,34,75,10,2,1,1,20180,0,0,3,7,19,1,254.0,275.0,264.0,264.0,0.0,14.0,6.0,1,0,1,0,0,0,2025-06-03,N,7.08,0,0,1,0,1,1,8,4,56,13,37,0,20250603,10,2,5,7,289,27568520,6,2,2,8.1,N,S,N,57,MLI,9,0,N,0,N,0,1,0,0,,2021-08-10,,,2021-06-28
2010,300015,20100,300015,80,31,13,4,2,3,2,0,0,0,0,1,54,1,339.0,351.0,306.0,334.0,28.0,10.0,6.0,0,0,1,0,0,0,2025-06-03,N,13.37,0,0,0,0,0,1,2,35,407,67,11,0,20250603,5,5,7,13,49,35105069,3,1,0,0.0,N,N,N,71,LSO,1,0,N,1,S,1,0,0,0,2021-09-09,,,,2020-01-07
2019,300016,20190,300016,46,9,49,10,1,5,1,0,0,20220,0,5,64,6,273.0,295.0,216.0,237.0,21.0,5.0,11.0,0,1,1,1,0,0,2025-06-03,N,11.26,0,0,0,0,0,1,3,75,14,61,17,1,20250603,6,2,4,4,207,29314711,6,6,0,0.0,N,N,N,18,ZAF,5,0,N,1,S,0,0,1,1,,,2021-02-10,2022-06-13,2023-07-12
2019,300017,20190,300017,95,6,86,5,1,3,3,0,0,20220,0,1,20,5,214.0,236.0,183.0,185.0,2.0,5.0,2.0,0,1,1,0,0,0,2025-06-03,N,11.67,0,0,1,0,0,1,5,95,303,72,30,0,20250603,7,6,1,11,415,55757342,5,2,0,0.0,N,N,N,24,BLZ,7,0,N,0,N,0,1,0,0,,2020-07-19,,,2022-02-06
2022,300018,20220,300018,78,45,2,3,1,4,3,20230,0,0,2,5,52,8,302.0,327.0,319.0,332.0,13.0,26.0,1.0,1,0,1,1,0,0,2025-06-03,N,11.89,0,0,0,0,1,1,9,35,62,89,19,0,20250603,8,5,10,12,283,35002007,5,5,1,9.82,N,S,N,49,BIH,6,0,N,0,N,1,1,1,0,2021-01-13,2023-06-19,2022-07-20,,2021-11-18
2013,300019,20130,300019,65,14,99,7,2,1,3,0,0,0,0,2,29,2,299.0,303.0,255.0,265.0,10.0,0.0,12.0,0,0,1,0,0,0,2025-06-03,N,13.63,0,0,1,0,0,0,6,79,186,1,25,0,20250603,7,7,10,12,296,29246218,4,6,0,0.0,N,N,N,70,BRN,7,0,N,1,S,1,1,1,1,2022-11-18,2021-11-21,2020-05-09,2021-10-14,2021-07-05
2012,300020,20120,300020,43,26,14,3,2,4,5,20210,0,0,3,5,48,4,308.0,319.0,315.0,327.0,12.0,23.0,20.0,1,0,1,1,0,1,2025-06-03,S,5.32,0,0,1,0,1,0,1,32,490,40,47,0,20250603,3,7,2,13,306,87735896,1,2,0,5.43,N,S,N,37,SLB,5,1,S,0,N,0,0,0,1,,,,2020-01-11,2021-05-18
2011,300021,20110,300021,25,12,44,3,2,4,3,20190,0,0,4,3,56,5,334.0,345.0,344.0,372.0,28.0,21.0,12.0,1,0,1,0,0,1,2025-06-03,S,13.49,0,0,0,0,1,0,8,94,10,46,37,0,20250603,1,5,1,15,468,94212889,3,3,0,8.2,N,S,N,50,NZL,5,1,S,0,N,0,0,1,0,,,2021-06-03,,2023-10-18
2013,300022,20130,300022,82,7,53,13,2,5,4,0,0,20230,0,2,18,2,213.0,231.0,202.0,229.0,27.0,9.0,18.0,0,1,1,0,0,0,2025-06-03,N,9.06,0,0,0,0,0,1,10,67,142,27,10,0,20250603,9,5,4,11,455,10988446,2,6,0,0.0,N,N,N,23,GTM,9,0,N,0,N,1,1,0,0,2022-01-15,2021-09-23,,,2021-05-07
2021,300023,20210,300023,16,29,35,14,1,4,5,20220,0,0,3,4,21,5,293.0,342.0,305.0,309.0,4.0,26.0,12.0,1,0,1,1,0,0,2025-06-03,N,13.77,0,0,1,0,1,1,10,67,39,74,3,0,20250603,10,1,8,7,158,29641883,5,5,1,7.21,N,S,N,50,NZL,10,0,N,1,S,0,0,1,0,,,2022-05-08,,2022-08-22
2010,300024,20100,300024,19,33,60,9,2,4,4,0,0,0,0,3,27,3,333.0,357.0,318.0,318.0,0.0,26.0,16.0,0,0,1,0,0,0,2025-06-03,N,8.07,0,0,0,0,0,1,9,7,448,35,42,0,20250603,5,8,7,12,2,75721444,3,6,0,0.0,N,N,N,13,MCO,3,0,N,0,N,1,1,0,0,2022-10-13,2021-03-18,,,2022-03-10
2020,300025,20200,300025,28,48,58,15,1,2,5,20240,0,0,3,2,57,1,342.0,344.0,344.0,351.0,7.0,24.0,0.0,1,0,1,1,0,1,2025-06-03,S,7.56,0,0,1,0,1,0,6,24,499,30,15,0,20250603,5,5,8,4,403,48557943,2,1,0,7.66,N,S,N,57,MLI,3,1,S,0,N,0,1,0,1,,2023-02-15,,2022-05-10,2021-08-07
2022,300026,20220,300026,7,27,12,12,1,4,4,20230,0,0,3,5,41,3,261.0,306.0,278.0,278.0,0.0,24.0,13.0,1,0,1,1,0,1,2025-06-03,S,10.18,0,0,0,0,1,0,9,60,31,60,26,0,20250603,9,2,6,14,145,1534878,1,3,0,6.2,N,S,N,16,BLR,4,1,S,0,N,0,1,0,1,,2021-02-19,,2021-01-12,2021-12-04
2020,300027,20200,300027,93,26,56,15,1,2,3,20210,0,0,1,4,34,3,281.0,323.0,318.0,340.0,22.0,12.0,15.0,1,0,1,1,0,1,2025-06-03,S,7.21,0,0,1,0,1,1,4,75,148,2,49,0,20250603,10,1,1,12,441,70890196,4,4,0,7.69,N,S,N,90,TTO,8,1,S,0,N,1,1,1,1,2023-07-26,2020-11-10,2021-07-24,2023-04-14,2020-02-18
2019,300028,20190,300028,10,19,38,12,2,1,4,0,0,20220,0,5,17,3,205.0,254.0,242.0,263.0,21.0,28.0,17.0,0,1,1,0,0,0,2025-06-03,N,13.59,0,0,1,0,0,1,10,75,198,90,6,1,20250603,8,5,1,2,192,64180488,4,2,0,0.0,N,N,N,68,GRC,1,0,N,1,S,1,1,0,1,2022-02-11,2022-02-24,,2022-06-03,2020-01-01
2011,300029,20110,300029,26,21,31,15,1,1,2,20140,0,0,4,1,55,7,185.0,192.0,187.0,187.0,0.0,4.0,17.0,1,0,1,1,0,1,2025-06-03,S,7.05,0,0,0,0,1,1,9,58,31,32,1,0,20250603,2,5,7,4,368,85726382,2,3,0,5.13,N,S,N,13,MCO,3,1,S,1,S,1,1,1,0,2023-05-25,2021-01-13,2023-12-25,,2023-11-27
2011,300030,20110,300030,23,33,30,7,2,5,2,20210,0,0,3,3,43,8,277.0,335.0,288.0,304.0,16.0,28.0,7.0,1,0,1,1,0,1,2025-06-03,S,9.83,0,0,0,0,1,1,2,15,213,99,4,0,20250603,5,6,6,12,336,15759274,3,3,0,6.81,N,S,N,81,EGY,9,1,S,0,N,1,0,1,1,2023-03-27,,2021-03-26,2023-05-03,2023-11-10
2010,300031,20100,300031,4,9,25,6,1,3,1,20190,0,0,4,5,63,3,292.0,342.0,320.0,325.0,5.0,4.0,9.0,1,0,1,1,0,1,2025-06-03,S,10.78,0,0,0,0,1,1,5,56,422,88,24,0,20250603,10,7,1,13,332,92083242,2,5,0,7.61,N,S,N,71,LSO,9,1,S,0,N,0,0,0,1,,,,2022-09-16,2022-02-01
2018,300032,20180,300032,79,32,38,8,2,5,2,0,0,0,0,7,20,8,182.0,221.0,206.0,234.0,28.0,3.0,17.0,0,0,1,1,0,0,2025-06-03,N,11.16,0,0,0,0,0,1,1,28,146,94,36,0,20250603,7,5,8,13,364,64180488,3,6,0,0.0,N,N,N,76,COM,4,0,N,1,S,0,0,0,0,,,,,2022-03-09
2023,300033,20230,300033,85,49,33,2,1,4,4,20240,0,0,1,3,26,2,322.0,365.0,355.0,360.0,5.0,12.0,19.0,1,0,1,1,0,1,2025-06-03,S,6.26,0,0,1,0,1,0,4,7,172,83,44,0,20250603,6,1,5,13,308,49330907,4,1,0,5.87,N,S,N,47,PRT,5,1,S,0,N,1,1,1,0,2021-08-09,2023-12-17,2022-11-07,,2022-01-14
2019,300034,20190,300034,92,33,73,13,2,3,5,20220,0,0,2,1,50,1,327.0,368.0,368.0,381.0,13.0,7.0,1.0,1,0,1,1,0,0,2025-06-03,N,12.32,0,0,0,0,1,0,3,15,4,83,22,0,20250603,7,5,9,14,371,15601471,5,5,1,6.64,N,S,N,26,MNG,4,0,N,1,S,1,0,1,1,2021-01-16,,2020-04-01,2020-11-27,2021-05-10
2022,300035,20220,300035,90,4,89,14,1,3,4,20230,0,0,4,3,29,4,206.0,244.0,228.0,249.0,21.0,2.0,9.0,1,0,1,1,0,1,2025-06-03,S,8.29,0,0,0,0,1,0,3,20,334,26,19,0,20250603,6,5,4,7,97,7749299,1,5,0,9.55,N,S,N,50,NZL,7,1,S,1,S,1,0,0,0,2023-06-24,,,,2022-06-22
2021,300036,20210,300036,62,4,52,14,2,3,3,0,20230,0,0,6,55,8,327.0,371.0,347.0,373.0,26.0,28.0,19.0,0,0,1,1,0,0,2025-06-03,N,8.88,1,1,1,1,0,1,7,23,221,71,43,0,20250603,8,8,10,10,52,79968863,5,5,0,0.0,N,N,S,80,ETH,5,0,N,1,S,1,1,0,1,2022-12-23,2023-09-02,,2020-01-09,2022-10-15
2011,300037,20110,300037,78,8,75,11,2,2,2,0,20150,0,0,2,41,8,296.0,344.0,305.0,315.0,10.0,23.0,17.0,0,0,1,0,0,0,2025-06-03,N,8.7,1,0,1,1,0,1,4,9,257,69,34,0,20250603,4,5,9,5,104,27568520,3,4,0,0.0,N,N,N,86,BHR,7,0,N,1,S,1,0,0,0,2022-07-14,,,,2021-06-26
2011,300038,20110,300038,81,32,89,7,1,4,5,20140,0,0,3,2,49,1,213.0,231.0,218.0,229.0,11.0,0.0,2.0,1,0,1,1,0,0,2025-06-03,N,12.78,0,0,1,0,1,0,1,9,391,91,44,0,20250603,3,6,8,1,278,7749299,6,2,2,6.52,N,S,N,73,GHA,6,0,N,1,S,0,0,1,1,,,2021-01-26,2022-02-08,2021-05-26
2020,300039,20200,300039,2,21,92,11,1,1,2,0,0,0,0,1,36,1,242.0,252.0,186.0,195.0,9.0,30.0,3.0,0,0,1,0,0,0,2025-06-03,N,8.88,0,0,0,0,0,0,1,76,163,88,29,0,20250603,10,3,6,8,20,90297353,3,3,0,0.0,N,N,N,40,TUV,1,0,N,0,N,1,1,1,1,2021-05-07,2023-02-13,2023-07-05,2020-07-20,2023-09-12
2019,300040,20190,300040,74,34,69,8,1,3,3,0,20240,0,0,4,21,5,250.0,264.0,227.0,247.0,20.0,5.0,3.0,0,0,1,0,0,0,2025-06-03,N,11.3,1,0,1,1,0,0,3,89,360,17,5,0,20250603,3,4,1,13,229,22083803,6,2,0,0.0,N,N,N,77,NGA,8,0,N,0,N,1,1,0,0,2020-09-06,2021-08-03,,,2021-08-03
2020,300041,20200,300041,76,8,15,5,2,5,1,20210,0,0,3,2,31,6,235.0,248.0,239.0,258.0,19.0,18.0,13.0,1,0,1,1,0,1,2025-06-03,S,11.06,0,0,1,0,1,1,8,29,289,40,40,0,20250603,3,2,6,8,266,48258264,4,1,0,8.55,N,S,N,59,BRA,4,1,S,0,N,1,0,1,1,2023-02-17,,2020-03-04,2022-09-26,2023-05-04
2021,300042,20210,300042,78,10,62,12,2,1,1,20230,0,0,2,5,27,5,202.0,254.0,206.0,208.0,2.0,13.0,15.0,1,0,1,1,0,0,2025-06-03,N,8.75,0,0,0,0,1,1,10,87,127,86,8,0,20250603,9,7,1,4,483,8289024,5,6,1,9.02,N,S,N,85,NER,5,0,N,1,S,0,0,1,1,,,2022-12-24,2021-05-26,2020-12-19
2018,300043,20180,300043,64,12,23,12,2,4,1,0,0,0,0,1,43,7,244.0,272.0,258.0,265.0,7.0,5.0,8.0,0,0,1,0,0,0,2025-06-03,N,5.02,0,0,0,0,0,1,3,54,407,13,33,0,20250603,3,5,8,4,88,21436829,2,3,0,0.0,N,N,N,9,ARG,10,0,N,0,N,1,0,1,1,2021-12-09,,2023-05-19,2021-09-12,2022-12-10
2023,300044,20230,300044,31,36,7,3,2,3,4,20240,0,0,1,3,53,2,230.0,249.0,249.0,254.0,5.0,19.0,3.0,1,0,1,1,0,0,2025-06-03,N,12.14,0,0,0,0,1,1,4,56,94,88,26,0,20250603,8,1,8,8,76,44241559,6,2,2,9.62,N,S,N,46,MDV,7,0,N,1,S,0,1,0,0,,2023-09-13,,,2022-09-15
2014,300045,20140,300045,90,5,78,11,2,1,4,20230,0,0,2,4,35,7,312.0,351.0,323.0,345.0,22.0,0.0,12.0,1,0,1,1,0,1,2025-06-03,S,8.82,0,0,0,0,1,0,2,8,149,47,16,0,20250603,1,8,3,15,328,65609379,1,2,0,9.13,N,S,N,33,LBR,8,1,S,1,S,1,0,1,1,2021-07-03,,2022-09-10,2022-07-10,2022-06-19
2022,300046,20220,300046,69,34,5,8,2,3,1,0,0,20240,0,4,44,4,286.0,319.0,270.0,295.0,25.0,15.0,9.0,0,1,1,0,0,0,2025-06-03,N,7.92,0,0,0,0,0,0,8,99,406,1,48,0,20250603,4,4,1,13,30,59959826,1,6,0,0.0,N,N,N,63,UZB,7,0,N,0,N,1,0,0,0,2021-04-19,,,,2020-05-03
2013,300047,20130,300047,81,47,58,4,1,5,4,0,0,0,0,7,42,5,240.0,270.0,187.0,204.0,17.0,1.0,15.0,0,0,1,0,0,0,2025-06-03,N,10.04,0,0,0,0,0,0,3,63,452,94,37,0,20250603,5,1,3,1,189,48557943,5,6,0,0.0,N,N,N,72,GNB,4,0,N,0,N,0,1,0,1,,2021-02-14,,2021-05-02,2021-10-25
2019,300048,20190,300048,93,8,47,9,2,5,2,0,0,20230,0,4,25,3,222.0,281.0,168.0,198.0,30.0,10.0,0.0,0,1,1,0,0,0,2025-06-03,N,8.34,0,0,1,0,0,0,5,68,327,12,18,0,20250603,5,5,2,8,157,72144402,6,6,0,0.0,N,N,N,17,URY,4,0,N,1,S,0,1,0,1,,2021-07-09,,2021-06-04,2020-06-02
2011,300049,20110,300049,100,21,21,15,1,5,5,0,20200,0,0,7,34,7,255.0,297.0,242.0,244.0,2.0,25.0,18.0,0,0,1,1,0,0,2025-06-03,N,10.65,1,1,0,1,0,1,1,65,359,23,19,0,20250603,8,2,1,15,496,62464258,5,3,0,0.0,N,N,S,83,BEL,5,0,N,0,N,1,0,1,1,2020-12-09,,2020-02-16,2020-06-19,2021-07-14
2023,300050,20230,300050,53,26,55,4,2,5,1,20240,0,0,5,6,26,2,288.0,301.0,293.0,293.0,0.0,23.0,4.0,1,0,1,0,0,1,2025-06-03,S,12.06,0,0,0,0,1,1,7,27,89,45,41,0,20250603,4,5,1,15,405,59961498,2,4,0,5.37,N,S,N,71,LSO,2,1,S,1,S,1,1,0,0,2020-05-12,2021-03-24,,,2021-08-24
2018,300051,20180,300051,27,12,19,1,1,1,2,0,0,0,0,5,27,1,293.0,321.0,274.0,275.0,1.0,21.0,2.0,0,0,1,0,0,0,2025-06-03,N,11.99,0,0,1,0,0,0,7,65,315,23,39,0,20250603,7,1,7,1,241,89628735,4,3,0,0.0,N,N,N,40,TUV,1,0,N,0,N,0,1,1,0,,2021-05-08,2020-01-18,,2022-08-17
2012,300052,20120,300052,62,6,98,13,1,2,4,0,0,20170,0,4,44,4,346.0,386.0,327.0,352.0,25.0,20.0,11.0,0,1,1,1,0,0,2025-06-03,N,5.49,0,0,1,0,0,0,9,32,410,7,38,1,20250603,3,8,2,10,498,404729,1,6,0,0.0,N,N,N,46,MDV,8,0,N,1,S,0,1,1,1,,2020-07-28,2021-09-23,2023-08-02,2022-01-16
2016,300053,20160,300053,7,7,32,14,2,3,2,20210,0,0,5,1,26,6,225.0,247.0,232.0,240.0,8.0,16.0,12.0,1,0,1,1,0,1,2025-06-03,S,6.75,0,0,0,0,1,0,10,56,370,52,44,0,20250603,8,8,5,9,363,39599276,4,6,0,7.92,N,S,N,39,HUN,3,1,S,1,S,1,1,0,0,2023-08-15,2022-02-07,,,2021-02-16
2023,300054,20230,300054,28,45,12,3,1,1,4,0,0,20240,0,2,51,5,197.0,248.0,191.0,212.0,21.0,22.0,1.0,0,1,1,1,0,0,2025-06-03,N,8.24,0,0,1,0,0,1,10,82,375,98,41,0,20250603,10,2,4,9,60,1534878,4,6,0,0.0,N,N,N,77,NGA,6,0,N,1,S,1,0,0,0,2021-07-17,,,,2023-05-05
2020,300055,20200,300055,19,1,7,2,2,3,3,0,0,20230,0,3,41,3,326.0,329.0,295.0,302.0,7.0,25.0,9.0,0,1,1,0,0,0,2025-06-03,N,10.99,0,0,0,0,0,1,10,15,347,19,18,0,20250603,2,5,8,1,421,44241559,2,4,0,0.0,N,N,N,87,MWI,9,0,N,1,S,0,1,0,1,,2020-04-22,,2022-07-23,2021-05-27
2020,300056,20200,300056,27,5,97,15,2,1,5,0,20210,0,0,7,23,2,271.0,316.0,214.0,219.0,5.0,8.0,7.0,0,0,1,1,0,0,2025-06-03,N,7.61,1,0,1,1,0,1,7,42,128,95,13,0,20250603,1,7,6,5,74,34152669,3,1,0,0.0,N,N,N,34,AUS,2,0,N,0,N,0,1,1,0,,2020-11-03,2022-01-16,,2021-05-31
2011,300057,20110,300057,95,36,54,10,2,5,4,0,0,20230,0,3,42,2,245.0,246.0,215.0,225.0,10.0,12.0,12.0,0,1,1,0,0,0,2025-06-03,N,13.81,0,0,0,0,0,1,3,55,99,78,2,1,20250603,7,5,8,4,470,70532309,1,2,0,0.0,N,N,N,92,ERI,4,0,N,0,N,0,0,1,0,,,2020-04-09,,2021-06-17
2019,300058,20190,300058,22,38,83,2,2,3,1,20210,0,0,2,7,63,7,315.0,365.0,350.0,364.0,14.0,0.0,6.0,1,0,1,0,0,1,2025-06-03,S,13.64,0,0,1,0,1,1,8,21,490,70,38,0,20250603,10,7,2,7,181,60858653,2,4,0,6.09,N,S,N,80,ETH,9,1,S,1,S,0,1,1,1,,2023-01-08,2021-02-26,2022-01-20,2023-08-09
2023,300059,20230,300059,86,34,14,5,2,2,5,20240,0,0,3,5,19,4,181.0,224.0,195.0,210.0,15.0,15.0,15.0,1,0,1,0,0,1,2025-06-03,S,8.05,0,0,0,0,1,0,3,26,119,45,41,0,20250603,7,4,10,11,152,87735896,4,3,0,7.7,N,S,N,70,BRN,8,1,S,1,S,1,1,1,1,2021-09-09,2022-03-21,2023-11-21,2021-11-03,2020-04-21
2014,300060,20140,300060,16,33,65,11,2,2,5,0,0,20220,0,7,61,7,358.0,415.0,302.0,309.0,7.0,0.0,15.0,0,1,1,1,0,0,2025-06-03,N,13.72,0,0,0,0,0,0,8,97,40,58,13,0,20250603,1,4,10,3,62,27133023,3,2,0,0.0,N,N,N,85,NER,3,0,N,0,N,1,0,1,1,2021-09-26,,2021-10-05,2023-04-06,2022-12-30
2020,300061,20200,300061,18,29,3,7,1,5,3,20240,0,0,5,5,19,3,249.0,279.0,264.0,289.0,25.0,2.0,11.0,1,0,1,0,0,1,2025-06-03,S,6.08,0,0,0,0,1,0,4,65,392,29,33,0,20250603,5,6,3,10,315,51482483,1,2,0,9.0,N,S,N,2,COG,6,1,S,1,S,0,1,0,0,,2022-06-18,,,2021-11-21
2013,300062,20130,300062,73,18,65,8,2,3,3,0,0,20160,0,5,52,5,289.0,344.0,276.0,306.0,30.0,20.0,1.0,0,1,1,1,0,0,2025-06-03,N,7.25,0,0,0,0,0,1,2,33,472,71,38,0,20250603,5,4,7,12,286,27133023,4,4,0,0.0,N,N,N,59,BRA,9,0,N,1,S,0,0,0,1,,,,2020-10-23,2020-08-10
2014,300063,20140,300063,79,7,52,2,2,5,5,20230,0,0,1,5,57,1,232.0,287.0,239.0,257.0,18.0,28.0,4.0,1,0,1,0,0,0,2025-06-03,N,5.93,0,0,0,0,1,0,10,56,395,92,17,0,20250603,4,1,5,1,250,79968863,5,2,1,7.27,N,S,N,68,GRC,10,0,N,0,N,1,1,1,1,2021-01-23,2022-03-28,2020-12-13,2022-10-07,2020-02-03
2023,300064,20230,300064,81,43,93,9,1,1,2,20240,0,0,5,1,62,5,345.0,355.0,354.0,362.0,8.0,4.0,18.0,1,0,1,1,0,1,2025-06-03,S,13.19,0,0,1,0,1,0,2,95,349,58,3,0,20250603,7,8,2,6,300,41361818,2,1,0,8.83,N,S,N,61,CHN,10,1,S,1,S,0,0,0,0,,,,,2021-10-17
2023,300065,20230,300065,95,14,88,12,1,5,5,20240,0,0,3,4,29,1,231.0,262.0,262.0,289.0,27.0,26.0,10.0,1,0,1,1,0,0,2025-06-03,N,12.17,0,0,0,0,1,1,4,53,334,62,18,0,20250603,8,4,1,4,70,75686878,6,6,2,8.88,N,S,N,26,MNG,6,0,N,1,S,0,1,1,1,,2022-10-23,2022-10-14,2020-02-09,2020-01-11
2016,300066,20160,300066,1,4,5,12,2,1,2,20170,0,0,1,2,26,3,261.0,305.0,287.0,307.0,20.0,29.0,9.0,1,0,1,1,0,0,2025-06-03,N,12.0,0,0,1,0,1,0,3,44,190,55,27,0,20250603,5,1,4,14,284,59959826,6,3,2,5.69,N,S,N,50,NZL,9,0,N,1,S,1,1,0,1,2020-07-11,2021-09-02,,2023-08-08,2021-10-30
2016,300067,20160,300067,18,26,6,14,1,4,4,0,0,20230,0,5,55,6,321.0,365.0,298.0,317.0,19.0,10.0,7.0,0,1,1,0,0,0,2025-06-03,N,6.66,0,0,0,0,0,1,4,80,480,89,18,0,20250603,10,5,1,10,182,35835371,6,2,0,0.0,N,N,N,28,KAZ,8,0,N,1,S,1,0,1,0,2023-04-12,,2021-03-26,,2022-08-16
2016,300068,20160,300068,94,15,81,7,2,4,3,20210,0,0,2,1,32,3,182.0,236.0,223.0,246.0,23.0,0.0,12.0,1,0,1,1,0,1,2025-06-03,S,12.55,0,0,1,0,1,0,2,18,266,68,38,0,20250603,2,7,2,3,248,59791674,2,2,0,6.82,N,S,N,89,KEN,6,1,S,1,S,0,1,1,0,,2021-07-03,2020-03-12,,2022-07-16
2011,300069,20110,300069,69,23,15,13,2,2,1,20150,0,0,5,6,36,6,257.0,271.0,258.0,262.0,4.0,6.0,0.0,1,0,1,0,0,1,2025-06-03,S,12.53,0,0,1,0,1,1,9,13,199,48,45,0,20250603,8,5,2,2,360,48258264,2,2,0,5.54,N,S,N,76,COM,8,1,S,0,N,0,0,1,0,,,2022-07-26,,2020-09-13
2010,300070,20100,300070,43,38,95,11,2,4,4,20160,0,0,2,1,48,7,275.0,310.0,293.0,323.0,30.0,15.0,3.0,1,0,1,0,0,1,2025-06-03,S,9.53,0,0,0,0,1,0,8,37,257,72,48,0,20250603,10,5,9,14,483,2921981,2,2,0,6.94,N,S,N,23,GTM,10,1,S,0,N,1,1,1,1,2021-01-13,2022-08-01,2021-03-22,2023-02-19,2022-02-28
2019,300071,20190,300071,29,12,77,7,1,2,2,20200,0,0,5,7,61,8,275.0,289.0,289.0,299.0,10.0,29.0,7.0,1,0,1,1,0,0,2025-06-03,N,13.93,0,0,1,0,1,1,3,4,385,19,40,0,20250603,3,2,3,3,270,78268756,6,4,2,5.25,N,S,N,64,FSM,5,0,N,0,N,1,0,1,0,2023-05-25,,2023-05-09,,2021-02-07
2016,300072,20160,300072,75,5,87,2,1,3,2,20210,0,0,5,4,52,3,188.0,238.0,203.0,213.0,10.0,13.0,6.0,1,0,1,0,0,1,2025-06-03,S,6.92,0,0,0,0,1,1,6,88,189,34,30,0,20250603,3,4,1,2,239,61310453,1,6,0,7.4,N,S,N,95,NLD,1,1,S,0,N,1,1,1,0,2022-04-28,2023-12-23,2021-01-14,,2023-07-13
2011,300073,20110,300073,4,7,74,10,2,5,4,0,0,20180,0,4,50,3,232.0,243.0,243.0,243.0,0.0,11.0,4.0,0,1,1,1,0,0,2025-06-03,N,12.24,0,0,0,0,0,0,4,94,406,74,43,0,20250603,2,8,5,6,403,91307681,3,6,0,0.0,N,N,N,60,RUS,9,0,N,1,S,1,0,0,0,2022-12-08,,,,2022-10-27
2017,300074,20170,300074,60,45,22,2,1,4,2,20240,0,0,4,6,23,3,299.0,324.0,318.0,336.0,18.0,21.0,1.0,1,0,1,1,0,1,2025-06-03,S,11.23,0,0,1,0,1,1,8,100,335,19,49,0,20250603,4,4,3,3,256,41178850,2,1,0,8.3,N,S,N,88,ESP,7,1,S,1,S,1,0,1,0,2022-12-27,,2020-12-15,,2023-06-02
2010,300075,20100,300075,76,43,22,10,1,5,2,20230,0,0,1,6,37,6,321.0,336.0,321.0,335.0,14.0,6.0,7.0,1,0,1,1,0,0,2025-06-03,N,13.67,0,0,1,0,1,0,1,52,334,65,25,0,20250603,3,2,1,14,42,41178850,5,3,1,7.32,N,S,N,47,PRT,7,0,N,0,N,1,0,0,1,2021-09-06,,,2021-06-25,2020-08-19
2022,300076,20220,300076,72,13,90,15,1,3,2,20240,0,0,5,1,34,6,265.0,316.0,316.0,336.0,20.0,19.0,1.0,1,0,1,1,0,1,2025-06-03,S,5.91,0,0,1,0,1,1,1,40,420,31,39,0,20250603,9,4,2,6,134,75000490,2,6,0,9.27,N,S,N,20,TGO,9,1,S,0,N,0,0,0,1,,,,2023-10-01,2023-05-14
2017,300077,20170,300077,10,23,85,9,1,2,4,0,0,0,0,4,36,3,275.0,330.0,299.0,316.0,17.0,16.0,10.0,0,0,1,0,0,0,2025-06-03,N,10.35,0,0,1,0,0,0,10,96,274,38,8,0,20250603,9,3,1,15,157,68886959,3,2,0,0.0,N,N,N,82,PAN,4,0,N,0,N,1,0,0,0,2022-12-05,,,,2021-04-06
2023,300078,20230,300078,24,7,28,1,2,5,2,20240,0,0,2,6,40,6,312.0,340.0,333.0,337.0,4.0,15.0,7.0,1,0,1,0,0,0,2025-06-03,N,6.5,0,0,1,0,1,1,2,95,387,76,24,0,20250603,10,3,7,6,63,41738753,5,6,1,8.63,N,S,N,25,PHL,3,0,N,0,N,0,0,0,0,,,,,2022-10-08
2015,300079,20150,300079,41,24,82,15,2,5,2,20230,0,0,2,2,17,1,282.0,310.0,301.0,313.0,12.0,19.0,9.0,1,0,1,0,0,1,2025-06-03,S,5.08,0,0,0,0,1,0,2,75,387,67,23,0,20250603,4,6,6,9,190,7467311,1,1,0,9.29,N,S,N,58,BGR,9,1,S,1,S,0,0,0,0,,,,,2020-02-06
2015,300080,20150,300080,31,44,11,6,2,2,2,0,0,20230,0,3,62,5,309.0,322.0,283.0,308.0,25.0,15.0,7.0,0,1,1,1,0,0,2025-06-03,N,8.96,0,0,0,0,0,1,10,22,277,69,8,1,20250603,10,2,3,2,129,76890296,4,3,0,0.0,N,N,N,20,TGO,3,0,N,0,N,1,0,0,0,2021-09-01,,,,2023-12-19
2022,300081,20220,300081,53,23,19,12,1,2,2,20240,0,0,4,4,41,2,329.0,361.0,344.0,361.0,17.0,8.0,18.0,1,0,1,1,0,1,2025-06-03,S,12.56,0,0,0,0,1,1,9,24,61,49,45,0,20250603,10,5,9,8,108,89628735,4,1,0,5.07,N,S,N,34,AUS,9,1,S,0,N,1,1,1,0,2020-04-21,2021-06-10,2021-08-03,,2023-05-03
2013,300082,20130,300082,54,35,10,14,1,4,1,20240,0,0,2,3,39,5,224.0,235.0,231.0,254.0,23.0,11.0,2.0,1,0,1,0,0,1,2025-06-03,S,12.17,0,0,1,0,1,0,6,83,418,14,18,0,20250603,3,4,4,4,138,97023650,2,6,0,6.39,N,S,N,74,SRB,8,1,S,1,S,1,0,0,1,2020-12-12,,,2022-01-19,2021-05-25
2023,300083,20230,300083,63,15,15,3,2,2,1,0,0,20240,0,7,60,5,306.0,351.0,253.0,260.0,7.0,9.0,12.0,0,1,1,0,0,0,2025-06-03,N,12.05,0,0,0,0,0,0,6,9,245,17,37,1,20250603,2,4,4,7,475,48258264,4,3,0,0.0,N,N,N,53,KGZ,7,0,N,0,N,0,1,0,1,,2021-08-04,,2021-12-26,2021-05-13
2011,300084,20110,300084,92,5,17,14,1,4,1,20190,0,0,2,2,39,4,292.0,321.0,294.0,322.0,28.0,17.0,6.0,1,0,1,1,0,0,2025-06-03,N,9.97,0,0,0,0,1,1,10,93,64,41,41,0,20250603,5,4,8,7,465,31715995,6,1,2,6.96,N,S,N,65,KOR,2,0,N,0,N,1,1,1,0,2023-01-25,2020-11-05,2023-12-23,,2022-03-17
2023,300085,20230,300085,81,24,46,11,1,2,1,0,0,0,0,1,26,2,275.0,304.0,222.0,226.0,4.0,6.0,13.0,0,0,1,0,0,0,2025-06-03,N,10.37,0,0,0,0,0,1,8,9,182,54,19,0,20250603,1,4,7,14,445,63193474,5,6,0,0.0,N,N,N,85,NER,6,0,N,1,S,0,1,1,0,,2022-08-24,2022-07-05,,2020-05-20
2013,300086,20130,300086,9,17,68,5,1,2,1,0,20170,0,0,6,25,7,333.0,350.0,322.0,351.0,29.0,3.0,20.0,0,0,1,0,0,0,2025-06-03,N,6.74,1,0,0,1,0,1,1,22,138,30,36,0,20250603,5,2,5,13,382,20112846,5,1,0,0.0,N,N,N,52,EST,2,0,N,0,N,1,0,0,0,2020-01-26,,,,2020-04-03
2023,300087,20230,300087,68,31,43,13,2,1,3,0,0,20240,0,7,53,6,356.0,376.0,333.0,349.0,16.0,2.0,18.0,0,1,1,1,0,0,2025-06-03,N,6.49,0,0,0,0,0,1,3,15,113,6,37,0,20250603,9,1,2,3,117,55813853,4,6,0,0.0,N,N,N,40,TUV,9,0,N,0,N,1,0,1,0,2022-02-03,,2021-12-24,,2023-01-26
2021,300088,20210,300088,43,33,70,8,1,5,1,0,0,20240,0,2,39,5,248.0,255.0,219.0,222.0,3.0,18.0,14.0,0,1,1,0,0,0,2025-06-03,N,11.73,0,0,1,0,0,1,4,21,184,1,25,1,20250603,5,6,8,15,422,44039203,3,2,0,0.0,N,N,N,68,GRC,3,0,N,0,N,0,0,0,1,,,,2022-04-02,2023-10-27
2022,300089,20220,300089,52,14,48,7,1,1,1,0,0,20230,0,3,32,1,360.0,375.0,339.0,347.0,8.0,6.0,17.0,0,1,1,0,0,0,2025-06-03,N,11.45,0,0,0,0,0,1,9,5,310,60,25,1,20250603,3,7,4,5,191,89133246,3,3,0,0.0,N,N,N,95,NLD,9,0,N,1,S,0,0,1,1,,,2022-07-06,2022-05-27,2022-03-07
2018,300090,20180,300090,17,20,87,11,1,5,5,20240,0,0,4,1,42,3,358.0,413.0,369.0,377.0,8.0,26.0,8.0,1,0,1,1,0,0,2025-06-03,N,5.8,0,0,1,0,1,0,6,24,308,93,4,0,20250603,9,8,1,2,47,61310453,6,1,2,8.95,N,S,N,44,YEM,3,0,N,0,N,0,0,1,0,,,2022-03-27,,2023-08-27
2014,300091,20140,300091,38,26,51,3,1,2,4,0,20160,0,0,7,17,5,351.0,356.0,292.0,309.0,17.0,30.0,13.0,0,0,1,1,0,0,2025-06-03,N,12.89,1,0,1,1,0,0,3,62,256,87,18,0,20250603,5,4,6,9,488,91313946,5,1,0,0.0,N,N,N,81,EGY,10,0,N,0,N,0,0,0,1,,,,2021-11-02,2023-02-13
2013,300092,20130,300092,82,27,53,12,2,2,3,20210,0,0,5,5,54,1,326.0,344.0,339.0,355.0,16.0,27.0,18.0,1,0,1,0,0,0,2025-06-03,N,10.32,0,0,1,0,1,1,6,52,349,18,33,0,20250603,1,3,1,14,370,10988446,6,5,2,8.42,N,S,N,20,TGO,9,0,N,1,S,1,1,0,0,2021-05-25,2023-09-20,,,2020-04-19
2011,300093,20110,300093,81,5,44,15,2,2,1,0,0,20240,0,1,33,6,193.0,199.0,158.0,179.0,21.0,3.0,4.0,0,1,1,1,0,0,2025-06-03,N,12.2,0,0,1,0,0,0,9,2,492,85,25,0,20250603,4,2,6,7,392,94212889,3,4,0,0.0,N,N,N,23,GTM,1,0,N,0,N,1,1,0,1,2023-01-25,2021-03-24,,2022-01-27,2021-01-13
2023,300094,20230,300094,65,20,85,13,1,3,3,0,20240,0,0,6,61,1,353.0,391.0,323.0,334.0,11.0,30.0,19.0,0,0,1,0,0,0,2025-06-03,N,5.66,1,0,1,1,0,1,6,46,492,90,47,0,20250603,10,6,2,7,156,68886959,5,4,0,0.0,N,N,N,52,EST,3,0,N,1,S,0,0,1,0,,,2023-11-10,,2020-03-15
2015,300095,20150,300095,10,47,81,12,2,2,2,0,20240,0,0,1,34,5,266.0,273.0,271.0,279.0,8.0,11.0,1.0,0,0,1,1,0,0,2025-06-03,N,5.91,1,0,0,1,0,0,10,39,17,18,45,0,20250603,9,8,1,6,330,59791674,4,1,0,0.0,N,N,N,65,KOR,5,0,N,1,S,0,0,0,0,,,,,2021-08-26
2011,300096,20110,300096,92,20,44,3,2,2,1,20180,0,0,4,6,43,5,282.0,335.0,308.0,321.0,13.0,0.0,1.0,1,0,1,0,0,1,2025-06-03,S,9.31,0,0,0,0,1,1,6,46,476,65,32,0,20250603,7,2,4,6,42,94212889,3,5,0,6.53,N,S,N,30,HND,6,1,S,1,S,1,0,1,1,2022-07-24,,2022-02-20,2023-02-16,2020-06-07
2021,300097,20210,300097,24,16,38,1,2,3,2,20230,0,0,1,6,56,1,343.0,377.0,354.0,356.0,2.0,0.0,5.0,1,0,1,0,0,1,2025-06-03,S,9.42,0,0,1,0,1,1,3,59,143,58,19,0,20250603,10,2,2,2,307,64180488,1,1,0,7.81,N,S,N,95,NLD,9,1,S,1,S,0,0,1,0,,,2021-08-21,,2021-12-25
2012,300098,20120,300098,5,10,17,10,1,3,3,0,0,20150,0,2,53,2,201.0,213.0,210.0,237.0,27.0,4.0,13.0,0,1,1,1,0,0,2025-06-03,N,12.95,0,0,0,0,0,1,7,97,472,95,7,1,20250603,9,7,7,2,184,31715995,4,1,0,0.0,N,N,N,44,YEM,3,0,N,0,N,0,0,0,1,,,,2021-06-11,2023-02-24
2015,300099,20150,300099,24,17,18,13,1,1,2,0,0,0,0,5,31,2,202.0,219.0,186.0,197.0,11.0,27.0,9.0,0,0,1,0,0,0,2025-06-03,N,10.89,0,0,0,0,0,0,9,54,373,19,13,0,20250603,9,1,6,13,89,8338186,1,3,0,0.0,N,N,N,80,ETH,8,0,N,1,S,0,0,0,0,,,,,2022-04-29
2010,300100,20100,300100,92,18,65,14,2,4,1,20180,0,0,4,5,25,2,318.0,329.0,327.0,329.0,2.0,0.0,2.0,1,0,1,0,0,0,2025-06-03,N,9.78,0,0,1,0,1,0,7,86,360,93,26,0,20250603,8,6,8,13,392,27133023,5,5,1,6.88,N,S,N,39,HUN,10,0,N,1,S,1,1,0,1,2020-08-06,2022-01-18,,2022-10-25,2022-06-17
2017,300101,20170,300101,1,31,92,5,1,5,2,0,0,0,0,7,58,5,218.0,252.0,200.0,225.0,25.0,16.0,15.0,0,0,1,0,0,0,2025-06-03,N,13.81,0,0,0,0,0,0,9,17,46,59,38,0,20250603,1,2,3,14,235,90297353,3,4,0,0.0,N,N,N,2,COG,1,0,N,1,S,1,0,0,0,2023-09-20,,,,2023-07-01
2019,300102,20190,300102,58,13,51,5,1,3,3,0,0,20220,0,2,64,8,198.0,212.0,141.0,153.0,12.0,19.0,12.0,0,1,1,1,0,0,2025-06-03,N,6.27,0,0,0,0,0,1,9,25,58,58,26,1,20250603,4,4,7,4,276,91313946,4,4,0,0.0,N,N,N,78,GNQ,4,0,N,0,N,1,0,0,0,2020-03-25,,,,2022-11-01
2016,300103,20160,300103,90,22,30,1,2,5,3,20190,0,0,5,6,43,6,193.0,217.0,215.0,230.0,15.0,12.0,4.0,1,0,1,1,0,1,2025-06-03,S,6.37,0,0,1,0,1,0,3,37,351,91,27,0,20250603,10,8,3,11,455,15759274,4,3,0,6.75,N,S,N,38,PAK,9,1,S,0,N,1,1,1,1,2021-09-17,2020-03-22,2022-08-06,2020-04-13,2023-05-14
2011,300104,20110,300104,36,5,30,5,2,2,4,0,0,20150,0,4,29,3,320.0,322.0,264.0,264.0,0.0,8.0,6.0,0,1,1,1,0,0,2025-06-03,N,13.09,0,0,0,0,0,0,4,63,113,70,14,0,20250603,6,4,5,4,401,15759274,4,5,0,0.0,N,N,N,60,RUS,8,0,N,1,S,1,1,0,0,2023-08-23,2023-07-08,,,2021-11-20
2020,300105,20200,300105,11,45,50,11,2,2,3,0,20240,0,0,4,30,8,319.0,377.0,354.0,362.0,8.0,5.0,0.0,0,0,1,1,0,0,2025-06-03,N,10.11,1,0,1,1,0,0,1,1,355,33,38,0,20250603,3,3,8,11,370,33214247,6,4,0,0.0,N,N,N,55,SMR,3,0,N,1,S,0,0,0,0,,,,,2022-02-19
2017,300106,20170,300106,49,32,87,3,1,1,2,0,20210,0,0,7,33,8,222.0,272.0,179.0,209.0,30.0,28.0,17.0,0,0,1,0,0,0,2025-06-03,N,9.69,1,0,1,1,0,1,9,84,240,34,31,0,20250603,5,1,5,14,104,61310453,5,1,0,0.0,N,N,N,73,GHA,9,0,N,0,N,1,1,1,0,2021-10-18,2023-03-03,2021-11-01,,2020-02-14
2010,300107,20100,300107,81,42,51,6,1,2,4,0,0,20200,0,6,58,5,206.0,262.0,229.0,229.0,0.0,9.0,2.0,0,1,1,0,0,0,2025-06-03,N,13.77,0,0,0,0,0,0,5,98,100,19,47,1,20250603,9,3,3,5,428,91313946,1,2,0,0.0,N,N,N,30,HND,3,0,N,0,N,1,0,1,0,2020-06-07,,2021-11-20,,2023-11-08
2016,300108,20160,300108,22,41,100,7,1,5,4,0,0,0,0,4,62,3,297.0,316.0,249.0,250.0,1.0,28.0,0.0,0,0,1,0,0,0,2025-06-03,N,13.64,0,0,1,0,0,0,4,90,476,31,37,0,20250603,7,3,4,6,99,77619624,6,2,0,0.0,N,N,N,100,VUT,10,0,N,1,S,1,1,1,0,2020-06-16,2021-05-16,2020-09-05,,2020-06-30
2022,300109,20220,300109,40,4,95,4,2,4,5,20240,0,0,1,6,38,8,300.0,318.0,303.0,312.0,9.0,10.0,15.0,1,0,1,1,0,1,2025-06-03,S,6.85,0,0,0,0,1,1,9,80,328,86,13,0,20250603,8,6,6,7,30,2921981,1,1,0,8.88,N,S,N,10,VCT,9,1,S,1,S,1,0,0,0,2022-01-08,,,,2020-05-18
2023,300110,20230,300110,62,8,5,6,2,1,2,0,0,0,0,1,57,6,303.0,308.0,260.0,263.0,3.0,19.0,15.0,0,0,1,1,0,0,2025-06-03,N,5.52,0,0,1,0,0,0,3,8,418,60,43,0,20250603,4,3,9,2,270,59959826,3,2,0,0.0,N,N,N,42,SWE,6,0,N,0,N,0,1,1,0,,2021-04-16,2022-07-05,,2020-07-04
2018,300111,20180,300111,29,50,99,8,2,5,5,20210,0,0,3,5,33,2,325.0,341.0,327.0,350.0,23.0,11.0,13.0,1,0,1,1,0,1,2025-06-03,S,9.08,0,0,1,0,1,0,10,55,34,88,6,0,20250603,6,7,5,11,394,29246218,4,2,0,9.55,N,S,N,44,YEM,4,1,S,1,S,1,1,0,0,2021-06-08,2021-01-07,,,2021-07-12
2016,300112,20160,300112,79,17,79,7,1,4,1,0,0,0,0,2,49,1,244.0,256.0,221.0,228.0,7.0,10.0,16.0,0,0,1,1,0,0,2025-06-03,N,6.2,0,0,0,0,0,0,7,89,354,52,36,0,20250603,3,5,4,14,129,12205980,1,4,0,0.0,N,N,N,17,URY,3,0,N,1,S,1,0,1,0,2021-10-19,,2023-08-25,,2021-08-13
2010,300113,20100,300113,40,23,65,15,2,4,3,20120,0,0,2,5,32,1,360.0,380.0,361.0,386.0,25.0,21.0,13.0,1,0,1,1,0,0,2025-06-03,N,8.13,0,0,0,0,1,0,10,40,300,2,6,0,20250603,10,8,1,9,213,27133023,6,2,2,9.96,N,S,N,59,BRA,8,0,N,0,N,1,1,0,1,2021-04-25,2020-08-07,,2022-03-05,2022-07-26
2013,300114,20130,300114,56,16,42,9,1,4,4,20220,0,0,3,4,19,1,281.0,313.0,282.0,292.0,10.0,19.0,20.0,1,0,1,1,0,1,2025-06-03,S,7.89,0,0,0,0,1,0,7,87,301,35,27,0,20250603,9,4,1,4,245,50147077,4,5,0,6.96,N,S,N,65,KOR,1,1,S,1,S,0,1,0,1,,2020-06-16,,2023-05-08,2023-08-20
2011,300115,20110,300115,82,5,28,7,2,3,2,0,0,20230,0,7,32,7,186.0,192.0,190.0,218.0,28.0,3.0,17.0,0,1,1,1,0,0,2025-06-03,N,6.73,0,0,0,0,0,0,1,85,275,33,5,1,20250603,6,4,5,12,79,41738753,1,6,0,0.0,N,N,N,26,MNG,2,0,N,1,S,0,0,0,1,,,,2022-05-10,2020-07-13
2011,300116,20110,300116,86,43,87,10,1,1,3,20240,0,0,5,1,55,4,334.0,370.0,367.0,393.0,26.0,5.0,7.0,1,0,1,0,0,0,2025-06-03,N,7.01,0,0,0,0,1,0,1,72,119,78,41,0,20250603,1,3,2,1,457,61310453,6,1,2,6.25,N,S,N,68,GRC,8,0,N,0,N,1,0,1,1,2022-07-09,,2020-09-12,2023-08-18,2020-09-01
2023,300117,20230,300117,33,45,8,8,2,3,4,0,0,20240,0,3,24,6,352.0,357.0,345.0,373.0,28.0,29.0,18.0,0,1,1,1,0,0,2025-06-03,N,11.93,0,0,1,0,0,0,3,57,75,70,24,1,20250603,2,1,3,13,174,40526484,4,6,0,0.0,N,N,N,69,TZA,3,0,N,0,N,1,1,1,1,2020-10-11,2021-12-03,2023-03-08,2023-12-26,2023-12-12
2013,300118,20130,300118,68,37,87,3,1,2,4,0,0,20220,0,1,19,7,311.0,325.0,253.0,254.0,1.0,6.0,17.0,0,1,1,1,0,0,2025-06-03,N,11.85,0,0,1,0,0,1,4,22,312,87,34,1,20250603,4,2,5,7,441,61310453,3,6,0,0.0,N,N,N,71,LSO,5,0,N,0,N,0,1,1,0,,2022-09-14,2023-11-18,,2022-09-23
2014,300119,20140,300119,37,20,46,8,1,4,4,20240,0,0,1,6,22,3,207.0,214.0,212.0,228.0,16.0,18.0,1.0,1,0,1,0,0,0,2025-06-03,N,5.86,0,0,0,0,1,1,3,9,253,85,13,0,20250603,4,8,10,1,54,63193474,5,4,1,6.47,N,S,N,86,BHR,6,0,N,0,N,0,0,1,1,,,2023-11-02,2021-02-15,2020-12-30
2011,300120,20110,300120,23,47,36,12,2,2,1,20190,0,0,4,1,56,5,316.0,367.0,328.0,330.0,2.0,0.0,20.0,1,0,1,1,0,1,2025-06-03,S,11.85,0,0,1,0,1,0,6,83,198,38,16,0,20250603,4,5,10,4,155,29410942,2,6,0,9.57,N,S,N,56,LIE,6,1,S,0,N,1,1,1,0,2022-12-26,2021-01-27,2022-11-14,,2020-12-03
2012,300121,20120,300121,1,32,48,14,1,3,5,20240,0,0,1,7,62,3,272.0,328.0,316.0,330.0,14.0,11.0,19.0,1,0,1,1,0,1,2025-06-03,S,8.94,0,0,1,0,1,0,5,26,260,42,10,0,20250603,8,7,3,10,154,89133246,3,1,0,7.64,N,S,N,61,CHN,4,1,S,1,S,0,0,0,0,,,,,2023-02-13
2011,300122,20110,300122,82,41,72,13,2,1,4,0,0,0,0,7,48,1,188.0,228.0,210.0,240.0,30.0,8.0,13.0,0,0,1,1,0,0,2025-06-03,N,5.95,0,0,1,0,0,1,4,45,409,2,14,0,20250603,9,3,3,12,188,59302835,2,1,0,0.0,N,N,N,15,CAN,6,0,N,1,S,1,0,1,1,2020-11-03,,2020-08-28,2023-01-06,2023-06-02
2010,300123,20100,300123,68,36,66,10,2,4,4,0,0,20180,0,4,52,4,204.0,260.0,151.0,163.0,12.0,3.0,4.0,0,1,1,1,0,0,2025-06-03,N,13.41,0,0,0,0,0,1,5,44,83,69,33,1,20250603,5,6,5,2,305,76866717,3,2,0,0.0,N,N,N,92,ERI,8,0,N,0,N,1,0,1,0,2022-12-20,,2020-05-06,,2020-10-04
2014,300124,20140,300124,40,19,68,3,1,1,2,20220,0,0,3,6,59,7,196.0,206.0,204.0,212.0,8.0,8.0,12.0,1,0,1,1,0,0,2025-06-03,N,13.87,0,0,0,0,1,1,6,78,448,80,6,0,20250603,7,7,10,7,5,20112846,6,1,2,5.07,N,S,N,42,SWE,1,0,N,1,S,0,1,0,0,,2023-10-17,,,2023-01-30
2014,300125,20140,300125,57,14,58,13,1,5,4,0,0,0,0,7,32,8,337.0,338.0,329.0,331.0,2.0,4.0,0.0,0,0,1,1,0,0,2025-06-03,N,10.77,0,0,0,0,0,1,1,81,343,14,7,0,20250603,8,4,3,4,182,48557943,5,4,0,0.0,N,N,N,69,TZA,7,0,N,0,N,1,1,0,0,2021-02-20,2021-01-03,,,2023-06-27
2010,300126,20100,300126,21,3,99,14,2,5,4,20200,0,0,3,2,62,7,279.0,314.0,307.0,332.0,25.0,28.0,15.0,1,0,1,0,0,1,2025-06-03,S,11.43,0,0,0,0,1,1,6,86,492,87,45,0,20250603,7,8,10,4,417,29246218,1,1,0,7.24,N,S,N,97,GAB,1,1,S,0,N,1,0,0,1,2020-08-10,,,2022-07-08,2021-04-17
2015,300127,20150,300127,91,19,94,12,2,1,5,20220,0,0,4,6,17,7,326.0,375.0,351.0,361.0,10.0,10.0,8.0,1,0,1,1,0,1,2025-06-03,S,6.69,0,0,1,0,1,0,8,4,311,29,14,0,20250603,4,2,10,10,349,97077009,1,1,0,8.14,N,S,N,78,GNQ,1,1,S,0,N,0,1,1,1,,2022-09-24,2022-03-28,2022-07-16,2023-07-04
2019,300128,20190,300128,76,50,90,5,1,2,3,0,0,0,0,3,54,4,224.0,254.0,184.0,184.0,0.0,14.0,5.0,0,0,1,1,0,0,2025-06-03,N,6.93,0,0,1,0,0,1,10,95,413,88,45,0,20250603,7,6,3,3,296,75000490,1,4,0,0.0,N,N,N,61,CHN,3,0,N,0,N,0,1,1,0,,2021-05-17,2021-01-06,,2022-03-02
2022,300129,20220,300129,68,50,18,15,1,3,5,0,0,20240,0,7,40,5,204.0,251.0,246.0,265.0,19.0,3.0,13.0,0,1,1,0,0,0,2025-06-03,N,11.96,0,0,1,0,0,1,9,82,352,35,48,1,20250603,3,5,6,5,161,8338186,6,1,0,0.0,N,N,N,31,MUS,2,0,N,1,S,0,0,0,1,,,,2020-01-08,2020-08-29
2014,300130,20140,300130,41,20,9,9,1,5,2,20220,0,0,4,5,65,4,193.0,227.0,223.0,250.0,27.0,1.0,15.0,1,0,1,0,0,1,2025-06-03,S,10.7,0,0,1,0,1,0,9,39,490,57,7,0,20250603,5,8,7,6,358,78176558,3,4,0,9.29,N,S,N,97,GAB,10,1,S,0,N,0,0,1,1,,,2020-10-16,2023-01-18,2022-06-14
2016,300131,20160,300131,88,45,96,4,2,3,3,0,20220,0,0,2,36,3,249.0,280.0,234.0,258.0,24.0,21.0,18.0,0,0,1,1,0,0,2025-06-03,N,9.32,1,1,1,1,0,1,5,65,212,85,37,0,20250603,4,4,6,12,259,53143336,6,6,0,0.0,N,N,S,95,NLD,6,0,N,0,N,0,1,1,0,,2021-11-25,2023-09-16,,2023-03-11
2012,300132,20120,300132,46,30,59,13,1,1,1,20230,0,0,3,2,31,5,301.0,318.0,316.0,346.0,30.0,15.0,7.0,1,0,1,0,0,0,2025-06-03,N,8.59,0,0,1,0,1,0,5,77,48,52,9,0,20250603,6,5,8,5,5,10482769,6,3,2,7.05,N,S,N,35,IRQ,1,0,N,0,N,0,1,1,1,,2022-07-28,2021-12-28,2020-05-04,2021-08-04
2014,300133,20140,300133,90,37,32,10,2,5,4,20200,0,0,2,1,56,7,287.0,345.0,335.0,360.0,25.0,12.0,14.0,1,0,1,1,0,1,2025-06-03,S,13.76,0,0,1,0,1,0,9,88,298,70,47,0,20250603,4,3,2,1,477,39599276,3,4,0,5.59,N,S,N,53,KGZ,2,1,S,1,S,1,0,1,0,2020-09-18,,2020-03-07,,2022-06-06
2018,300134,20180,300134,61,44,45,13,2,3,4,0,0,20240,0,3,25,5,246.0,253.0,235.0,241.0,6.0,20.0,20.0,0,1,1,1,0,0,2025-06-03,N,12.33,0,0,0,0,0,1,6,16,197,95,11,1,20250603,10,8,4,15,243,73717007,6,6,0,0.0,N,N,N,5,SWZ,5,0,N,1,S,1,1,1,1,2021-09-22,2020-09-21,2020-04-21,2020-03-11,2023-07-05
2016,300135,20160,300135,43,3,86,4,1,5,2,0,20200,0,0,2,37,8,269.0,326.0,318.0,323.0,5.0,15.0,19.0,0,0,1,1,1,0,2025-06-03,N,12.69,1,1,1,1,0,0,5,15,499,23,14,0,20250603,1,8,4,11,274,55757342,2,5,0,0.0,S,N,S,69,TZA,5,0,N,0,N,0,0,1,1,,,2023-06-23,2020-07-08,2022-11-03
2014,300136,20140,300136,26,10,25,3,1,5,1,0,0,20170,0,3,26,1,253.0,259.0,248.0,252.0,4.0,20.0,2.0,0,1,1,1,0,0,2025-06-03,N,9.79,0,0,0,0,0,0,10,18,139,14,33,1,20250603,1,1,9,15,452,92083242,2,1,0,0.0,N,N,N,19,CMR,10,0,N,1,S,0,0,1,1,,,2020-01-12,2021-09-09,2022-04-25
2018,300137,20180,300137,19,9,8,10,2,5,1,20220,0,0,2,3,17,2,216.0,263.0,220.0,250.0,30.0,2.0,7.0,1,0,1,0,0,1,2025-06-03,S,8.27,0,0,1,0,1,1,7,74,469,26,28,0,20250603,10,1,10,10,319,40526484,3,4,0,5.57,N,S,N,43,TWN,9,1,S,0,N,0,0,1,1,,,2022-01-09,2020-04-04,2022-12-16
2012,300138,20120,300138,41,47,43,15,2,5,3,0,0,0,0,1,23,3,184.0,216.0,186.0,205.0,19.0,28.0,18.0,0,0,1,1,0,0,2025-06-03,N,12.33,0,0,0,0,0,0,2,25,444,79,24,0,20250603,10,2,10,9,20,55813853,5,6,0,0.0,N,N,N,37,SLB,3,0,N,1,S,0,1,1,0,,2023-10-17,2021-12-03,,2021-04-23
2017,300139,20170,300139,60,13,77,3,1,4,3,20180,0,0,3,4,37,8,273.0,321.0,307.0,324.0,17.0,22.0,13.0,1,0,1,0,0,0,2025-06-03,N,10.48,0,0,0,0,1,1,5,30,464,49,4,0,20250603,6,5,4,4,47,78268756,6,6,2,8.97,N,S,N,47,PRT,3,0,N,1,S,1,0,0,1,2022-07-16,,,2023-09-03,2021-01-26
2013,300140,20130,300140,54,26,44,4,2,2,2,0,20200,0,0,6,53,1,346.0,352.0,297.0,299.0,2.0,7.0,14.0,0,0,1,0,0,0,2025-06-03,N,13.29,1,0,0,1,0,0,8,2,401,84,18,0,20250603,10,5,1,5,65,94212889,4,5,0,0.0,N,N,N,76,COM,5,0,N,1,S,0,1,0,1,,2022-02-01,,2021-09-07,2022-12-05
2023,300141,20230,300141,47,35,41,6,1,5,4,20240,0,0,5,3,45,4,328.0,344.0,342.0,365.0,23.0,15.0,5.0,1,0,1,0,0,1,2025-06-03,S,8.29,0,0,0,0,1,1,2,13,311,62,22,0,20250603,4,6,2,10,251,81300905,4,5,0,6.65,N,S,N,63,UZB,7,1,S,0,N,1,1,0,0,2023-09-22,2020-09-08,,,2023-11-20
2020,300142,20200,300142,25,28,42,9,1,4,2,20220,0,0,5,3,35,5,353.0,388.0,366.0,391.0,25.0,19.0,17.0,1,0,1,1,0,0,2025-06-03,N,6.75,0,0,1,0,1,1,7,14,412,22,21,0,20250603,1,4,4,13,493,50147077,6,2,2,6.62,N,S,N,38,PAK,1,0,N,0,N,0,0,0,0,,,,,2023-04-23
2016,300143,20160,300143,70,23,91,6,2,4,1,0,0,20180,0,4,18,5,258.0,271.0,243.0,256.0,13.0,3.0,19.0,0,1,1,1,0,0,2025-06-03,N,11.73,0,0,0,0,0,1,2,51,67,34,46,1,20250603,4,2,6,1,353,62059365,3,5,0,0.0,N,N,N,96,SVK,4,0,N,0,N,0,1,0,0,,2020-01-14,,,2023-09-30
2023,300144,20230,300144,48,20,62,9,2,4,5,20240,0,0,3,4,45,5,284.0,321.0,311.0,328.0,17.0,26.0,18.0,1,0,1,0,0,1,2025-06-03,S,11.37,0,0,0,0,1,1,3,35,204,40,28,0,20250603,8,8,5,14,431,8289024,1,1,0,9.11,N,S,N,81,EGY,6,1,S,1,S,1,1,0,1,2020-05-02,2021-12-24,,2020-04-03,2021-08-05
2016,300145,20160,300145,33,50,52,12,2,5,2,0,0,20210,0,7,64,7,281.0,321.0,274.0,274.0,0.0,27.0,9.0,0,1,1,0,0,0,2025-06-03,N,8.95,0,0,1,0,0,0,10,29,462,19,47,1,20250603,8,7,5,6,41,79968863,3,3,0,0.0,N,N,N,57,MLI,7,0,N,1,S,1,1,0,0,2021-12-26,2023-10-28,,,2023-01-06
2019,300146,20190,300146,93,45,84,6,1,1,3,0,20230,0,0,7,31,6,230.0,284.0,237.0,248.0,11.0,26.0,12.0,0,0,1,0,0,0,2025-06-03,N,10.8,1,0,0,1,0,1,6,23,458,82,10,0,20250603,10,7,2,15,99,17709269,3,5,0,0.0,N,N,N,96,SVK,8,0,N,0,N,0,1,0,1,,2022-10-11,,2021-12-11,2020-12-30
2014,300147,20140,300147,5,28,76,13,1,5,3,0,0,20170,0,5,34,3,321.0,354.0,325.0,345.0,20.0,3.0,11.0,0,1,1,1,0,0,2025-06-03,N,7.41,0,0,1,0,0,0,4,12,442,9,42,0,20250603,8,7,6,7,326,96223100,4,3,0,0.0,N,N,N,100,VUT,6,0,N,0,N,0,0,0,1,,,,2020-04-10,2023-11-02
2023,300148,20230,300148,33,31,17,14,1,2,3,20240,0,0,3,3,55,3,245.0,245.0,245.0,254.0,9.0,18.0,19.0,1,0,1,0,0,1,2025-06-03,S,9.84,0,0,1,0,1,1,3,57,402,11,6,0,20250603,2,4,6,8,496,31715995,3,6,0,9.87,N,S,N,2,COG,5,1,S,1,S,0,1,1,0,,2020-11-22,2021-06-12,,2023-04-16
2012,300149,20120,300149,54,12,93,7,1,3,3,0,0,20190,0,1,61,3,289.0,297.0,290.0,291.0,1.0,5.0,5.0,0,1,1,0,0,0,2025-06-03,N,6.35,0,0,1,0,0,1,7,80,387,62,22,0,20250603,9,7,4,11,135,41361818,4,6,0,0.0,N,N,N,97,GAB,10,0,N,0,N,0,0,0,1,,,,2022-02-26,2022-05-31
2013,300150,20130,300150,6,3,23,9,2,4,5,0,0,20240,0,5,17,1,202.0,259.0,154.0,180.0,26.0,26.0,17.0,0,1,1,0,0,0,2025-06-03,N,9.49,0,0,1,0,0,1,3,43,308,13,48,0,20250603,4,8,6,1,442,21436829,4,2,0,0.0,N,N,N,72,GNB,5,0,N,1,S,1,0,1,1,2020-11-19,,2020-12-02,2020-03-08,2020-12-16
2020,300151,20200,300151,68,4,12,13,1,1,3,20220,0,0,3,2,48,2,306.0,339.0,309.0,339.0,30.0,21.0,3.0,1,0,1,0,0,0,2025-06-03,N,7.67,0,0,1,0,1,0,9,91,407,24,15,0,20250603,5,6,9,7,312,1534878,6,4,2,5.55,N,S,N,14,DEU,4,0,N,0,N,0,0,0,1,,,,2023-08-25,2020-06-24
2023,300152,20230,300152,36,27,52,4,2,4,5,0,0,20240,0,3,35,4,276.0,332.0,238.0,247.0,9.0,14.0,0.0,0,1,1,1,0,0,2025-06-03,N,8.37,0,0,0,0,0,0,2,74,399,51,47,0,20250603,7,8,2,14,42,79968863,2,4,0,0.0,N,N,N,9,ARG,1,0,N,0,N,0,1,1,1,,2023-06-14,2023-01-02,2022-03-06,2020-07-17
2023,300153,20230,300153,38,14,21,10,1,3,5,0,0,0,0,1,25,8,276.0,288.0,229.0,248.0,19.0,13.0,10.0,0,0,1,0,0,0,2025-06-03,N,7.33,0,0,0,0,0,0,8,26,365,43,31,0,20250603,6,7,9,9,281,62464258,6,4,0,0.0,N,N,N,2,COG,2,0,N,1,S,0,1,0,0,,2022-07-07,,,2023-06-15
2016,300154,20160,300154,12,42,5,5,2,3,3,0,0,20180,0,7,63,6,320.0,340.0,316.0,344.0,28.0,13.0,15.0,0,1,1,1,0,0,2025-06-03,N,9.91,0,0,1,0,0,1,3,69,360,57,10,0,20250603,9,4,5,9,18,59959826,4,6,0,0.0,N,N,N,42,SWE,5,0,N,0,N,1,0,1,1,2020-05-16,,2022-08-04,2021-05-22,2020-11-27
2011,300155,20110,300155,12,38,27,6,2,5,4,20160,0,0,4,3,17,3,246.0,254.0,247.0,258.0,11.0,22.0,6.0,1,0,1,1,0,0,2025-06-03,N,13.32,0,0,0,0,1,1,8,1,340,10,27,0,20250603,10,3,3,1,263,94429826,6,3,2,9.1,N,S,N,31,MUS,8,0,N,1,S,1,0,1,1,2021-01-11,,2022-07-21,2020-01-28,2023-05-15
2022,300156,20220,300156,83,19,52,7,2,3,5,20230,0,0,2,1,49,2,277.0,293.0,287.0,290.0,3.0,24.0,4.0,1,0,1,1,0,1,2025-06-03,S,5.07,0,0,1,0,1,0,6,6,416,20,23,0,20250603,5,7,3,5,301,79968863,2,3,0,6.55,N,S,N,47,PRT,4,1,S,0,N,1,0,1,1,2021-10-19,,2020-09-25,2021-11-20,2022-09-08
2023,300157,20230,300157,27,5,36,14,2,4,3,20240,0,0,2,7,28,4,286.0,307.0,297.0,313.0,16.0,23.0,0.0,1,0,1,1,0,1,2025-06-03,S,7.32,0,0,1,0,1,1,4,96,206,31,19,0,20250603,6,7,10,1,168,29410942,4,2,0,7.41,N,S,N,7,AUT,10,1,S,1,S,0,0,0,0,,,,,2020-06-29
2011,300158,20110,300158,92,38,20,2,2,1,4,20210,0,0,4,5,32,1,276.0,296.0,279.0,296.0,17.0,17.0,18.0,1,0,1,1,0,0,2025-06-03,N,13.8,0,0,1,0,1,0,3,30,276,18,7,0,20250603,1,3,2,9,190,15867870,5,5,1,5.02,N,S,N,84,BWA,2,0,N,1,S,0,0,0,0,,,,,2022-10-21
2021,300159,20210,300159,85,21,45,6,2,4,2,0,0,0,0,6,56,4,342.0,342.0,335.0,342.0,7.0,23.0,19.0,0,0,1,0,0,0,2025-06-03,N,8.22,0,0,1,0,0,0,1,79,240,4,32,0,20250603,6,4,8,10,488,73717007,6,4,0,0.0,N,N,N,93,CHL,2,0,N,0,N,0,1,0,1,,2020-07-14,,2023-06-22,2020-10-25
2013,300160,20130,300160,99,46,63,13,1,2,3,20200,0,0,5,1,25,4,346.0,359.0,348.0,354.0,6.0,17.0,11.0,1,0,1,1,0,1,2025-06-03,S,13.38,0,0,1,0,1,0,9,55,163,50,24,0,20250603,8,2,10,1,221,73504237,1,5,0,9.19,N,S,N,21,VNM,4,1,S,1,S,0,1,0,0,,2023-10-25,,,2021-05-13
2013,300161,20130,300161,72,6,51,14,1,5,4,20220,0,0,3,5,22,8,270.0,278.0,270.0,276.0,6.0,16.0,6.0,1,0,1,1,0,1,2025-06-03,S,7.11,0,0,1,0,1,0,1,31,271,41,39,0,20250603,8,1,4,12,493,91313946,3,1,0,7.38,N,S,N,43,TWN,1,1,S,1,S,0,0,1,0,,,2023-09-22,,2022-09-29
2023,300162,20230,300162,19,16,14,6,2,3,1,0,0,20240,0,6,22,2,335.0,350.0,324.0,324.0,0.0,9.0,13.0,0,1,1,0,0,0,2025-06-03,N,7.88,0,0,0,0,0,0,6,59,198,52,34,0,20250603,7,7,1,5,432,87735896,1,6,0,0.0,N,N,N,38,PAK,8,0,N,0,N,1,1,1,1,2022-10-10,2020-06-04,2021-11-07,2020-04-08,2023-09-18
2014,300163,20140,300163,85,21,42,13,1,1,5,20150,0,0,2,1,38,8,197.0,215.0,200.0,217.0,17.0,24.0,10.0,1,0,1,1,0,0,2025-06-03,N,10.6,0,0,1,0,1,0,4,65,101,85,20,0,20250603,9,5,9,3,302,50147077,6,5,2,7.46,N,S,N,47,PRT,7,0,N,0,N,0,0,0,0,,,,,2022-07-12
2023,300164,20230,300164,17,10,94,4,2,5,2,20240,0,0,3,6,43,2,272.0,319.0,285.0,285.0,0.0,9.0,16.0,1,0,1,0,0,1,2025-06-03,S,8.39,0,0,1,0,1,1,4,95,357,92,13,0,20250603,6,3,5,8,61,97077009,1,6,0,5.27,N,S,N,32,THA,10,1,S,0,N,1,0,0,0,2020-12-04,,,,2023-01-22
2015,300165,20150,300165,23,32,61,9,1,3,3,20160,0,0,4,3,48,7,190.0,245.0,200.0,204.0,4.0,1.0,19.0,1,0,1,0,0,0,2025-06-03,N,11.55,0,0,1,0,1,0,1,77,143,40,41,0,20250603,9,5,7,9,98,15060409,6,4,2,6.75,N,S,N,15,CAN,3,0,N,1,S,1,0,1,1,2021-09-10,,2021-08-18,2023-11-10,2023-08-13
2018,300166,20180,300166,14,20,11,7,2,1,5,20240,0,0,5,7,22,8,286.0,294.0,293.0,303.0,10.0,28.0,5.0,1,0,1,1,0,0,2025-06-03,N,11.05,0,0,1,0,1,1,8,71,4,39,43,0,20250603,4,6,2,14,160,76890296,6,1,2,6.37,N,S,N,42,SWE,6,0,N,1,S,0,0,1,1,,,2023-08-21,2021-07-07,2020-01-22
2011,300167,20110,300167,90,15,35,6,1,4,5,0,20130,0,0,7,33,1,321.0,342.0,308.0,332.0,24.0,5.0,18.0,0,0,1,1,0,0,2025-06-03,N,11.05,1,0,1,1,0,1,2,92,409,96,13,0,20250603,3,2,2,8,474,29641883,4,5,0,0.0,N,N,N,56,LIE,9,0,N,0,N,1,0,1,1,2021-08-26,,2023-04-01,2022-11-28,2021-06-04
2013,300168,20130,300168,16,18,39,6,1,4,4,0,0,20150,0,5,65,7,359.0,369.0,304.0,310.0,6.0,23.0,14.0,0,1,1,1,0,0,2025-06-03,N,8.93,0,0,1,0,0,0,5,48,188,12,10,0,20250603,8,6,8,2,359,20560218,4,2,0,0.0,N,N,N,5,SWZ,10,0,N,0,N,1,1,0,1,2023-04-16,2023-05-06,,2022-01-14,2023-06-10
2018,300169,20180,300169,71,7,75,14,2,1,3,20240,0,0,4,5,17,2,345.0,368.0,362.0,389.0,27.0,6.0,9.0,1,0,1,0,0,1,2025-06-03,S,7.6,0,0,1,0,1,0,1,40,278,14,14,0,20250603,6,8,5,6,279,27568520,1,2,0,8.24,N,S,N,42,SWE,1,1,S,1,S,0,0,1,1,,,2022-02-17,2021-06-22,2023-06-07
2021,300170,20210,300170,14,19,39,3,1,2,4,0,0,0,0,2,42,4,340.0,351.0,300.0,302.0,2.0,17.0,4.0,0,0,1,0,0,0,2025-06-03,N,5.49,0,0,0,0,0,0,9,37,398,67,49,0,20250603,6,7,9,9,348,20560218,1,2,0,0.0,N,N,N,40,TUV,4,0,N,0,N,1,0,1,0,2023-08-10,,2020-07-07,,2023-03-21
2019,300171,20190,300171,43,24,65,12,2,4,5,20220,0,0,3,6,43,1,243.0,273.0,270.0,277.0,7.0,18.0,2.0,1,0,1,1,0,0,2025-06-03,N,11.25,0,0,1,0,1,1,6,11,138,85,7,0,20250603,2,7,2,1,473,27133023,5,3,1,8.12,N,S,N,18,ZAF,9,0,N,0,N,1,1,1,0,2021-02-17,2023-01-09,2021-03-10,,2021-10-31
2014,300172,20140,300172,85,16,94,6,2,5,4,0,20220,0,0,6,28,1,224.0,257.0,189.0,212.0,23.0,30.0,7.0,0,0,1,1,0,0,2025-06-03,N,7.7,1,0,0,1,0,1,2,16,169,15,31,0,20250603,4,3,9,3,29,97077009,3,4,0,0.0,N,N,N,95,NLD,6,0,N,0,N,1,0,1,0,2023-12-25,,2020-08-03,,2021-10-03
2012,300173,20120,300173,28,35,2,13,1,5,5,0,20220,0,0,3,54,5,192.0,210.0,199.0,208.0,9.0,10.0,16.0,0,0,1,1,0,0,2025-06-03,N,6.23,1,1,1,1,0,0,7,50,103,54,21,0,20250603,6,3,4,6,449,35002007,6,4,0,0.0,N,N,S,20,TGO,9,0,N,1,S,0,1,1,0,,2020-11-28,2023-10-15,,2020-05-12
2014,300174,20140,300174,63,19,24,8,1,5,5,20230,0,0,3,4,20,2,340.0,360.0,353.0,356.0,3.0,1.0,5.0,1,0,1,0,0,1,2025-06-03,S,13.65,0,0,1,0,1,0,10,69,19,17,7,0,20250603,3,4,8,1,487,54414096,4,3,0,7.23,N,S,N,86,BHR,3,1,S,0,N,0,1,0,0,,2020-08-15,,,2021-05-12
2019,300175,20190,300175,44,26,88,1,1,3,4,0,0,20230,0,5,39,7,329.0,335.0,331.0,337.0,6.0,29.0,9.0,0,1,1,1,0,0,2025-06-03,N,13.22,0,0,0,0,0,0,7,27,236,24,34,1,20250603,2,8,1,1,179,75686878,6,4,0,0.0,N,N,N,56,LIE,7,0,N,0,N,1,0,1,0,2022-02-21,,2023-09-10,,2022-04-23
2012,300176,20120,300176,69,49,72,11,2,4,2,20160,0,0,1,4,22,6,188.0,189.0,189.0,197.0,8.0,26.0,4.0,1,0,1,1,0,1,2025-06-03,S,5.39,0,0,1,0,1,1,2,72,160,51,48,0,20250603,3,7,7,11,61,59302835,2,2,0,9.8,N,S,N,85,NER,7,1,S,1,S,0,1,1,0,,2022-04-14,2021-11-19,,2021-01-12
2012,300177,20120,300177,10,28,71,13,1,1,5,20170,0,0,1,6,37,4,182.0,198.0,191.0,197.0,6.0,4.0,6.0,1,0,1,0,0,0,2025-06-03,N,9.76,0,0,1,0,1,1,10,93,350,58,22,0,20250603,8,7,4,10,129,69839059,6,4,2,9.66,N,S,N,18,ZAF,5,0,N,1,S,1,1,1,0,2020-03-22,2023-02-10,2022-11-22,,2022-06-13
2021,300178,20210,300178,46,17,17,11,1,1,5,0,0,20240,0,1,34,2,348.0,378.0,361.0,367.0,6.0,18.0,3.0,0,1,1,0,0,0,2025-06-03,N,8.06,0,0,0,0,0,0,8,91,142,6,41,1,20250603,5,7,3,13,253,31715995,2,4,0,0.0,N,N,N,5,SWZ,4,0,N,0,N,0,1,1,1,,2021-11-25,2023-09-16,2023-02-26,2022-12-25
2012,300179,20120,300179,41,26,21,2,1,4,1,20160,0,0,5,5,54,3,295.0,301.0,299.0,313.0,14.0,29.0,11.0,1,0,1,1,0,1,2025-06-03,S,11.48,0,0,1,0,1,1,3,42,312,9,46,0,20250603,3,7,10,2,183,62464258,3,3,0,8.41,N,S,N,46,MDV,1,1,S,0,N,0,0,0,0,,,,,2021-12-08
2013,300180,20130,300180,36,23,77,9,1,5,3,0,0,20140,0,5,17,2,185.0,226.0,223.0,235.0,12.0,21.0,5.0,0,1,1,0,0,0,2025-06-03,N,13.36,0,0,1,0,0,1,5,63,453,80,45,1,20250603,8,4,7,9,368,78268756,1,1,0,0.0,N,N,N,86,BHR,9,0,N,1,S,0,1,0,1,,2022-01-11,,2022-02-13,2020-02-04
2013,300181,20130,300181,25,31,69,9,1,2,4,20160,0,0,5,1,18,1,232.0,260.0,247.0,263.0,16.0,1.0,3.0,1,0,1,1,0,1,2025-06-03,S,8.33,0,0,1,0,1,1,2,8,139,64,18,0,20250603,7,3,3,11,32,22083803,1,5,0,7.32,N,S,N,37,SLB,3,1,S,1,S,0,0,0,0,,,,,2023-05-21
2010,300182,20100,300182,41,38,16,7,1,2,5,20170,0,0,4,7,38,3,246.0,276.0,255.0,272.0,17.0,19.0,2.0,1,0,1,1,0,1,2025-06-03,S,7.67,0,0,1,0,1,0,9,82,20,29,45,0,20250603,8,5,7,1,267,92981826,4,1,0,7.04,N,S,N,75,PRY,4,1,S,0,N,0,1,1,0,,2020-11-01,2022-11-14,,2022-06-28
2017,300183,20170,300183,92,46,75,14,2,3,4,20240,0,0,4,7,22,3,289.0,304.0,297.0,308.0,11.0,1.0,6.0,1,0,1,1,0,0,2025-06-03,N,9.9,0,0,1,0,1,1,10,94,26,22,46,0,20250603,10,8,7,15,46,27568520,5,3,1,5.93,N,S,N,80,ETH,7,0,N,1,S,1,0,1,0,2023-09-24,,2020-04-06,,2020-08-09
2023,300184,20230,300184,33,28,56,15,1,4,2,20240,0,0,2,1,30,7,322.0,349.0,344.0,350.0,6.0,16.0,3.0,1,0,1,0,0,0,2025-06-03,N,6.38,0,0,0,0,1,0,5,6,172,96,18,0,20250603,7,7,7,11,443,70890196,5,4,1,9.8,N,S,N,79,NAM,7,0,N,1,S,1,0,0,1,2022-05-07,,,2023-07-14,2021-10-08
2010,300185,20100,300185,87,18,67,15,1,3,1,20150,0,0,2,5,21,5,271.0,287.0,280.0,291.0,11.0,8.0,11.0,1,0,1,0,0,1,2025-06-03,S,13.04,0,0,0,0,1,1,6,71,286,49,20,0,20250603,7,2,3,3,211,72029307,4,1,0,6.56,N,S,N,92,ERI,4,1,S,0,N,1,0,1,0,2021-09-18,,2020-02-13,,2020-07-02
2014,300186,20140,300186,60,28,92,4,1,5,5,20150,0,0,3,3,19,8,355.0,382.0,359.0,369.0,10.0,21.0,19.0,1,0,1,0,0,1,2025-06-03,S,5.95,0,0,0,0,1,0,2,85,297,19,34,0,20250603,7,3,9,11,21,90297353,2,1,0,6.34,N,S,N,70,BRN,6,1,S,1,S,1,0,0,0,2023-06-07,,,,2020-06-08
2020,300187,20200,300187,89,23,72,5,2,5,2,20230,0,0,1,7,21,5,209.0,232.0,215.0,244.0,29.0,24.0,4.0,1,0,1,1,0,1,2025-06-03,S,6.46,0,0,1,0,1,0,2,92,290,41,11,0,20250603,7,1,9,14,367,59302835,3,3,0,5.83,N,S,N,28,KAZ,2,1,S,0,N,1,1,0,1,2023-01-03,2020-09-10,,2020-05-17,2021-03-21
2015,300188,20150,300188,85,10,11,12,2,3,1,0,0,20220,0,2,56,4,209.0,255.0,185.0,186.0,1.0,25.0,2.0,0,1,1,0,0,0,2025-06-03,N,12.37,0,0,1,0,0,0,6,47,480,51,35,0,20250603,8,3,4,6,202,76890296,4,5,0,0.0,N,N,N,25,PHL,8,0,N,1,S,1,1,0,0,2022-12-21,2020-05-22,,,2020-03-31
2018,300189,20180,300189,86,6,11,15,2,1,1,0,20210,0,0,6,34,2,326.0,369.0,347.0,356.0,9.0,4.0,0.0,0,0,1,0,0,0,2025-06-03,N,13.07,1,1,0,1,0,1,2,21,103,93,7,0,20250603,2,5,10,11,380,76890296,6,3,0,0.0,N,N,S,37,SLB,10,0,N,1,S,1,0,1,0,2020-07-07,,2022-07-25,,2022-07-02
2019,300190,20190,300190,37,10,14,13,2,2,2,20230,0,0,2,1,22,2,359.0,401.0,383.0,402.0,19.0,16.0,12.0,1,0,1,0,0,1,2025-06-03,S,7.52,0,0,1,0,1,0,10,14,421,91,18,0,20250603,7,1,3,5,448,87735896,1,1,0,8.53,N,S,N,47,PRT,10,1,S,1,S,0,1,0,0,,2023-06-24,,,2023-08-04
2023,300191,20230,300191,13,42,89,5,1,4,4,20240,0,0,1,2,33,5,350.0,380.0,371.0,399.0,28.0,24.0,17.0,1,0,1,0,0,0,2025-06-03,N,6.58,0,0,0,0,1,0,3,3,146,26,36,0,20250603,6,5,2,3,110,7749299,6,2,2,5.28,N,S,N,62,DMA,2,0,N,0,N,1,1,0,0,2021-09-14,2020-12-18,,,2023-08-10
2011,300192,20110,300192,25,2,94,15,2,2,2,0,20160,0,0,3,41,2,325.0,368.0,368.0,376.0,8.0,3.0,14.0,0,0,1,0,0,0,2025-06-03,N,5.11,1,1,0,1,0,1,7,13,33,89,16,0,20250603,3,2,5,13,447,97077009,4,5,0,0.0,N,N,S,58,BGR,9,0,N,0,N,1,1,0,1,2023-07-03,2022-05-09,,2021-04-28,2022-06-17
2015,300193,20150,300193,98,8,98,13,1,4,4,20160,0,0,5,4,44,3,192.0,219.0,203.0,225.0,22.0,14.0,18.0,1,0,1,0,0,1,2025-06-03,S,5.54,0,0,1,0,1,0,6,5,92,7,36,0,20250603,2,3,8,11,145,404729,1,2,0,9.43,N,S,N,59,BRA,1,1,S,1,S,1,1,1,0,2022-05-10,2021-10-14,2021-06-17,,2022-05-04
2018,300194,20180,300194,73,32,13,3,2,2,4,0,0,20240,0,7,55,7,277.0,298.0,235.0,235.0,0.0,29.0,6.0,0,1,1,1,0,0,2025-06-03,N,11.31,0,0,1,0,0,1,3,70,292,3,15,0,20250603,3,6,10,2,182,35105069,3,6,0,0.0,N,N,N,83,BEL,1,0,N,0,N,1,0,0,0,2021-01-04,,,,2020-07-25
2018,300195,20180,300195,57,35,80,2,1,4,5,0,0,0,0,7,56,4,255.0,288.0,278.0,281.0,3.0,27.0,8.0,0,0,1,0,0,0,2025-06-03,N,12.73,0,0,1,0,0,0,10,38,418,53,43,0,20250603,5,7,8,7,412,68501420,1,5,0,0.0,N,N,N,51,AND,2,0,N,0,N,0,1,0,1,,2022-11-14,,2020-09-08,2020-11-27
2017,300196,20170,300196,63,26,67,3,1,2,3,0,0,0,0,2,33,6,303.0,345.0,304.0,304.0,0.0,28.0,13.0,0,0,1,0,0,0,2025-06-03,N,12.73,0,0,1,0,0,0,6,60,144,15,45,0,20250603,8,1,7,2,305,72029307,4,4,0,0.0,N,N,N,79,NAM,6,0,N,1,S,0,0,0,0,,,,,2020-10-02
2015,300197,20150,300197,43,29,3,6,1,1,5,0,20200,0,0,5,64,1,239.0,253.0,243.0,250.0,7.0,2.0,2.0,0,0,1,0,1,0,2025-06-03,N,5.31,1,0,1,1,0,1,4,94,205,49,18,0,20250603,10,1,9,11,317,51482483,1,1,0,0.0,S,N,N,19,CMR,9,0,N,0,N,0,0,0,0,,,,,2022-09-09
2016,300198,20160,300198,36,41,43,3,2,4,4,20170,0,0,4,1,18,7,225.0,257.0,247.0,247.0,0.0,11.0,11.0,1,0,1,0,0,0,2025-06-03,N,10.32,0,0,0,0,1,1,9,42,326,92,3,0,20250603,2,2,10,3,13,55813853,6,3,2,8.3,N,S,N,84,BWA,8,0,N,1,S,0,0,0,0,,,,,2023-09-24
2018,300199,20180,300199,60,20,51,10,1,1,4,20190,0,0,2,7,36,5,225.0,225.0,225.0,245.0,20.0,6.0,6.0,1,0,1,0,0,1,2025-06-03,S,12.59,0,0,0,0,1,0,2,33,182,100,9,0,20250603,6,4,8,8,454,91313946,3,5,0,8.18,N,S,N,4,CUB,9,1,S,0,N,0,1,1,0,,2021-08-25,2022-10-26,,2020-11-29
2012,300200,20120,300200,88,14,95,9,2,3,5,0,0,20170,0,3,19,1,231.0,287.0,265.0,290.0,25.0,18.0,3.0,0,1,1,1,0,0,2025-06-03,N,13.79,0,0,0,0,0,1,9,72,213,15,5,1,20250603,3,7,1,8,3,2921981,5,2,0,0.0,N,N,N,75,PRY,4,0,N,0,N,0,1,1,1,,2020-05-18,2020-01-02,2020-03-19,2020-12-28
2019,300201,20190,300201,75,33,35,1,1,1,1,20220,0,0,2,2,41,5,185.0,202.0,196.0,213.0,17.0,24.0,7.0,1,0,1,0,0,1,2025-06-03,S,5.89,0,0,0,0,1,0,10,47,366,21,8,0,20250603,9,3,8,12,155,29641883,3,3,0,9.44,N,S,N,49,BIH,3,1,S,1,S,1,1,1,1,2022-04-18,2022-10-04,2020-03-17,2020-09-25,2022-06-19
2014,300202,20140,300202,53,19,82,10,2,4,3,0,0,0,0,2,33,8,286.0,294.0,240.0,251.0,11.0,23.0,18.0,0,0,1,0,0,0,2025-06-03,N,5.63,0,0,0,0,0,0,10,32,331,8,29,0,20250603,6,4,9,10,4,7467311,4,3,0,0.0,N,N,N,43,TWN,9,0,N,0,N,0,0,1,0,,,2021-10-23,,2020-07-31
2010,300203,20100,300203,86,17,93,9,1,5,1,0,0,0,0,3,30,7,225.0,276.0,181.0,181.0,0.0,25.0,8.0,0,0,1,1,0,0,2025-06-03,N,7.2,0,0,1,0,0,0,7,8,500,52,25,0,20250603,5,7,8,15,500,41361818,3,2,0,0.0,N,N,N,94,UGA,2,0,N,0,N,0,1,1,1,,2020-10-02,2023-06-14,2022-08-09,2023-05-01
2010,300204,20100,300204,14,26,39,2,1,3,5,20210,0,0,4,2,47,5,225.0,284.0,239.0,262.0,23.0,0.0,6.0,1,0,1,1,0,0,2025-06-03,N,13.56,0,0,0,0,1,0,9,51,13,9,29,0,20250603,9,2,1,5,438,20560218,6,4,2,8.42,N,S,N,13,MCO,1,0,N,0,N,1,1,0,0,2023-02-15,2020-06-07,,,2020-10-27
2017,300205,20170,300205,4,41,44,7,2,4,5,20210,0,0,1,3,32,1,247.0,283.0,261.0,284.0,23.0,7.0,2.0,1,0,1,1,0,1,2025-06-03,S,6.59,0,0,0,0,1,1,2,86,377,51,32,0,20250603,6,2,6,5,26,94212889,4,4,0,5.34,N,S,N,71,LSO,10,1,S,0,N,0,1,1,1,,2023-02-05,2020-03-07,2021-07-14,2023-05-31
2011,300206,20110,300206,78,46,28,12,2,1,4,0,0,0,0,6,33,4,255.0,269.0,210.0,224.0,14.0,16.0,13.0,0,0,1,1,0,0,2025-06-03,N,11.43,0,0,1,0,0,0,4,10,172,65,27,0,20250603,10,3,8,8,417,41738753,2,1,0,0.0,N,N,N,51,AND,9,0,N,0,N,0,1,0,0,,2021-08-14,,,2023-12-08
2013,300207,20130,300207,40,50,94,15,2,2,1,0,20190,0,0,7,38,7,225.0,232.0,220.0,233.0,13.0,3.0,4.0,0,0,1,0,0,0,2025-06-03,N,7.72,1,1,0,1,0,0,10,25,175,64,29,0,20250603,6,7,9,5,19,97077009,6,6,0,0.0,N,N,S,82,PAN,10,0,N,0,N,1,1,1,0,2021-01-14,2020-05-03,2021-02-14,,2023-06-20
2011,300208,20110,300208,63,7,3,2,1,3,1,0,0,0,0,4,49,5,255.0,261.0,251.0,262.0,11.0,0.0,9.0,0,0,1,1,0,0,2025-06-03,N,8.96,0,0,0,0,0,1,4,99,24,98,39,0,20250603,1,7,4,8,130,51482483,2,3,0,0.0,N,N,N,97,GAB,6,0,N,0,N,0,0,1,0,,,2020-01-26,,2022-06-11
2019,300209,20190,300209,17,45,78,15,2,3,2,0,20220,0,0,5,65,2,186.0,224.0,157.0,175.0,18.0,8.0,4.0,0,0,1,1,0,0,2025-06-03,N,6.82,1,1,1,1,0,0,3,91,131,2,41,0,20250603,2,8,5,7,151,65609379,3,1,0,0.0,N,N,S,88,ESP,2,0,N,1,S,0,0,1,1,,,2023-04-09,2022-06-15,2022-09-08
2022,300210,20220,300210,47,4,45,1,2,5,2,20230,0,0,4,6,52,2,306.0,342.0,330.0,352.0,22.0,8.0,11.0,1,0,1,0,0,1,2025-06-03,S,7.65,0,0,0,0,1,0,7,76,460,52,41,0,20250603,8,5,10,3,277,73717007,4,6,0,6.54,N,S,N,54,MRT,1,1,S,1,S,0,0,1,0,,,2023-01-07,,2020-09-01
2022,300211,20220,300211,79,25,79,14,1,1,2,20230,0,0,4,3,30,1,347.0,394.0,392.0,401.0,9.0,15.0,19.0,1,0,1,1,0,0,2025-06-03,N,5.17,0,0,1,0,1,1,10,25,148,17,16,0,20250603,8,1,10,12,44,12205980,6,5,2,6.47,N,S,N,94,UGA,4,0,N,0,N,1,0,1,0,2020-01-27,,2023-01-22,,2022-09-02
2013,300212,20130,300212,37,17,95,12,2,1,3,0,0,20230,0,2,44,6,200.0,222.0,211.0,234.0,23.0,2.0,13.0,0,1,1,0,0,0,2025-06-03,N,12.13,0,0,1,0,0,0,2,99,357,20,22,1,20250603,2,7,9,2,328,2921981,1,4,0,0.0,N,N,N,82,PAN,9,0,N,1,S,1,1,0,1,2021-11-06,2020-11-10,,2023-12-22,2021-06-06
2020,300213,20200,300213,100,43,34,5,2,4,4,0,0,20230,0,1,37,1,187.0,242.0,183.0,190.0,7.0,21.0,11.0,0,1,1,1,0,0,2025-06-03,N,6.45,0,0,1,0,0,1,9,46,134,62,48,0,20250603,9,7,4,3,273,82493631,4,1,0,0.0,N,N,N,59,BRA,4,0,N,0,N,1,1,0,1,2021-05-12,2022-09-06,,2023-03-03,2020-01-16
2013,300214,20130,300214,100,40,6,9,1,5,2,20190,0,0,3,1,19,2,342.0,371.0,360.0,390.0,30.0,20.0,9.0,1,0,1,1,0,0,2025-06-03,N,5.45,0,0,0,0,1,0,2,86,354,17,13,0,20250603,6,6,4,12,207,35835371,5,3,1,8.42,N,S,N,20,TGO,4,0,N,1,S,1,1,0,0,2023-06-09,2020-09-14,,,2021-10-02
2018,300215,20180,300215,79,36,49,1,1,1,5,0,0,20240,0,7,43,2,286.0,346.0,324.0,346.0,22.0,28.0,17.0,0,1,1,1,0,0,2025-06-03,N,6.15,0,0,0,0,0,0,3,70,98,70,13,1,20250603,4,3,2,2,438,29314711,1,2,0,0.0,N,N,N,38,PAK,1,0,N,1,S,0,0,1,1,,,2020-12-12,2023-01-04,2022-10-07
2022,300216,20220,300216,74,26,10,5,1,4,2,20230,0,0,4,7,18,2,311.0,357.0,326.0,337.0,11.0,22.0,14.0,1,0,1,1,0,1,2025-06-03,S,9.24,0,0,1,0,1,0,10,7,386,41,48,0,20250603,2,1,8,5,65,97023650,1,1,0,5.05,N,S,N,70,BRN,2,1,S,1,S,0,1,0,1,,2021-06-22,,2020-10-20,2021-09-16
2019,300217,20190,300217,18,1,22,11,1,5,1,20200,0,0,4,7,65,6,317.0,376.0,329.0,345.0,16.0,20.0,12.0,1,0,1,0,0,1,2025-06-03,S,7.42,0,0,0,0,1,0,8,24,120,96,10,0,20250603,10,4,10,15,390,41178850,1,3,0,8.72,N,S,N,25,PHL,5,1,S,1,S,1,1,1,1,2020-05-12,2022-04-11,2021-01-06,2022-04-06,2023-05-07
2017,300218,20170,300218,39,24,32,6,2,5,1,0,20200,0,0,5,24,1,213.0,232.0,230.0,258.0,28.0,15.0,9.0,0,0,1,0,1,0,2025-06-03,N,6.97,1,0,1,1,0,1,4,77,436,72,32,0,20250603,9,8,4,15,125,39599276,2,6,0,0.0,S,N,N,1,ESP,5,0,N,1,S,0,1,0,1,,2022-10-26,,2022-04-18,2023-02-08
2016,300219,20160,300219,10,6,92,15,1,4,2,20190,0,0,2,3,48,6,198.0,205.0,198.0,217.0,19.0,26.0,1.0,1,0,1,0,0,0,2025-06-03,N,7.73,0,0,0,0,1,1,2,42,211,4,22,0,20250603,9,1,9,4,149,90297353,5,5,1,8.77,N,S,N,17,URY,10,0,N,0,N,1,0,1,0,2020-12-02,,2023-01-19,,2020-09-16
2018,300220,20180,300220,1,40,85,5,1,1,2,0,0,20240,0,7,46,5,307.0,331.0,307.0,322.0,15.0,20.0,9.0,0,1,1,1,0,0,2025-06-03,N,5.3,0,0,1,0,0,0,10,20,445,64,43,1,20250603,4,3,8,5,278,68886959,2,4,0,0.0,N,N,N,25,PHL,7,0,N,0,N,1,0,0,1,2022-03-05,,,2022-02-10,2022-01-09
2013,300221,20130,300221,95,34,65,9,2,3,3,20180,0,0,5,6,46,7,359.0,388.0,372.0,386.0,14.0,28.0,5.0,1,0,1,1,0,1,2025-06-03,S,10.72,0,0,0,0,1,0,10,2,290,82,47,0,20250603,8,4,4,14,300,27133023,4,2,0,9.94,N,S,N,35,IRQ,8,1,S,0,N,1,0,1,0,2022-03-11,,2023-10-01,,2020-05-31
2021,300222,20210,300222,40,48,45,7,2,1,4,0,20230,0,0,6,38,6,322.0,349.0,336.0,359.0,23.0,3.0,12.0,0,0,1,1,1,0,2025-06-03,N,6.25,1,0,1,1,0,1,3,16,432,10,43,0,20250603,9,7,9,2,487,73717007,2,2,0,0.0,S,N,N,23,GTM,8,0,N,0,N,0,1,0,0,,2023-05-15,,,2021-04-06
2017,300223,20170,300223,8,41,31,10,1,1,2,0,0,0,0,6,65,1,359.0,369.0,348.0,356.0,8.0,29.0,13.0,0,0,1,1,0,0,2025-06-03,N,10.03,0,0,1,0,0,0,1,55,275,82,27,0,20250603,3,5,6,11,245,85726382,3,1,0,0.0,N,N,N,48,ATG,7,0,N,1,S,0,0,1,1,,,2020-06-02,2022-05-06,2022-10-11
2020,300224,20200,300224,56,47,20,1,2,3,3,20210,0,0,2,1,41,2,319.0,320.0,319.0,332.0,13.0,26.0,20.0,1,0,1,1,0,0,2025-06-03,N,13.91,0,0,1,0,1,0,10,14,104,90,31,0,20250603,5,4,2,6,466,15867870,6,5,2,8.58,N,S,N,29,ZWE,1,0,N,1,S,1,1,1,1,2023-07-05,2023-09-01,2020-05-27,2020-09-23,2023-07-15
2023,300225,20230,300225,11,10,18,7,1,1,3,20240,0,0,3,5,42,8,287.0,335.0,290.0,295.0,5.0,29.0,5.0,1,0,1,0,0,0,2025-06-03,N,10.7,0,0,1,0,1,0,9,31,231,18,40,0,20250603,3,8,8,10,179,8338186,5,5,1,7.01,N,S,N,51,AND,8,0,N,0,N,0,0,0,1,,,,2022-03-18,2021-05-06
2022,300226,20220,300226,65,19,28,9,2,3,2,20240,0,0,4,7,57,7,310.0,355.0,314.0,327.0,13.0,2.0,9.0,1,0,1,0,0,1,2025-06-03,S,6.5,0,0,1,0,1,1,4,56,326,28,24,0,20250603,4,2,5,2,86,41738753,3,3,0,6.33,N,S,N,79,NAM,1,1,S,1,S,1,1,1,0,2021-03-01,2020-02-05,2023-01-22,,2020-06-16
2010,300227,20100,300227,55,28,57,10,1,5,2,20120,0,0,1,3,49,7,325.0,371.0,366.0,386.0,20.0,14.0,4.0,1,0,1,0,0,1,2025-06-03,S,13.51,0,0,0,0,1,1,9,50,40,36,29,0,20250603,1,5,4,4,173,94457890,2,4,0,8.39,N,S,N,47,PRT,3,1,S,0,N,0,1,0,1,,2021-05-27,,2022-06-13,2020-01-22
2019,300228,20190,300228,88,50,3,14,1,4,3,0,0,20200,0,4,46,1,338.0,339.0,306.0,328.0,22.0,30.0,2.0,0,1,1,1,0,0,2025-06-03,N,9.28,0,0,1,0,0,1,5,49,442,79,4,0,20250603,8,3,7,14,261,51482483,1,5,0,0.0,N,N,N,94,UGA,3,0,N,0,N,1,0,1,1,2020-12-14,,2023-11-12,2023-09-27,2023-03-24
2015,300229,20150,300229,99,37,33,2,1,2,5,20240,0,0,3,5,47,5,227.0,269.0,235.0,256.0,21.0,15.0,12.0,1,0,1,1,0,1,2025-06-03,S,7.99,0,0,1,0,1,1,10,65,115,92,9,0,20250603,9,5,10,4,371,49330907,4,3,0,8.41,N,S,N,29,ZWE,4,1,S,0,N,1,0,0,0,2022-04-05,,,,2023-07-13
2010,300230,20100,300230,14,4,3,8,1,2,3,0,0,20110,0,3,61,1,316.0,376.0,352.0,367.0,15.0,24.0,19.0,0,1,1,0,0,0,2025-06-03,N,6.56,0,0,0,0,0,1,1,41,423,57,39,0,20250603,8,1,2,1,399,51482483,4,5,0,0.0,N,N,N,10,VCT,9,0,N,0,N,0,0,0,0,,,,,2022-06-18
2017,300231,20170,300231,64,24,62,9,2,2,4,20230,0,0,5,3,41,5,336.0,384.0,349.0,375.0,26.0,5.0,18.0,1,0,1,1,0,1,2025-06-03,S,9.81,0,0,0,0,1,0,2,9,326,27,30,0,20250603,1,8,9,5,494,8289024,3,3,0,5.19,N,S,N,18,ZAF,7,1,S,0,N,0,1,0,1,,2020-08-28,,2021-05-11,2023-03-30
2012,300232,20120,300232,12,50,32,5,2,5,1,0,0,0,0,1,37,4,289.0,316.0,247.0,263.0,16.0,6.0,15.0,0,0,1,0,0,0,2025-06-03,N,6.57,0,0,1,0,0,1,7,37,198,26,21,0,20250603,10,3,2,14,293,39599276,3,1,0,0.0,N,N,N,73,GHA,6,0,N,0,N,0,1,0,1,,2023-09-25,,2020-03-10,2022-12-20
2021,300233,20210,300233,52,7,93,7,1,3,2,20220,0,0,3,4,37,3,227.0,269.0,252.0,267.0,15.0,18.0,5.0,1,0,1,0,0,1,2025-06-03,S,11.73,0,0,1,0,1,0,10,7,243,15,1,0,20250603,7,7,9,10,460,41361818,4,6,0,5.05,N,S,N,3,ISL,5,1,S,0,N,1,0,0,1,2023-04-03,,,2020-02-08,2020-02-25
2019,300234,20190,300234,90,33,89,7,1,1,2,20230,0,0,4,2,41,3,187.0,223.0,209.0,238.0,29.0,2.0,18.0,1,0,1,0,0,1,2025-06-03,S,7.62,0,0,0,0,1,1,3,49,419,9,21,0,20250603,7,1,4,8,315,7749299,4,2,0,9.38,N,S,N,62,DMA,9,1,S,0,N,1,0,1,0,2021-09-13,,2021-10-10,,2020-01-31
2022,300235,20220,300235,45,20,7,6,2,3,3,0,0,20230,0,2,22,2,353.0,359.0,311.0,329.0,18.0,1.0,13.0,0,1,1,1,0,0,2025-06-03,N,8.31,0,0,0,0,0,0,4,35,224,61,19,0,20250603,4,6,8,6,56,44241559,2,1,0,0.0,N,N,N,62,DMA,6,0,N,1,S,1,1,0,0,2021-02-23,2020-12-07,,,2020-09-19
2013,300236,20130,300236,96,3,52,1,2,4,3,0,0,20240,0,3,27,2,231.0,244.0,209.0,216.0,7.0,2.0,6.0,0,1,1,0,0,0,2025-06-03,N,5.68,0,0,1,0,0,0,2,66,446,11,14,0,20250603,1,3,9,4,56,79968863,6,2,0,0.0,N,N,N,12,ITA,3,0,N,1,S,1,0,1,1,2020-11-04,,2020-03-15,2020-05-22,2022-02-27
2011,300237,20110,300237,65,12,88,8,1,1,5,20230,0,0,5,7,52,2,317.0,324.0,319.0,344.0,25.0,22.0,20.0,1,0,1,0,0,1,2025-06-03,S,5.11,0,0,0,0,1,1,9,41,440,28,20,0,20250603,3,6,10,10,321,75686878,1,3,0,9.23,N,S,N,64,FSM,5,1,S,0,N,1,0,0,0,2020-10-13,,,,2020-01-24
2010,300238,20100,300238,55,15,87,14,1,5,2,0,0,20160,0,7,27,2,277.0,319.0,305.0,326.0,21.0,29.0,5.0,0,1,1,0,0,0,2025-06-03,N,5.24,0,0,1,0,0,1,5,91,173,33,11,1,20250603,5,6,9,12,269,61310453,3,3,0,0.0,N,N,N,7,AUT,4,0,N,1,S,1,1,0,0,2021-08-02,2021-10-05,,,2020-09-09
2019,300239,20190,300239,14,27,93,1,1,2,5,0,0,20240,0,7,52,8,359.0,364.0,339.0,339.0,0.0,29.0,9.0,0,1,1,0,0,0,2025-06-03,N,9.16,0,0,1,0,0,1,1,86,157,35,25,1,20250603,10,4,7,14,241,41361818,4,5,0,0.0,N,N,N,4,CUB,5,0,N,1,S,0,1,1,1,,2021-07-08,2020-09-25,2020-06-07,2022-10-23
2021,300240,20210,300240,98,5,47,7,2,5,1,20240,0,0,4,4,36,3,250.0,296.0,276.0,290.0,14.0,30.0,7.0,1,0,1,1,0,0,2025-06-03,N,7.24,0,0,0,0,1,0,3,30,226,12,38,0,20250603,2,4,7,5,325,72144402,6,6,2,6.84,N,S,N,84,BWA,9,0,N,0,N,1,0,0,0,2023-12-26,,,,2021-12-07
2010,300241,20100,300241,34,44,89,14,1,4,4,20220,0,0,2,6,65,4,225.0,249.0,236.0,239.0,3.0,12.0,20.0,1,0,1,0,0,1,2025-06-03,S,8.58,0,0,0,0,1,0,4,76,18,74,20,0,20250603,10,4,4,8,403,7749299,3,6,0,6.57,N,S,N,2,COG,7,1,S,1,S,0,0,1,0,,,2022-06-12,,2022-11-18
2016,300242,20160,300242,95,43,52,12,2,1,5,20200,0,0,2,2,21,8,316.0,341.0,319.0,343.0,24.0,21.0,19.0,1,0,1,0,0,1,2025-06-03,S,7.27,0,0,0,0,1,0,6,83,145,22,42,0,20250603,10,8,1,10,182,79968863,2,6,0,7.27,N,S,N,20,TGO,3,1,S,0,N,1,1,0,0,2021-06-05,2023-09-01,,,2023-07-05
2019,300243,20190,300243,38,48,50,12,2,2,2,0,0,20230,0,4,25,5,293.0,341.0,251.0,263.0,12.0,7.0,19.0,0,1,1,1,0,0,2025-06-03,N,9.82,0,0,1,0,0,0,3,83,484,41,15,0,20250603,10,5,1,9,285,33214247,4,2,0,0.0,N,N,N,89,KEN,4,0,N,0,N,1,1,1,1,2021-01-15,2022-03-24,2022-03-06,2022-08-15,2020-05-11
2013,300244,20130,300244,92,39,89,10,1,1,1,20210,0,0,3,3,17,3,329.0,343.0,339.0,349.0,10.0,28.0,4.0,1,0,1,0,0,1,2025-06-03,S,13.98,0,0,0,0,1,1,3,44,191,11,19,0,20250603,5,4,1,1,57,7749299,1,1,0,8.86,N,S,N,12,ITA,1,1,S,1,S,1,1,1,1,2021-09-14,2021-11-06,2020-12-23,2021-06-24,2020-12-10
2012,300245,20120,300245,51,42,12,8,1,4,4,20210,0,0,1,4,63,6,315.0,325.0,318.0,338.0,20.0,15.0,18.0,1,0,1,0,0,1,2025-06-03,S,13.07,0,0,1,0,1,1,8,18,441,77,11,0,20250603,2,6,10,13,366,1534878,2,4,0,9.24,N,S,N,4,CUB,7,1,S,1,S,0,0,1,0,,,2020-07-05,,2020-09-17
2016,300246,20160,300246,10,15,46,3,1,3,2,20200,0,0,4,2,48,1,214.0,268.0,224.0,244.0,20.0,1.0,8.0,1,0,1,1,0,1,2025-06-03,S,9.36,0,0,1,0,1,0,2,31,271,67,17,0,20250603,10,7,3,1,397,63193474,1,1,0,7.23,N,S,N,57,MLI,1,1,S,0,N,1,1,0,1,2020-07-14,2021-03-20,,2021-09-25,2022-04-09
2011,300247,20110,300247,6,20,94,8,2,2,1,0,0,20180,0,2,48,8,348.0,357.0,346.0,361.0,15.0,24.0,3.0,0,1,1,1,0,0,2025-06-03,N,12.74,0,0,1,0,0,1,7,29,284,16,49,0,20250603,4,4,3,13,170,97077009,3,5,0,0.0,N,N,N,34,AUS,8,0,N,1,S,0,1,1,1,,2021-12-22,2021-07-21,2023-04-02,2023-06-26
2016,300248,20160,300248,77,15,23,12,2,5,3,0,0,20240,0,6,49,6,195.0,245.0,186.0,186.0,0.0,9.0,19.0,0,1,1,0,0,0,2025-06-03,N,10.19,0,0,0,0,0,1,2,37,490,49,6,0,20250603,5,6,10,10,166,21436829,1,6,0,0.0,N,N,N,12,ITA,9,0,N,1,S,0,0,1,0,,,2023-07-21,,2020-03-19
2011,300249,20110,300249,55,6,52,10,2,3,2,20200,0,0,2,6,65,8,296.0,356.0,349.0,371.0,22.0,9.0,15.0,1,0,1,0,0,1,2025-06-03,S,6.55,0,0,1,0,1,1,7,94,309,71,28,0,20250603,8,3,10,1,306,79968863,2,4,0,9.18,N,S,N,79,NAM,1,1,S,1,S,1,0,1,1,2021-02-17,,2020-12-19,2020-04-25,2023-07-31
2010,300250,20100,300250,10,21,64,11,1,4,2,20130,0,0,4,2,36,6,199.0,224.0,207.0,218.0,11.0,1.0,3.0,1,0,1,0,0,0,2025-06-03,N,10.94,0,0,0,0,1,1,3,94,211,49,1,0,20250603,5,7,3,12,394,67845324,5,2,1,5.69,N,S,N,20,TGO,10,0,N,1,S,0,1,1,0,,2022-11-15,2022-04-22,,2022-09-22
2020,300251,20200,300251,10,21,21,10,1,5,3,20230,0,0,1,5,49,5,354.0,400.0,363.0,367.0,4.0,24.0,8.0,1,0,1,0,0,1,2025-06-03,S,6.19,0,0,1,0,1,1,6,73,71,99,48,0,20250603,4,1,1,1,224,62464258,1,3,0,9.08,N,S,N,3,ISL,5,1,S,0,N,0,1,1,1,,2020-08-26,2022-06-20,2021-02-22,2022-05-30
2014,300252,20140,300252,30,44,15,11,2,3,2,0,20180,0,0,1,21,4,214.0,224.0,178.0,185.0,7.0,30.0,1.0,0,0,1,1,0,0,2025-06-03,N,7.38,1,1,0,1,0,1,1,73,51,89,34,0,20250603,9,1,10,4,388,48258264,5,6,0,0.0,N,N,S,50,NZL,5,0,N,1,S,1,0,0,1,2022-01-14,,,2020-08-22,2023-01-29
2022,300253,20220,300253,72,3,67,9,1,4,1,0,0,20240,0,6,58,2,325.0,375.0,339.0,350.0,11.0,16.0,20.0,0,1,1,1,0,0,2025-06-03,N,10.26,0,0,0,0,0,0,3,9,262,31,27,0,20250603,7,2,4,15,107,72029307,6,2,0,0.0,N,N,N,2,COG,7,0,N,1,S,0,1,0,0,,2020-06-01,,,2023-09-12
2017,300254,20170,300254,53,9,98,8,1,2,1,0,0,0,0,4,26,5,259.0,279.0,223.0,229.0,6.0,16.0,11.0,0,0,1,1,0,0,2025-06-03,N,11.52,0,0,0,0,0,1,7,58,192,86,15,0,20250603,3,1,1,5,359,404729,3,1,0,0.0,N,N,N,3,ISL,10,0,N,0,N,1,0,1,1,2023-04-09,,2023-02-25,2023-10-14,2020-12-23
2016,300255,20160,300255,1,31,94,13,2,3,1,20220,0,0,3,2,57,8,189.0,246.0,226.0,254.0,28.0,5.0,15.0,1,0,1,0,0,1,2025-06-03,S,5.46,0,0,1,0,1,0,6,71,313,99,28,0,20250603,5,4,10,2,128,97077009,3,6,0,6.25,N,S,N,94,UGA,6,1,S,0,N,1,0,0,1,2020-07-28,,,2020-03-27,2021-01-30
2020,300256,20200,300256,91,9,46,6,1,3,4,20240,0,0,1,3,55,2,272.0,276.0,276.0,287.0,11.0,23.0,2.0,1,0,1,1,0,0,2025-06-03,N,7.74,0,0,0,0,1,1,9,13,448,2,14,0,20250603,10,8,7,15,484,63193474,6,6,2,8.06,N,S,N,69,TZA,8,0,N,1,S,0,1,0,1,,2021-04-27,,2023-08-15,2021-03-13
2016,300257,20160,300257,40,3,49,2,1,1,1,0,0,0,0,1,19,1,298.0,304.0,297.0,307.0,10.0,24.0,10.0,0,0,1,1,0,0,2025-06-03,N,10.0,0,0,0,0,0,0,7,2,69,14,36,0,20250603,8,7,2,5,191,29314711,5,1,0,0.0,N,N,N,22,FIN,10,0,N,0,N,1,0,0,1,2022-07-17,,,2022-12-08,2022-01-29
2013,300258,20130,300258,46,49,14,2,2,4,1,20170,0,0,5,1,59,2,183.0,219.0,209.0,239.0,30.0,4.0,1.0,1,0,1,0,0,0,2025-06-03,N,6.77,0,0,1,0,1,0,7,50,429,90,23,0,20250603,7,8,8,8,180,87735896,5,4,1,5.78,N,S,N,92,ERI,10,0,N,0,N,1,0,0,1,2021-07-01,,,2022-12-18,2021-06-01
2021,300259,20210,300259,77,14,95,15,2,2,2,0,0,20220,0,7,31,8,268.0,313.0,299.0,318.0,19.0,0.0,19.0,0,1,1,1,0,0,2025-06-03,N,12.2,0,0,0,0,0,1,7,26,437,19,35,0,20250603,6,7,9,14,496,2921981,6,6,0,0.0,N,N,N,10,VCT,4,0,N,0,N,1,1,1,0,2023-01-19,2023-12-17,2023-11-22,,2021-03-09
2022,300260,20220,300260,12,9,95,8,2,5,4,0,0,20230,0,5,62,7,313.0,328.0,305.0,311.0,6.0,13.0,11.0,0,1,1,1,0,0,2025-06-03,N,7.11,0,0,0,0,0,1,2,49,412,19,18,0,20250603,10,4,2,4,187,2921981,1,3,0,0.0,N,N,N,54,MRT,10,0,N,1,S,0,0,1,0,,,2023-09-10,,2023-12-27
2012,300261,20120,300261,52,13,39,10,1,4,3,0,0,20200,0,4,36,7,219.0,269.0,171.0,173.0,2.0,13.0,4.0,0,1,1,1,0,0,2025-06-03,N,7.1,0,0,0,0,0,0,10,12,337,64,4,0,20250603,10,5,1,15,427,20560218,2,5,0,0.0,N,N,N,91,QAT,8,0,N,0,N,1,1,0,0,2021-08-18,2023-08-02,,,2023-09-12
2023,300262,20230,300262,11,8,21,14,1,2,4,20240,0,0,5,4,39,7,229.0,246.0,241.0,265.0,24.0,19.0,14.0,1,0,1,1,0,1,2025-06-03,S,7.8,0,0,0,0,1,0,5,10,9,80,42,0,20250603,5,2,9,8,193,62464258,4,6,0,8.9,N,S,N,41,MOZ,9,1,S,0,N,1,0,1,1,2020-06-25,,2021-04-16,2022-06-02,2023-07-03
2021,300263,20210,300263,76,21,65,10,2,1,2,0,0,20220,0,5,39,5,186.0,237.0,149.0,173.0,24.0,23.0,4.0,0,1,1,0,0,0,2025-06-03,N,9.54,0,0,0,0,0,0,5,4,309,31,9,1,20250603,1,2,8,2,2,27133023,3,6,0,0.0,N,N,N,77,NGA,1,0,N,1,S,1,1,1,1,2021-07-12,2020-04-23,2022-09-25,2021-11-22,2022-07-08
2014,300264,20140,300264,12,16,60,5,2,4,3,20170,0,0,3,2,46,7,253.0,253.0,253.0,260.0,7.0,28.0,7.0,1,0,1,1,0,1,2025-06-03,S,13.1,0,0,1,0,1,0,6,81,25,55,4,0,20250603,2,8,5,4,302,75721444,1,3,0,6.43,N,S,N,67,SVN,4,1,S,0,N,1,1,0,0,2021-08-14,2021-06-21,,,2023-04-17
2021,300265,20210,300265,45,34,74,15,2,5,4,20230,0,0,5,3,60,8,211.0,228.0,218.0,226.0,8.0,24.0,3.0,1,0,1,1,0,1,2025-06-03,S,7.06,0,0,0,0,1,0,3,40,500,19,32,0,20250603,1,4,3,10,460,91307681,4,2,0,6.11,N,S,N,55,SMR,8,1,S,1,S,0,1,0,1,,2020-06-21,,2021-06-15,2023-12-15
2012,300266,20120,300266,62,19,46,8,1,3,1,0,0,20210,0,5,35,7,320.0,339.0,299.0,299.0,0.0,9.0,19.0,0,1,1,0,0,0,2025-06-03,N,10.12,0,0,0,0,0,1,5,64,258,54,10,1,20250603,2,8,10,2,458,63193474,2,4,0,0.0,N,N,N,90,TTO,4,0,N,0,N,0,1,0,1,,2023-01-05,,2023-10-22,2021-07-08
2011,300267,20110,300267,26,6,60,14,2,3,4,0,0,20150,0,6,31,1,345.0,370.0,302.0,304.0,2.0,7.0,0.0,0,1,1,1,0,0,2025-06-03,N,9.44,0,0,0,0,0,1,2,12,441,43,8,0,20250603,6,5,7,12,38,75721444,3,3,0,0.0,N,N,N,66,CAF,3,0,N,0,N,1,1,1,1,2020-10-08,2020-06-14,2021-02-09,2023-06-26,2023-07-12
2013,300268,20130,300268,63,21,16,13,1,2,4,0,0,20180,0,3,52,1,232.0,283.0,183.0,206.0,23.0,8.0,13.0,0,1,1,0,0,0,2025-06-03,N,13.87,0,0,0,0,0,1,3,87,30,81,32,1,20250603,10,4,10,7,273,92981826,5,5,0,0.0,N,N,N,48,ATG,6,0,N,0,N,1,1,1,0,2022-09-18,2022-10-17,2020-11-16,,2023-03-24
2018,300269,20180,300269,47,33,32,2,2,1,3,20230,0,0,1,6,56,5,181.0,219.0,186.0,205.0,19.0,13.0,9.0,1,0,1,1,0,0,2025-06-03,N,11.79,0,0,0,0,1,0,4,92,392,34,13,0,20250603,10,3,3,12,124,39599276,5,3,1,8.63,N,S,N,92,ERI,1,0,N,0,N,0,0,0,1,,,,2020-02-19,2023-06-30
2019,300270,20190,300270,80,4,62,13,2,5,2,0,20240,0,0,7,47,6,209.0,229.0,151.0,167.0,16.0,7.0,5.0,0,0,1,0,1,0,2025-06-03,N,10.98,1,1,0,1,0,0,8,49,376,99,37,0,20250603,4,4,4,15,277,8289024,1,3,0,0.0,S,N,S,6,UKR,7,0,N,1,S,1,1,0,1,2023-12-21,2023-05-18,,2023-06-11,2023-05-30
2023,300271,20230,300271,66,42,28,3,2,2,3,20240,0,0,3,6,26,4,258.0,266.0,259.0,289.0,30.0,29.0,13.0,1,0,1,0,0,0,2025-06-03,N,5.44,0,0,0,0,1,1,8,14,231,74,4,0,20250603,1,4,9,3,66,41738753,6,3,2,9.28,N,S,N,36,TUN,9,0,N,1,S,0,0,0,1,,,,2023-08-10,2020-07-20
2023,300272,20230,300272,32,19,76,8,1,2,3,0,20240,0,0,7,20,2,188.0,216.0,188.0,211.0,23.0,12.0,4.0,0,0,1,1,1,0,2025-06-03,N,11.52,1,1,1,1,0,0,6,14,329,83,11,0,20250603,2,2,1,15,175,96223100,1,4,0,0.0,S,N,S,28,KAZ,1,0,N,0,N,1,1,1,1,2023-06-03,2023-08-08,2022-03-21,2021-06-05,2021-01-20
2013,300273,20130,300273,81,4,46,1,1,2,4,0,20230,0,0,3,41,5,223.0,260.0,166.0,178.0,12.0,11.0,10.0,0,0,1,0,0,0,2025-06-03,N,7.6,1,0,0,1,0,1,2,35,370,18,13,0,20250603,8,4,5,4,201,63193474,4,6,0,0.0,N,N,N,16,BLR,9,0,N,1,S,1,0,1,1,2021-02-16,,2022-11-18,2023-09-21,2020-04-29
2010,300274,20100,300274,42,48,22,6,1,2,1,0,0,20130,0,5,61,6,322.0,335.0,316.0,337.0,21.0,18.0,8.0,0,1,1,1,0,0,2025-06-03,N,7.12,0,0,1,0,0,0,6,88,432,9,28,1,20250603,1,6,2,10,32,41178850,5,4,0,0.0,N,N,N,27,SLV,8,0,N,1,S,0,0,1,1,,,2021-08-11,2021-07-17,2020-09-13
2015,300275,20150,300275,16,5,19,9,1,2,3,0,0,20200,0,7,26,1,286.0,302.0,239.0,242.0,3.0,19.0,15.0,0,1,1,0,0,0,2025-06-03,N,6.42,0,0,1,0,0,1,9,99,350,81,1,0,20250603,10,6,8,2,359,89628735,4,1,0,0.0,N,N,N,5,SWZ,5,0,N,0,N,1,0,0,1,2023-03-01,,,2020-01-22,2022-01-13
2011,300276,20110,300276,54,18,76,14,1,1,2,20170,0,0,2,4,36,8,342.0,373.0,349.0,363.0,14.0,11.0,13.0,1,0,1,1,0,0,2025-06-03,N,6.25,0,0,1,0,1,0,7,23,444,7,11,0,20250603,4,3,6,8,146,96223100,5,4,1,7.61,N,S,N,88,ESP,1,0,N,0,N,0,1,0,0,,2022-09-21,,,2021-10-21
2010,300277,20100,300277,43,39,16,10,1,5,1,0,20150,0,0,2,50,8,305.0,363.0,264.0,285.0,21.0,11.0,13.0,0,0,1,0,1,0,2025-06-03,N,12.94,1,1,1,1,0,0,2,29,439,57,11,0,20250603,10,5,5,11,187,92981826,1,3,0,0.0,S,N,S,78,GNQ,4,0,N,1,S,1,0,0,0,2022-06-27,,,,2021-02-03
2010,300278,20100,300278,14,3,68,5,1,5,1,20160,0,0,5,4,61,2,204.0,208.0,208.0,222.0,14.0,2.0,12.0,1,0,1,0,0,1,2025-06-03,S,12.65,0,0,1,0,1,1,7,62,419,42,23,0,20250603,4,7,4,13,181,20112846,3,1,0,9.42,N,S,N,6,UKR,3,1,S,1,S,1,0,0,1,2022-04-08,,,2020-04-02,2021-12-14
2019,300279,20190,300279,43,49,100,9,1,2,5,20210,0,0,3,1,48,1,279.0,282.0,282.0,292.0,10.0,0.0,10.0,1,0,1,1,0,0,2025-06-03,N,10.22,0,0,0,0,1,0,3,66,289,43,29,0,20250603,9,6,10,14,252,77619624,5,1,1,5.57,N,S,N,78,GNQ,1,0,N,1,S,0,0,0,1,,,,2020-10-02,2023-08-07
2010,300280,20100,300280,88,2,58,1,1,2,4,20160,0,0,2,3,56,6,181.0,217.0,206.0,224.0,18.0,2.0,13.0,1,0,1,0,0,0,2025-06-03,N,6.97,0,0,1,0,1,0,7,53,173,29,22,0,20250603,3,1,1,8,155,48557943,5,3,1,6.95,N,S,N,66,CAF,7,0,N,0,N,1,1,1,1,2022-12-02,2023-12-01,2020-07-06,2020-08-26,2023-06-04
2011,300281,20110,300281,73,1,18,12,1,4,3,20120,0,0,5,4,49,8,351.0,383.0,354.0,375.0,21.0,5.0,18.0,1,0,1,1,0,0,2025-06-03,N,10.81,0,0,1,0,1,0,7,25,19,97,41,0,20250603,7,7,3,13,274,8338186,5,6,1,7.95,N,S,N,70,BRN,5,0,N,0,N,0,1,0,1,,2023-08-24,,2021-07-12,2021-11-23
2010,300282,20100,300282,5,15,39,13,1,4,1,20130,0,0,3,3,46,1,328.0,350.0,347.0,369.0,22.0,26.0,9.0,1,0,1,1,0,1,2025-06-03,S,13.92,0,0,0,0,1,0,6,13,281,12,16,0,20250603,6,2,9,14,436,20560218,4,3,0,9.73,N,S,N,80,ETH,6,1,S,1,S,0,0,1,0,,,2023-06-11,,2022-04-16
2012,300283,20120,300283,47,21,44,7,2,1,4,20150,0,0,2,5,54,8,288.0,298.0,292.0,292.0,0.0,2.0,19.0,1,0,1,0,0,0,2025-06-03,N,10.87,0,0,0,0,1,1,9,78,87,2,33,0,20250603,5,3,10,6,258,94212889,6,3,2,7.37,N,S,N,4,CUB,2,0,N,0,N,1,0,1,1,2021-10-20,,2023-08-05,2021-08-26,2022-04-29
2019,300284,20190,300284,94,1,54,5,2,2,1,0,20210,0,0,1,22,7,192.0,226.0,173.0,174.0,1.0,1.0,18.0,0,0,1,0,0,0,2025-06-03,N,5.21,1,0,1,1,0,0,1,25,447,33,30,0,20250603,7,8,6,12,318,70532309,4,5,0,0.0,N,N,N,44,YEM,4,0,N,0,N,0,0,0,1,,,,2022-08-12,2023-08-17
2017,300285,20170,300285,53,17,45,2,2,3,3,20240,0,0,3,6,33,5,195.0,231.0,205.0,223.0,18.0,3.0,13.0,1,0,1,1,0,1,2025-06-03,S,13.84,0,0,0,0,1,1,8,77,22,4,27,0,20250603,7,7,9,15,357,73717007,2,6,0,8.1,N,S,N,28,KAZ,6,1,S,1,S,0,1,1,1,,2021-11-19,2021-03-13,2023-01-26,2021-01-25
2021,300286,20210,300286,19,48,96,1,2,2,3,0,0,20230,0,3,51,1,249.0,293.0,226.0,226.0,0.0,6.0,3.0,0,1,1,1,0,0,2025-06-03,N,13.55,0,0,0,0,0,1,5,50,414,5,29,1,20250603,4,1,7,9,338,53143336,6,3,0,0.0,N,N,N,62,DMA,9,0,N,1,S,0,0,1,0,,,2020-12-16,,2022-07-15
2022,300287,20220,300287,13,9,78,13,2,1,1,0,0,0,0,6,35,8,334.0,389.0,296.0,304.0,8.0,15.0,13.0,0,0,1,0,0,0,2025-06-03,N,6.44,0,0,1,0,0,0,4,49,347,56,9,0,20250603,8,8,2,4,460,65609379,5,2,0,0.0,N,N,N,85,NER,6,0,N,1,S,0,1,0,0,,2023-10-22,,,2021-09-13
2011,300288,20110,300288,58,11,9,7,1,2,4,20170,0,0,5,5,40,5,255.0,269.0,262.0,271.0,9.0,13.0,12.0,1,0,1,1,0,1,2025-06-03,S,7.24,0,0,0,0,1,0,5,73,7,75,46,0,20250603,1,6,3,11,217,78176558,4,6,0,8.63,N,S,N,97,GAB,10,1,S,0,N,0,0,1,1,,,2023-09-16,2022-05-15,2021-07-28
2022,300289,20220,300289,11,7,16,7,1,4,4,20230,0,0,4,1,52,2,245.0,295.0,269.0,296.0,27.0,1.0,3.0,1,0,1,1,0,1,2025-06-03,S,5.28,0,0,0,0,1,1,4,62,28,15,35,0,20250603,3,5,4,2,215,92981826,2,3,0,6.1,N,S,N,41,MOZ,5,1,S,0,N,1,1,0,0,2020-04-23,2023-04-17,,,2020-01-23
2010,300290,20100,300290,17,28,84,1,1,1,4,0,0,20110,0,7,41,7,322.0,351.0,297.0,321.0,24.0,29.0,5.0,0,1,1,0,0,0,2025-06-03,N,13.17,0,0,1,0,0,1,5,49,311,99,18,1,20250603,5,7,6,12,247,17709269,3,3,0,0.0,N,N,N,76,COM,6,0,N,0,N,1,0,1,1,2022-03-28,,2021-12-03,2020-09-11,2020-09-11
2023,300291,20230,300291,10,5,4,2,1,4,5,0,20240,0,0,2,20,3,210.0,213.0,165.0,192.0,27.0,29.0,14.0,0,0,1,1,0,0,2025-06-03,N,9.58,1,0,1,1,0,0,9,47,69,65,3,0,20250603,7,7,9,6,93,31611127,3,5,0,0.0,N,N,N,89,KEN,2,0,N,1,S,1,0,1,0,2021-05-12,,2023-06-18,,2022-06-21
2011,300292,20110,300292,71,22,40,5,2,3,3,20130,0,0,1,1,34,7,351.0,394.0,382.0,388.0,6.0,17.0,11.0,1,0,1,1,0,1,2025-06-03,S,6.46,0,0,0,0,1,1,1,21,58,12,20,0,20250603,2,5,2,7,291,61066203,2,5,0,5.88,N,S,N,59,BRA,2,1,S,1,S,1,0,0,1,2022-11-05,,,2020-10-28,2020-07-09
2012,300293,20120,300293,43,41,71,9,1,3,5,0,0,0,0,1,18,8,297.0,345.0,258.0,282.0,24.0,18.0,9.0,0,0,1,0,0,0,2025-06-03,N,13.7,0,0,0,0,0,1,1,56,447,75,6,0,20250603,10,8,1,14,200,69839059,6,3,0,0.0,N,N,N,88,ESP,7,0,N,0,N,0,1,0,0,,2023-04-04,,,2021-01-22
2022,300294,20220,300294,40,9,89,15,1,2,1,0,0,0,0,6,53,3,235.0,237.0,207.0,237.0,30.0,28.0,7.0,0,0,1,1,0,0,2025-06-03,N,13.99,0,0,1,0,0,0,9,12,179,14,18,0,20250603,10,8,8,2,280,7749299,2,5,0,0.0,N,N,N,1,ESP,7,0,N,1,S,0,1,0,1,,2021-10-11,,2020-08-11,2020-10-08
2012,300295,20120,300295,38,16,34,10,2,3,3,20130,0,0,1,4,35,8,359.0,393.0,374.0,387.0,13.0,5.0,16.0,1,0,1,0,0,0,2025-06-03,N,6.88,0,0,0,0,1,1,2,64,433,69,40,0,20250603,7,6,2,3,336,82493631,5,5,1,8.61,N,S,N,21,VNM,2,0,N,1,S,1,0,0,1,2023-09-28,,,2022-02-12,2020-05-02
2011,300296,20110,300296,36,22,14,7,2,5,4,0,20200,0,0,7,51,3,260.0,282.0,228.0,236.0,8.0,0.0,16.0,0,0,1,1,1,0,2025-06-03,N,7.63,1,0,1,1,0,1,1,87,315,46,28,0,20250603,2,2,10,5,73,87735896,2,3,0,0.0,S,N,N,41,MOZ,4,0,N,1,S,0,1,0,1,,2023-09-10,,2020-04-23,2022-05-11
2023,300297,20230,300297,43,47,18,15,1,3,3,0,0,20240,0,2,59,3,310.0,322.0,263.0,267.0,4.0,22.0,13.0,0,1,1,0,0,0,2025-06-03,N,13.88,0,0,1,0,0,1,5,77,112,81,20,0,20250603,6,5,10,13,317,8338186,2,2,0,0.0,N,N,N,24,BLZ,4,0,N,0,N,1,0,1,0,2023-10-03,,2021-11-27,,2022-12-12
2022,300298,20220,300298,14,21,45,6,2,3,4,20230,0,0,1,4,31,2,260.0,270.0,264.0,279.0,15.0,21.0,5.0,1,0,1,0,0,0,2025-06-03,N,7.4,0,0,1,0,1,0,3,50,3,24,49,0,20250603,9,1,8,12,443,73717007,5,3,1,5.36,N,S,N,81,EGY,9,0,N,0,N,0,0,1,1,,,2023-02-10,2022-11-08,2023-08-05
2023,300299,20230,300299,45,49,74,3,2,4,5,0,0,0,0,4,32,2,337.0,353.0,284.0,287.0,3.0,17.0,8.0,0,0,1,0,0,0,2025-06-03,N,11.73,0,0,1,0,0,0,10,69,314,73,16,0,20250603,4,3,8,13,235,91307681,4,5,0,0.0,N,N,N,9,ARG,2,0,N,1,S,1,1,1,1,2021-03-01,2022-12-21,2021-07-17,2022-12-19,2021-04-30
2010,300300,20100,300300,98,40,47,10,2,3,2,0,0,0,0,4,40,3,202.0,222.0,208.0,229.0,21.0,2.0,14.0,0,0,1,1,0,0,2025-06-03,N,12.98,0,0,1,0,0,0,5,43,296,57,29,0,20250603,2,6,2,2,251,72144402,6,6,0,0.0,N,N,N,55,SMR,3,0,N,0,N,0,1,1,1,,2023-04-04,2021-09-12,2020-07-24,2020-12-31
