ID_CURSO_EGRACONS,ID_CURSO_EGRACONS_NK,ID_CURSO_ACADEMICO_CALIFIC,ID_CURSO_ACADEMICO_CALIFIC_NK,ID_ALUMNO,ID_EXPEDIENTE_ACADEMICO,ID_EXPEDIENTE_ACADEMICO_NK,EXPEDIENTE_ASIGNATURA,ID_TIPO_ESTUDIO,ID_ESTUDIO,ID_PLAN_ESTUDIO,ID_RAMA_CONOCIMIENTO,ID_CENTRO,ID_CENTRO_NK,ID_POBLACION_CENTRO,ID_ASIGNATURA,ID_ASIGNATURA_NK,ID_TIPO_ASIGNATURA,ID_CLASE_ASIGNATURA,CREDITOS,NOTA_NUMERICA,ID_CALIFICACION,ID_CALIFICACION_NK,ID_RANGO_NOTA_NUMERICA,ID_RANGO_NOTA_EGRACONS,ID_PLAN_GRUPO_MATRICULA,ID_PLAN_GRUPO_MATRICULA_NK,ID_CENTRO_IMPARTICION,ID_CENTRO_IMPARTICION_NK,ID_ESTUDIO_ASIGNATURA,ID_ESTUDIO_ASIGNATURA_NK,ID_TIPO_ESTUDIO_ASIGNATURA,ID_TIPO_ESTUDIO_ASIGNATURA_NK,ID_RAMA_CONOCIMIENTO_ASIG,ID_RAMA_CONOCIMIENTO_ASIG_NK,ID_ESTUDIO_NK,ID_PROGRAMA_MOVILIDAD,ID_PROGRAMA_MOVILIDAD_NK,FLG_ENTRADA,SN_PROGRAMA_INTERNACIONAL
20180,2018,20160,2016,294,10228,10228,497,4,23,65,1,42,4200,161,279,279,6,1,8.0,6.29,6,MH,4,8,94,94,41,41,122,122,4,4,5,D,2300,2,20,N,N
20230,2023,20230,2023,306,10869,10869,361,2,9,52,5,2,200,59,480,480,4,5,9.9,7.48,4,NT,4,4,48,48,11,11,92,92,2,2,4,B,900,6,60,S,S
20240,2024,20160,2016,409,16429,16429,149,1,49,48,3,31,3100,127,169,169,10,5,4.9,8.75,5,SB,3,4,10,10,15,15,105,105,1,1,4,D,4900,1,10,N,N
20200,2020,20210,2021,2,17418,17418,204,1,23,71,2,13,1300,199,375,375,10,4,11.9,8.63,7,CO,5,5,22,22,11,11,48,48,1,1,5,D,2300,7,70,N,N
20120,2012,20180,2018,934,19754,19754,318,5,10,29,5,23,2300,279,68,68,3,5,9.8,3.36,2,SS,1,9,26,26,18,18,143,143,5,5,4,C,1000,8,80,N,N
20130,2013,20160,2016,753,14098,14098,394,3,37,35,5,11,1100,29,283,283,8,4,9.2,0.53,6,MH,1,7,81,81,42,42,8,8,3,3,4,B,3700,8,80,S,N
20150,2015,20230,2023,617,10584,10584,21,3,23,88,2,48,4800,219,328,328,5,3,7.0,0.34,8,AD,1,6,11,11,4,4,174,174,3,3,1,D,2300,1,10,N,N
20170,2017,20110,2011,785,16233,16233,179,4,46,48,5,36,3600,498,446,446,3,4,11.9,1.07,7,CO,1,5,50,50,20,20,48,48,4,4,3,A,4600,9,90,S,N
20200,2020,20120,2012,642,13411,13411,11,3,27,35,1,30,3000,124,129,129,5,4,9.4,2.49,1,NP,2,7,84,84,23,23,190,190,3,3,1,B,2700,8,80,S,S
20170,2017,20110,2011,310,16472,16472,220,2,2,85,4,22,2200,498,248,248,8,3,4.4,9.09,9,RE,5,2,10,10,47,47,147,147,2,2,2,E,200,2,20,N,S
20100,2010,20110,2011,466,10916,10916,207,5,25,85,2,43,4300,437,167,167,8,4,11.2,7.66,8,AD,1,2,5,5,50,50,59,59,5,5,1,E,2500,2,20,N,N
20110,2011,20170,2017,400,17513,17513,427,2,45,63,2,33,3300,478,349,349,5,1,11.6,1.21,1,NP,3,4,40,40,40,40,76,76,2,2,2,E,4500,2,20,N,N
20230,2023,20180,2018,725,11501,11501,211,3,4,47,2,37,3700,221,27,27,6,3,6.4,2.93,5,SB,2,8,46,46,1,1,154,154,3,3,4,E,400,8,80,S,N
20200,2020,20150,2015,253,14925,14925,261,3,6,95,5,34,3400,256,451,451,3,3,6.8,8.51,9,RE,3,4,39,39,36,36,20,20,3,3,3,E,600,5,50,N,N
20130,2013,20180,2018,837,12152,12152,15,1,24,96,2,26,2600,52,229,229,9,4,9.4,8.58,1,NP,3,4,84,84,11,11,48,48,1,1,5,D,2400,4,40,S,N
20150,2015,20140,2014,266,15015,15015,409,2,45,19,5,2,200,475,425,425,5,3,5.9,2.72,7,CO,4,1,88,88,27,27,199,199,2,2,5,C,4500,7,70,N,S
20210,2021,20160,2016,559,16491,16491,225,4,24,77,2,47,4700,327,368,368,3,1,5.4,1.76,5,SB,5,7,30,30,3,3,2,2,4,4,1,D,2400,4,40,S,N
20200,2020,20120,2012,467,15037,15037,289,2,6,48,5,29,2900,271,84,84,5,1,3.7,2.06,3,AP,4,10,24,24,28,28,59,59,2,2,2,E,600,2,20,N,N
20210,2021,20160,2016,14,15542,15542,133,2,32,81,4,44,4400,297,239,239,7,2,4.6,8.31,3,AP,2,8,28,28,19,19,139,139,2,2,3,A,3200,8,80,N,S
20140,2014,20200,2020,637,17043,17043,323,2,26,73,3,48,4800,493,189,189,9,5,9.1,2.19,6,MH,4,2,34,34,44,44,171,171,2,2,4,E,2600,5,50,S,N
20100,2010,20160,2016,210,11306,11306,245,3,11,71,3,39,3900,247,271,271,3,2,9.4,9.67,6,MH,4,4,75,75,42,42,17,17,3,3,1,A,1100,10,100,N,N
20210,2021,20160,2016,369,16438,16438,12,2,5,66,3,40,4000,23,403,403,2,3,6.9,0.72,2,SS,1,5,24,24,25,25,119,119,2,2,3,B,500,10,100,S,N
20160,2016,20120,2012,907,10120,10120,116,3,9,52,2,46,4600,414,107,107,10,3,11.6,4.1,7,CO,3,5,5,5,21,21,4,4,3,3,4,C,900,3,30,S,S
20110,2011,20120,2012,103,12703,12703,406,5,45,27,3,3,300,280,424,424,9,1,12.0,9.32,2,SS,5,7,12,12,13,13,183,183,5,5,2,B,4500,10,100,N,S
20180,2018,20130,2013,773,17514,17514,396,1,29,74,2,26,2600,289,330,330,2,2,9.2,1.31,8,AD,1,3,54,54,35,35,181,181,1,1,2,B,2900,10,100,N,S
20180,2018,20240,2024,474,14751,14751,209,1,1,18,4,8,800,500,368,368,7,4,8.9,1.99,3,AP,4,2,67,67,4,4,27,27,1,1,4,D,100,5,50,S,S
20210,2021,20230,2023,895,10667,10667,58,2,20,55,1,32,3200,64,14,14,9,1,10.9,5.85,8,AD,1,10,91,91,11,11,137,137,2,2,2,B,2000,6,60,N,S
20210,2021,20170,2017,37,19395,19395,180,3,41,98,1,45,4500,369,233,233,6,5,5.0,2.8,8,AD,2,5,41,41,19,19,199,199,3,3,3,D,4100,7,70,S,S
20230,2023,20190,2019,258,13181,13181,259,5,19,75,2,16,1600,273,360,360,8,4,8.6,7.77,5,SB,4,6,7,7,13,13,197,197,5,5,5,B,1900,3,30,S,S
20120,2012,20110,2011,511,12156,12156,36,5,30,97,1,35,3500,104,482,482,4,5,4.9,5.3,7,CO,1,10,52,52,36,36,51,51,5,5,3,E,3000,9,90,N,N
20240,2024,20130,2013,654,15600,15600,13,1,30,43,2,24,2400,375,469,469,3,5,3.4,3.23,4,NT,4,5,79,79,8,8,199,199,1,1,1,D,3000,6,60,S,N
20200,2020,20120,2012,722,10242,10242,22,3,11,83,2,10,1000,175,390,390,7,4,8.9,0.36,4,NT,2,10,20,20,37,37,133,133,3,3,5,A,1100,2,20,N,N
20170,2017,20100,2010,620,14390,14390,80,5,49,88,2,37,3700,304,54,54,6,4,8.3,0.33,10,AN,3,5,12,12,27,27,68,68,5,5,5,E,4900,10,100,S,N
20140,2014,20140,2014,19,16671,16671,445,4,38,10,4,39,3900,35,231,231,6,5,5.4,3.8,9,RE,2,8,43,43,1,1,98,98,4,4,5,B,3800,5,50,N,S
20140,2014,20160,2016,914,15720,15720,381,3,45,41,1,9,900,264,247,247,1,1,3.3,3.27,1,NP,3,4,83,83,2,2,40,40,3,3,4,D,4500,5,50,N,N
20100,2010,20120,2012,892,19166,19166,293,3,40,56,1,10,1000,496,142,142,7,2,10.7,3.7,6,MH,1,8,57,57,12,12,39,39,3,3,4,C,4000,3,30,N,S
20240,2024,20150,2015,347,15666,15666,100,4,41,77,2,3,300,469,211,211,7,3,4.9,6.71,9,RE,1,6,42,42,18,18,107,107,4,4,2,B,4100,10,100,N,N
20180,2018,20140,2014,840,10539,10539,438,4,27,77,4,16,1600,474,167,167,3,2,5.9,5.52,7,CO,2,6,59,59,38,38,100,100,4,4,3,E,2700,3,30,N,S
20170,2017,20230,2023,891,13465,13465,419,4,47,98,1,3,300,495,287,287,3,5,11.7,8.34,10,AN,3,2,57,57,49,49,67,67,4,4,3,D,4700,4,40,N,N
20120,2012,20210,2021,866,13567,13567,466,1,25,85,4,14,1400,375,421,421,3,3,10.6,3.68,8,AD,3,1,1,1,12,12,69,69,1,1,4,A,2500,10,100,S,S
20120,2012,20100,2010,413,11358,11358,181,1,14,35,2,1,100,30,384,384,10,3,7.2,2.8,8,AD,3,3,90,90,42,42,140,140,1,1,2,B,1400,9,90,S,N
20230,2023,20100,2010,864,11830,11830,127,1,31,83,2,22,2200,299,360,360,4,4,11.4,9.12,5,SB,3,10,85,85,5,5,200,200,1,1,4,A,3100,4,40,N,S
20180,2018,20210,2021,306,15768,15768,80,1,42,27,4,6,600,21,409,409,10,2,6.3,5.31,4,NT,4,8,27,27,30,30,28,28,1,1,2,A,4200,9,90,N,N
20180,2018,20180,2018,179,17147,17147,6,3,42,27,4,10,1000,342,459,459,6,4,8.3,3.38,3,AP,3,9,31,31,49,49,70,70,3,3,5,C,4200,8,80,S,N
20130,2013,20110,2011,665,10316,10316,350,1,6,5,3,21,2100,219,376,376,3,4,3.4,2.49,9,RE,2,8,2,2,7,7,95,95,1,1,4,A,600,4,40,N,N
20220,2022,20220,2022,22,11757,11757,315,3,47,65,3,3,300,348,369,369,7,1,3.2,9.17,7,CO,3,1,84,84,33,33,186,186,3,3,5,E,4700,8,80,N,S
20120,2012,20190,2019,420,17508,17508,490,2,34,96,5,34,3400,421,87,87,6,1,8.4,3.75,1,NP,5,10,55,55,31,31,100,100,2,2,3,C,3400,4,40,S,S
20240,2024,20200,2020,872,16935,16935,186,2,21,55,5,20,2000,291,65,65,10,5,10.5,4.78,1,NP,5,5,22,22,18,18,48,48,2,2,3,C,2100,8,80,N,S
20230,2023,20140,2014,772,15550,15550,324,3,12,79,5,30,3000,209,320,320,3,2,3.9,9.28,10,AN,5,7,12,12,33,33,138,138,3,3,2,D,1200,5,50,S,N
20240,2024,20110,2011,202,10067,10067,309,4,13,35,2,17,1700,28,154,154,8,4,8.4,3.3,2,SS,4,4,89,89,14,14,161,161,4,4,1,C,1300,7,70,S,N
20100,2010,20220,2022,985,17089,17089,466,5,48,21,1,31,3100,335,222,222,9,4,6.4,3.55,1,NP,1,2,74,74,30,30,187,187,5,5,5,B,4800,8,80,S,N
20220,2022,20140,2014,788,12053,12053,68,4,6,9,2,16,1600,241,48,48,3,3,3.2,9.52,9,RE,3,3,98,98,5,5,47,47,4,4,1,B,600,9,90,S,N
20150,2015,20200,2020,259,18906,18906,224,1,8,26,5,22,2200,173,238,238,7,2,10.1,5.17,1,NP,4,5,50,50,17,17,168,168,1,1,5,D,800,5,50,N,N
20150,2015,20160,2016,860,18993,18993,491,2,32,68,1,5,500,37,488,488,4,1,7.0,4.58,10,AN,4,3,56,56,15,15,66,66,2,2,5,B,3200,3,30,S,N
20190,2019,20140,2014,679,16631,16631,89,3,29,12,1,16,1600,246,413,413,6,5,8.2,8.06,4,NT,4,10,92,92,29,29,13,13,3,3,4,B,2900,1,10,N,N
20230,2023,20120,2012,708,14983,14983,489,4,31,52,1,15,1500,494,136,136,7,1,5.0,0.5,6,MH,4,6,74,74,10,10,167,167,4,4,3,A,3100,2,20,N,N
20170,2017,20170,2017,153,15013,15013,219,1,24,98,5,35,3500,130,2,2,7,5,4.9,0.03,5,SB,5,5,87,87,30,30,86,86,1,1,2,E,2400,6,60,N,N
20200,2020,20150,2015,303,12826,12826,380,5,47,66,4,46,4600,212,177,177,3,2,5.3,9.8,9,RE,2,9,60,60,38,38,89,89,5,5,4,E,4700,2,20,N,N
20130,2013,20190,2019,576,18852,18852,6,5,7,88,1,22,2200,260,463,463,9,4,4.8,6.05,9,RE,1,1,87,87,13,13,106,106,5,5,3,E,700,4,40,S,N
20140,2014,20150,2015,547,13764,13764,108,3,43,76,4,23,2300,256,208,208,10,5,5.1,8.05,4,NT,4,5,52,52,4,4,161,161,3,3,4,E,4300,10,100,N,N
20210,2021,20120,2012,711,10701,10701,295,1,3,52,1,14,1400,497,130,130,2,4,3.7,7.85,5,SB,2,8,46,46,15,15,103,103,1,1,2,E,300,3,30,S,S
20150,2015,20200,2020,720,17073,17073,395,1,39,21,5,34,3400,212,335,335,3,4,6.9,6.58,8,AD,1,6,65,65,26,26,82,82,1,1,3,B,3900,5,50,S,S
20130,2013,20110,2011,227,17280,17280,249,4,1,23,5,11,1100,212,113,113,4,1,6.1,9.32,4,NT,5,4,63,63,14,14,173,173,4,4,3,B,100,5,50,S,S
20210,2021,20230,2023,276,10244,10244,217,2,35,20,2,17,1700,164,465,465,6,1,5.6,5.05,5,SB,5,1,48,48,45,45,36,36,2,2,3,E,3500,7,70,S,S
20130,2013,20190,2019,51,18519,18519,420,4,37,46,4,44,4400,102,166,166,5,4,9.3,1.04,2,SS,3,1,61,61,19,19,60,60,4,4,2,B,3700,1,10,S,N
20220,2022,20150,2015,98,13638,13638,435,4,31,41,4,22,2200,280,448,448,10,4,7.0,1.77,5,SB,4,6,27,27,42,42,134,134,4,4,1,B,3100,7,70,S,N
20230,2023,20200,2020,462,18966,18966,159,2,30,21,3,30,3000,208,95,95,4,5,6.9,4.39,1,NP,5,3,48,48,39,39,149,149,2,2,2,D,3000,4,40,N,N
20130,2013,20190,2019,298,12847,12847,290,2,39,15,1,3,300,197,492,492,7,4,6.0,2.34,10,AN,5,1,1,1,3,3,169,169,2,2,4,A,3900,1,10,N,S
20120,2012,20210,2021,3,14172,14172,412,1,32,57,5,12,1200,479,116,116,7,1,8.3,5.12,2,SS,4,7,3,3,45,45,145,145,1,1,3,D,3200,3,30,S,S
20110,2011,20200,2020,670,16875,16875,116,2,1,93,3,10,1000,61,236,236,9,3,11.1,9.38,1,NP,3,1,41,41,36,36,118,118,2,2,4,A,100,6,60,N,N
20150,2015,20240,2024,580,18063,18063,104,5,46,40,2,2,200,88,279,279,10,5,10.2,7.17,3,AP,2,1,21,21,46,46,193,193,5,5,1,B,4600,4,40,N,N
20220,2022,20200,2020,711,18475,18475,234,1,12,39,2,37,3700,373,113,113,3,1,4.2,4.74,7,CO,3,6,99,99,22,22,30,30,1,1,1,D,1200,10,100,N,N
20240,2024,20180,2018,271,13562,13562,493,3,6,72,3,15,1500,253,388,388,1,1,11.0,1.02,8,AD,4,5,42,42,25,25,183,183,3,3,3,A,600,8,80,N,S
20110,2011,20100,2010,12,15177,15177,71,5,30,90,5,18,1800,457,487,487,9,2,10.5,8.59,7,CO,4,6,43,43,49,49,28,28,5,5,2,A,3000,5,50,S,S
20110,2011,20210,2021,457,15068,15068,252,5,3,84,3,2,200,32,95,95,1,4,7.2,4.82,6,MH,3,3,16,16,17,17,115,115,5,5,4,A,300,4,40,S,S
20230,2023,20160,2016,942,10143,10143,29,4,3,59,5,8,800,144,237,237,10,5,11.3,3.73,6,MH,4,5,10,10,5,5,114,114,4,4,1,E,300,8,80,N,N
20200,2020,20230,2023,12,16983,16983,498,4,39,51,2,50,5000,97,264,264,4,5,7.2,8.0,1,NP,2,6,75,75,7,7,168,168,4,4,5,B,3900,1,10,N,N
20170,2017,20240,2024,137,15394,15394,197,4,35,56,3,12,1200,113,297,297,4,1,9.9,4.76,6,MH,2,4,89,89,4,4,37,37,4,4,1,A,3500,3,30,N,N
20150,2015,20120,2012,860,10937,10937,247,2,21,47,3,35,3500,5,417,417,2,4,11.9,5.26,7,CO,3,5,80,80,14,14,10,10,2,2,1,C,2100,3,30,S,N
20110,2011,20170,2017,205,15121,15121,269,3,9,60,4,28,2800,369,138,138,10,3,9.2,5.42,10,AN,3,9,16,16,18,18,79,79,3,3,3,E,900,6,60,S,N
20240,2024,20150,2015,856,13574,13574,451,1,24,81,2,1,100,252,174,174,1,1,8.9,5.24,4,NT,3,9,96,96,42,42,39,39,1,1,4,C,2400,6,60,S,N
20170,2017,20130,2013,189,15730,15730,84,1,23,32,1,17,1700,90,296,296,5,4,4.5,2.13,9,RE,1,8,56,56,45,45,28,28,1,1,5,A,2300,6,60,S,N
20200,2020,20100,2010,48,16719,16719,152,1,23,71,3,14,1400,355,326,326,2,2,5.1,9.85,1,NP,4,9,3,3,45,45,77,77,1,1,5,B,2300,6,60,S,N
20130,2013,20130,2013,811,10001,10001,36,4,14,75,3,46,4600,419,431,431,7,3,9.4,9.93,3,AP,3,1,82,82,9,9,88,88,4,4,5,B,1400,9,90,S,N
20220,2022,20210,2021,837,11986,11986,270,5,1,61,1,34,3400,199,169,169,4,4,4.2,2.05,9,RE,2,5,71,71,14,14,83,83,5,5,2,B,100,5,50,S,S
20240,2024,20180,2018,753,19449,19449,338,5,35,78,4,35,3500,284,61,61,6,2,6.9,6.8,10,AN,3,7,89,89,38,38,96,96,5,5,5,B,3500,9,90,S,N
20180,2018,20110,2011,673,12619,12619,163,3,23,24,1,1,100,398,16,16,4,5,9.9,5.47,2,SS,1,9,41,41,17,17,27,27,3,3,4,D,2300,5,50,N,S
20160,2016,20190,2019,284,12002,12002,431,1,39,90,5,8,800,216,8,8,5,3,9.7,4.65,1,NP,4,2,15,15,35,35,66,66,1,1,5,D,3900,10,100,N,S
20200,2020,20110,2011,282,14280,14280,454,2,30,25,1,2,200,42,253,253,3,4,11.5,6.03,7,CO,2,7,19,19,37,37,183,183,2,2,2,B,3000,10,100,S,S
20210,2021,20240,2024,603,17528,17528,26,1,50,35,5,10,1000,317,228,228,7,3,6.8,1.09,6,MH,2,10,14,14,7,7,63,63,1,1,1,B,5000,7,70,S,N
20190,2019,20190,2019,820,19387,19387,351,1,7,73,1,31,3100,93,146,146,2,4,4.2,7.9,10,AN,1,9,53,53,12,12,190,190,1,1,1,B,700,10,100,S,N
20230,2023,20200,2020,678,10716,10716,420,2,13,29,3,36,3600,123,30,30,2,2,11.4,6.47,1,NP,5,5,53,53,25,25,75,75,2,2,3,E,1300,8,80,S,N
20120,2012,20110,2011,166,17183,17183,463,4,49,67,2,36,3600,463,179,179,6,3,9.2,6.71,2,SS,3,2,37,37,22,22,177,177,4,4,4,B,4900,4,40,S,N
20200,2020,20230,2023,182,17669,17669,169,1,37,48,1,15,1500,239,496,496,5,2,10.9,9.96,5,SB,1,3,15,15,41,41,143,143,1,1,4,A,3700,5,50,S,N
20130,2013,20210,2021,996,19642,19642,224,1,2,21,3,7,700,9,429,429,5,2,6.1,2.2,2,SS,5,1,9,9,35,35,3,3,1,1,5,D,200,1,10,S,S
20170,2017,20110,2011,595,12077,12077,72,5,12,4,2,42,4200,178,383,383,10,2,6.5,7.89,4,NT,1,2,73,73,1,1,134,134,5,5,3,C,1200,6,60,N,N
20160,2016,20210,2021,40,12717,12717,106,1,10,25,5,21,2100,104,114,114,5,5,11.1,9.0,4,NT,5,8,25,25,25,25,194,194,1,1,4,C,1000,5,50,N,S
20180,2018,20170,2017,259,19153,19153,168,4,48,60,2,18,1800,211,92,92,7,3,10.0,0.5,8,AD,5,10,16,16,50,50,14,14,4,4,1,B,4800,10,100,N,N
20140,2014,20210,2021,469,18906,18906,127,4,13,6,2,39,3900,47,39,39,8,2,9.9,2.23,2,SS,5,2,24,24,40,40,24,24,4,4,1,A,1300,5,50,S,S
20200,2020,20100,2010,254,11284,11284,442,2,44,72,2,36,3600,311,9,9,9,4,11.5,2.79,9,RE,1,3,60,60,25,25,3,3,2,2,2,B,4400,6,60,N,N
20190,2019,20130,2013,693,13867,13867,127,2,28,67,4,44,4400,84,202,202,4,3,11.4,2.12,4,NT,4,4,70,70,29,29,88,88,2,2,1,C,2800,3,30,N,S
20130,2013,20210,2021,10,12409,12409,214,1,10,61,5,3,300,283,46,46,7,3,9.0,9.68,1,NP,4,5,43,43,10,10,96,96,1,1,1,A,1000,2,20,N,N
20170,2017,20220,2022,158,10967,10967,437,5,30,78,2,48,4800,199,15,15,3,3,11.9,2.75,7,CO,4,9,99,99,46,46,91,91,5,5,2,D,3000,9,90,N,S
20190,2019,20190,2019,535,19569,19569,75,5,26,31,4,35,3500,363,478,478,6,2,11.5,0.7,9,RE,2,1,27,27,44,44,122,122,5,5,3,E,2600,4,40,S,S
20140,2014,20130,2013,287,19157,19157,262,5,19,30,2,3,300,102,176,176,6,3,5.8,8.86,1,NP,5,6,98,98,46,46,184,184,5,5,1,A,1900,8,80,S,S
20210,2021,20240,2024,61,14014,14014,441,1,13,10,2,25,2500,142,439,439,1,3,9.0,8.11,3,AP,5,3,38,38,29,29,111,111,1,1,5,B,1300,9,90,S,N
20210,2021,20220,2022,31,19223,19223,90,5,24,71,5,20,2000,462,489,489,9,1,8.7,3.24,2,SS,4,6,71,71,34,34,169,169,5,5,1,A,2400,7,70,S,N
20130,2013,20180,2018,197,10977,10977,362,1,46,23,1,7,700,206,21,21,8,3,5.8,8.29,2,SS,4,10,37,37,5,5,49,49,1,1,3,C,4600,9,90,S,N
20170,2017,20170,2017,463,10193,10193,269,5,39,3,4,13,1300,108,362,362,2,3,10.6,8.25,6,MH,5,5,30,30,20,20,112,112,5,5,4,B,3900,2,20,S,N
20180,2018,20160,2016,562,16011,16011,21,1,50,73,4,23,2300,185,169,169,9,4,4.8,9.12,2,SS,3,2,66,66,35,35,134,134,1,1,3,E,5000,4,40,S,S
20130,2013,20140,2014,501,15880,15880,459,4,6,52,2,28,2800,310,42,42,2,1,11.8,0.38,9,RE,3,8,60,60,14,14,196,196,4,4,3,C,600,2,20,S,N
20240,2024,20210,2021,729,10984,10984,142,4,38,68,1,4,400,334,90,90,2,1,7.6,6.13,6,MH,2,5,7,7,18,18,73,73,4,4,5,B,3800,2,20,N,N
20120,2012,20240,2024,816,13011,13011,466,1,28,60,3,1,100,339,305,305,2,2,3.2,0.2,4,NT,3,3,24,24,2,2,152,152,1,1,2,E,2800,1,10,S,S
20210,2021,20110,2011,260,16655,16655,418,4,8,37,4,5,500,85,332,332,4,2,4.4,6.17,2,SS,1,7,62,62,24,24,72,72,4,4,1,E,800,4,40,S,S
20140,2014,20150,2015,99,12529,12529,164,2,40,15,2,38,3800,426,292,292,9,1,3.1,7.59,5,SB,3,5,48,48,14,14,100,100,2,2,2,C,4000,7,70,S,N
20180,2018,20230,2023,775,10233,10233,16,3,48,15,1,21,2100,68,49,49,5,5,6.4,6.33,2,SS,2,6,73,73,46,46,148,148,3,3,3,E,4800,5,50,S,N
20140,2014,20110,2011,366,13205,13205,376,3,18,1,4,1,100,100,126,126,10,4,10.1,3.25,7,CO,5,3,47,47,2,2,103,103,3,3,2,B,1800,10,100,N,N
20140,2014,20120,2012,232,19548,19548,100,2,3,79,5,45,4500,441,234,234,10,5,5.3,4.98,1,NP,2,4,76,76,23,23,25,25,2,2,1,C,300,1,10,N,S
20110,2011,20100,2010,535,19159,19159,266,3,20,97,4,27,2700,266,323,323,3,4,11.9,1.4,3,AP,2,10,59,59,44,44,156,156,3,3,4,B,2000,1,10,S,N
20210,2021,20170,2017,125,13805,13805,259,3,49,47,3,35,3500,76,414,414,9,3,4.8,9.96,8,AD,4,2,68,68,12,12,19,19,3,3,1,B,4900,1,10,N,S
20230,2023,20190,2019,725,14251,14251,152,1,28,71,4,33,3300,408,351,351,2,4,4.1,7.7,3,AP,5,9,39,39,50,50,32,32,1,1,1,A,2800,10,100,S,N
20140,2014,20180,2018,304,16064,16064,33,3,49,55,2,44,4400,41,453,453,4,3,7.2,1.98,5,SB,1,1,73,73,6,6,21,21,3,3,5,E,4900,2,20,S,N
20120,2012,20190,2019,179,16985,16985,431,5,16,26,3,35,3500,264,20,20,3,1,10.6,4.77,8,AD,2,5,59,59,14,14,133,133,5,5,2,B,1600,10,100,N,N
20140,2014,20120,2012,629,15239,15239,86,2,22,93,5,50,5000,186,293,293,7,1,11.6,2.07,7,CO,5,4,62,62,29,29,124,124,2,2,2,B,2200,7,70,S,N
20160,2016,20160,2016,591,11886,11886,143,5,21,14,5,39,3900,317,378,378,10,2,6.4,8.2,8,AD,1,9,92,92,11,11,114,114,5,5,3,E,2100,1,10,S,N
20190,2019,20100,2010,960,19080,19080,446,5,44,34,1,41,4100,77,72,72,5,3,5.9,1.79,3,AP,1,3,88,88,31,31,83,83,5,5,5,E,4400,7,70,N,S
20150,2015,20150,2015,534,10910,10910,62,2,36,87,5,10,1000,273,290,290,5,2,8.5,1.57,2,SS,2,10,69,69,19,19,84,84,2,2,4,B,3600,6,60,N,N
20220,2022,20240,2024,982,12729,12729,210,1,12,71,4,26,2600,92,199,199,1,1,5.5,9.99,9,RE,4,7,25,25,1,1,84,84,1,1,3,A,1200,6,60,S,N
20100,2010,20200,2020,288,18029,18029,99,4,23,24,2,39,3900,187,35,35,6,2,4.1,1.53,9,RE,5,9,26,26,41,41,31,31,4,4,2,E,2300,8,80,S,N
20100,2010,20160,2016,520,13485,13485,19,2,22,15,3,46,4600,276,55,55,8,5,9.7,1.56,8,AD,3,3,48,48,38,38,186,186,2,2,1,D,2200,5,50,S,N
20110,2011,20220,2022,802,12814,12814,278,2,48,27,5,41,4100,257,358,358,10,4,6.5,0.59,1,NP,1,9,57,57,22,22,145,145,2,2,5,C,4800,7,70,N,S
20200,2020,20190,2019,766,10826,10826,148,5,35,80,2,19,1900,19,214,214,1,5,10.1,8.39,5,SB,5,2,95,95,23,23,50,50,5,5,1,B,3500,3,30,S,N
20110,2011,20140,2014,330,18127,18127,119,4,43,12,3,17,1700,308,30,30,6,2,9.6,9.0,5,SB,4,9,41,41,28,28,69,69,4,4,5,E,4300,3,30,S,N
20220,2022,20150,2015,31,17044,17044,184,5,45,7,1,4,400,58,453,453,4,2,11.3,2.23,7,CO,3,6,61,61,50,50,94,94,5,5,3,A,4500,8,80,S,N
20240,2024,20200,2020,946,12962,12962,183,2,31,19,5,3,300,407,264,264,7,4,11.4,1.55,6,MH,1,1,51,51,5,5,147,147,2,2,4,B,3100,3,30,S,N
20100,2010,20240,2024,66,11375,11375,476,3,27,67,5,13,1300,353,33,33,4,3,11.5,8.32,5,SB,1,3,22,22,35,35,135,135,3,3,5,E,2700,1,10,N,S
20130,2013,20140,2014,142,10023,10023,350,3,49,72,5,33,3300,457,426,426,8,5,8.9,7.59,5,SB,2,1,73,73,21,21,54,54,3,3,1,C,4900,6,60,N,N
20140,2014,20220,2022,638,15218,15218,415,3,6,12,3,4,400,440,381,381,8,4,9.4,5.78,5,SB,2,5,87,87,29,29,28,28,3,3,1,B,600,8,80,N,S
20210,2021,20100,2010,243,18387,18387,243,3,22,85,4,9,900,399,181,181,2,2,4.0,6.47,9,RE,4,6,65,65,33,33,107,107,3,3,2,E,2200,4,40,N,N
20200,2020,20120,2012,949,15795,15795,71,5,17,5,2,30,3000,225,33,33,9,2,7.6,8.62,10,AN,4,6,57,57,20,20,73,73,5,5,5,A,1700,6,60,N,N
20210,2021,20240,2024,651,19484,19484,223,5,13,70,4,18,1800,445,32,32,2,2,4.1,1.33,8,AD,2,9,89,89,17,17,148,148,5,5,5,E,1300,7,70,N,N
20140,2014,20180,2018,907,17815,17815,322,2,35,34,4,39,3900,114,163,163,1,4,3.6,5.96,6,MH,4,1,23,23,49,49,200,200,2,2,5,B,3500,6,60,S,N
20130,2013,20170,2017,367,10871,10871,451,3,13,48,3,33,3300,191,154,154,5,1,5.5,0.23,2,SS,3,4,20,20,30,30,111,111,3,3,5,B,1300,2,20,S,N
20230,2023,20120,2012,788,15604,15604,370,5,17,66,1,30,3000,96,205,205,1,4,4.4,6.12,6,MH,3,7,82,82,46,46,65,65,5,5,2,E,1700,10,100,N,N
20110,2011,20170,2017,912,18438,18438,479,5,30,3,2,43,4300,180,305,305,6,1,4.2,4.08,2,SS,3,9,36,36,38,38,158,158,5,5,3,D,3000,3,30,N,N
20200,2020,20100,2010,298,12303,12303,178,1,23,14,3,2,200,452,196,196,9,1,3.2,10.0,1,NP,3,2,41,41,49,49,103,103,1,1,4,C,2300,3,30,S,S
20190,2019,20140,2014,207,11124,11124,17,5,11,98,2,3,300,100,9,9,7,2,9.2,4.55,6,MH,3,1,89,89,36,36,68,68,5,5,3,E,1100,3,30,N,N
20170,2017,20100,2010,900,17723,17723,469,3,35,93,1,47,4700,89,313,313,9,1,3.1,3.67,1,NP,5,8,81,81,13,13,93,93,3,3,3,E,3500,10,100,S,N
20220,2022,20150,2015,636,11995,11995,100,4,40,8,2,37,3700,335,211,211,5,2,6.3,1.3,10,AN,2,4,74,74,6,6,60,60,4,4,4,A,4000,5,50,N,N
20210,2021,20100,2010,71,10079,10079,406,3,42,43,2,31,3100,235,110,110,7,2,9.4,1.39,8,AD,4,5,51,51,12,12,76,76,3,3,5,A,4200,3,30,N,N
20190,2019,20170,2017,570,17361,17361,297,4,1,50,5,14,1400,496,281,281,6,1,5.3,4.57,10,AN,3,9,10,10,11,11,74,74,4,4,5,E,100,7,70,N,S
20200,2020,20200,2020,845,15789,15789,468,2,37,19,3,1,100,7,266,266,10,3,9.0,1.48,10,AN,1,3,46,46,7,7,86,86,2,2,3,A,3700,1,10,N,N
20240,2024,20210,2021,690,14601,14601,33,2,5,51,5,31,3100,119,424,424,6,1,10.9,4.56,4,NT,2,10,75,75,3,3,195,195,2,2,4,A,500,2,20,S,N
20180,2018,20130,2013,127,18444,18444,417,5,37,32,5,35,3500,219,487,487,4,5,11.0,7.46,2,SS,2,5,91,91,10,10,109,109,5,5,1,C,3700,10,100,N,N
20190,2019,20230,2023,608,15704,15704,219,1,25,57,2,3,300,76,342,342,10,3,8.1,5.73,9,RE,2,4,38,38,1,1,17,17,1,1,5,E,2500,5,50,N,N
20220,2022,20110,2011,776,15547,15547,285,1,50,27,1,49,4900,148,221,221,10,3,10.5,4.64,8,AD,4,9,35,35,41,41,167,167,1,1,3,A,5000,4,40,N,N
20180,2018,20200,2020,706,14563,14563,375,3,8,67,5,23,2300,181,76,76,1,2,10.1,5.39,4,NT,4,2,74,74,32,32,152,152,3,3,2,D,800,6,60,S,S
20200,2020,20130,2013,901,13612,13612,147,2,12,42,5,37,3700,161,212,212,4,4,3.7,6.62,9,RE,2,10,28,28,29,29,126,126,2,2,4,E,1200,6,60,N,N
20150,2015,20240,2024,887,15573,15573,480,5,35,90,5,2,200,196,256,256,4,2,6.8,4.76,3,AP,1,8,97,97,39,39,193,193,5,5,3,B,3500,8,80,N,N
20150,2015,20100,2010,810,10157,10157,290,5,17,35,5,19,1900,18,348,348,2,3,11.7,0.27,10,AN,1,10,53,53,33,33,118,118,5,5,2,E,1700,1,10,S,N
20230,2023,20190,2019,727,10832,10832,160,1,49,30,1,27,2700,375,361,361,5,1,8.4,5.9,5,SB,3,6,48,48,39,39,157,157,1,1,2,C,4900,2,20,N,N
20110,2011,20230,2023,182,16815,16815,476,4,4,7,3,8,800,124,86,86,10,3,8.2,5.19,7,CO,4,7,21,21,20,20,123,123,4,4,1,B,400,9,90,N,N
20110,2011,20130,2013,458,14626,14626,454,5,31,30,3,40,4000,173,170,170,7,1,11.6,0.68,1,NP,4,2,60,60,8,8,38,38,5,5,4,A,3100,6,60,S,N
20200,2020,20230,2023,89,19877,19877,232,4,44,68,4,8,800,348,127,127,7,3,6.6,6.42,10,AN,1,6,40,40,20,20,198,198,4,4,5,E,4400,2,20,N,N
20220,2022,20120,2012,192,19365,19365,374,5,19,25,3,1,100,445,215,215,5,5,4.2,1.03,3,AP,2,1,85,85,41,41,169,169,5,5,1,C,1900,2,20,N,N
20170,2017,20210,2021,737,17149,17149,27,2,29,63,4,31,3100,56,281,281,9,1,4.4,4.8,4,NT,5,1,96,96,36,36,169,169,2,2,4,D,2900,7,70,S,N
20160,2016,20180,2018,855,17732,17732,466,5,21,22,1,12,1200,285,378,378,2,5,7.2,2.96,4,NT,3,3,1,1,3,3,103,103,5,5,2,B,2100,3,30,S,S
20160,2016,20160,2016,535,12447,12447,12,1,28,36,5,47,4700,425,15,15,7,3,10.6,2.45,3,AP,5,9,59,59,24,24,158,158,1,1,4,E,2800,3,30,S,N
20230,2023,20130,2013,252,13244,13244,332,2,43,39,1,31,3100,205,26,26,4,5,7.3,5.54,7,CO,3,7,49,49,29,29,167,167,2,2,1,E,4300,4,40,N,S
20110,2011,20200,2020,735,16444,16444,129,1,19,36,1,4,400,293,122,122,5,5,6.4,5.63,4,NT,1,8,25,25,28,28,159,159,1,1,2,C,1900,7,70,N,N
20170,2017,20190,2019,543,18639,18639,203,2,50,92,3,47,4700,256,174,174,9,5,11.9,0.89,7,CO,5,1,8,8,49,49,66,66,2,2,3,E,5000,5,50,N,N
20190,2019,20140,2014,373,10809,10809,226,1,19,54,4,31,3100,355,488,488,5,3,9.4,9.14,5,SB,5,6,41,41,3,3,25,25,1,1,5,A,1900,2,20,S,N
20230,2023,20140,2014,680,18970,18970,463,3,50,35,3,21,2100,225,291,291,1,1,9.2,2.15,7,CO,4,8,31,31,21,21,168,168,3,3,2,A,5000,1,10,N,S
20180,2018,20220,2022,707,18575,18575,112,3,22,54,2,19,1900,450,57,57,9,3,10.1,8.54,10,AN,2,9,23,23,28,28,53,53,3,3,4,B,2200,4,40,N,N
20120,2012,20220,2022,439,10200,10200,331,2,5,27,4,43,4300,454,51,51,9,5,3.1,8.61,8,AD,1,8,32,32,8,8,149,149,2,2,4,A,500,3,30,N,N
20170,2017,20240,2024,905,12829,12829,60,4,8,41,3,50,5000,29,16,16,8,1,7.6,4.64,9,RE,3,3,34,34,38,38,144,144,4,4,2,E,800,2,20,N,S
20150,2015,20240,2024,458,12981,12981,404,1,11,80,2,1,100,107,18,18,3,5,11.8,0.71,3,AP,3,4,28,28,34,34,83,83,1,1,2,A,1100,9,90,N,N
20220,2022,20150,2015,582,14214,14214,464,2,35,30,5,4,400,304,390,390,6,1,11.2,1.75,10,AN,3,10,63,63,39,39,19,19,2,2,3,B,3500,7,70,S,N
20190,2019,20130,2013,74,12106,12106,186,3,1,54,2,29,2900,18,479,479,10,4,5.4,0.23,3,AP,1,10,44,44,17,17,6,6,3,3,3,D,100,8,80,N,N
20200,2020,20210,2021,153,12209,12209,418,4,5,100,4,13,1300,208,475,475,2,5,10.7,3.87,6,MH,5,5,17,17,14,14,168,168,4,4,5,D,500,9,90,S,N
20180,2018,20150,2015,669,10837,10837,23,1,26,20,4,47,4700,195,23,23,7,4,5.8,2.73,7,CO,2,8,76,76,31,31,117,117,1,1,3,D,2600,4,40,S,N
20190,2019,20100,2010,866,15484,15484,450,3,28,55,1,9,900,307,14,14,3,2,10.9,2.79,7,CO,4,10,54,54,28,28,47,47,3,3,3,D,2800,10,100,S,S
20130,2013,20140,2014,655,16645,16645,418,2,12,33,3,30,3000,122,149,149,10,4,4.2,3.11,5,SB,1,2,59,59,17,17,69,69,2,2,5,A,1200,8,80,N,N
20120,2012,20120,2012,159,11613,11613,400,3,3,12,2,13,1300,119,390,390,7,2,3.2,9.61,9,RE,5,6,40,40,13,13,34,34,3,3,1,E,300,10,100,S,S
20180,2018,20190,2019,391,16883,16883,214,5,38,62,5,9,900,356,358,358,4,2,9.0,2.8,10,AN,2,5,76,76,36,36,52,52,5,5,4,B,3800,7,70,S,S
20240,2024,20110,2011,880,11884,11884,119,5,4,76,5,36,3600,417,164,164,10,1,11.6,0.19,6,MH,3,10,75,75,46,46,140,140,5,5,1,B,400,8,80,S,S
20240,2024,20120,2012,785,16343,16343,212,2,20,50,5,28,2800,50,393,393,8,4,9.8,6.88,2,SS,1,10,41,41,26,26,168,168,2,2,1,B,2000,4,40,S,N
20120,2012,20240,2024,291,10430,10430,327,1,49,45,3,30,3000,254,80,80,4,1,9.7,1.66,6,MH,4,8,8,8,22,22,6,6,1,1,4,B,4900,9,90,S,S
20150,2015,20100,2010,200,18861,18861,353,2,30,7,5,42,4200,408,350,350,4,5,10.0,8.49,6,MH,1,2,20,20,46,46,17,17,2,2,3,E,3000,7,70,S,N
20140,2014,20130,2013,768,16214,16214,353,5,13,27,5,35,3500,179,300,300,2,3,5.3,2.75,3,AP,3,2,35,35,14,14,134,134,5,5,4,D,1300,9,90,N,N
20130,2013,20220,2022,126,19209,19209,426,2,35,31,5,26,2600,148,233,233,9,3,10.3,5.98,7,CO,2,2,83,83,29,29,27,27,2,2,1,A,3500,10,100,N,N
20160,2016,20110,2011,337,16871,16871,56,2,14,32,1,18,1800,107,394,394,4,2,3.2,3.42,6,MH,5,9,20,20,24,24,187,187,2,2,5,E,1400,1,10,S,N
20200,2020,20120,2012,690,18653,18653,62,5,4,9,2,6,600,186,220,220,10,4,7.4,6.09,7,CO,4,9,94,94,9,9,84,84,5,5,4,B,400,4,40,N,N
20130,2013,20200,2020,740,12272,12272,55,2,39,76,5,48,4800,491,324,324,1,3,7.5,1.34,4,NT,5,1,34,34,15,15,55,55,2,2,5,E,3900,9,90,N,N
20170,2017,20230,2023,312,12019,12019,104,1,2,76,1,26,2600,159,117,117,4,5,10.3,0.1,8,AD,4,2,10,10,6,6,150,150,1,1,2,E,200,8,80,S,N
20110,2011,20120,2012,922,15152,15152,62,5,34,12,3,26,2600,158,25,25,4,3,8.0,0.82,9,RE,5,7,36,36,41,41,147,147,5,5,2,B,3400,2,20,N,N
20160,2016,20210,2021,734,10687,10687,182,3,2,63,4,16,1600,199,55,55,8,1,9.0,5.29,9,RE,1,10,50,50,41,41,63,63,3,3,1,E,200,2,20,N,N
20210,2021,20170,2017,997,17774,17774,497,4,45,84,4,47,4700,387,191,191,8,2,3.3,8.81,5,SB,4,8,88,88,18,18,162,162,4,4,3,E,4500,5,50,N,N
20200,2020,20160,2016,277,17715,17715,455,4,45,43,2,34,3400,414,13,13,9,1,3.8,0.48,3,AP,4,6,38,38,38,38,13,13,4,4,2,E,4500,10,100,N,N
20150,2015,20230,2023,106,17112,17112,111,3,41,70,1,21,2100,70,205,205,7,1,3.7,3.46,10,AN,2,8,88,88,26,26,195,195,3,3,3,C,4100,1,10,S,N
20220,2022,20120,2012,518,15303,15303,102,3,4,77,1,46,4600,2,326,326,7,4,9.2,5.62,6,MH,4,6,64,64,6,6,164,164,3,3,3,E,400,10,100,S,N
20120,2012,20180,2018,472,16571,16571,45,5,9,1,5,18,1800,202,146,146,5,1,5.4,6.75,7,CO,2,10,5,5,21,21,87,87,5,5,1,A,900,6,60,S,N
20240,2024,20200,2020,168,13897,13897,451,1,15,75,5,31,3100,468,332,332,7,3,5.4,9.57,3,AP,4,6,43,43,18,18,54,54,1,1,4,E,1500,3,30,S,N
20130,2013,20240,2024,555,17759,17759,221,4,39,89,5,44,4400,63,477,477,7,2,10.2,0.36,5,SB,2,8,49,49,13,13,95,95,4,4,5,E,3900,4,40,N,N
20130,2013,20240,2024,740,11234,11234,242,5,46,14,3,16,1600,172,470,470,10,3,10.2,8.84,5,SB,1,9,52,52,22,22,87,87,5,5,4,C,4600,2,20,N,S
20210,2021,20140,2014,795,17620,17620,105,5,24,23,4,15,1500,262,86,86,10,4,9.5,5.14,3,AP,2,4,41,41,10,10,199,199,5,5,4,C,2400,10,100,N,N
20230,2023,20170,2017,199,19374,19374,53,3,10,100,3,5,500,431,115,115,5,2,12.0,8.94,10,AN,3,9,69,69,17,17,55,55,3,3,4,A,1000,3,30,S,S
20210,2021,20100,2010,690,10772,10772,441,5,30,16,5,30,3000,90,473,473,8,1,10.3,4.14,2,SS,4,9,20,20,46,46,45,45,5,5,1,E,3000,7,70,N,N
20130,2013,20120,2012,892,14500,14500,330,3,37,71,1,38,3800,273,224,224,10,5,3.7,7.5,3,AP,4,4,52,52,31,31,106,106,3,3,4,B,3700,5,50,S,S
20240,2024,20160,2016,474,18993,18993,361,4,3,50,1,24,2400,82,246,246,4,3,9.7,6.09,5,SB,2,8,46,46,33,33,134,134,4,4,2,C,300,9,90,S,S
20200,2020,20160,2016,793,17465,17465,461,5,50,36,3,28,2800,325,331,331,5,4,10.4,4.12,3,AP,5,3,74,74,16,16,74,74,5,5,4,C,5000,9,90,N,N
20100,2010,20170,2017,581,15060,15060,476,1,34,8,2,39,3900,194,202,202,9,5,7.8,2.47,1,NP,1,2,17,17,3,3,32,32,1,1,5,B,3400,3,30,N,N
20120,2012,20180,2018,312,16127,16127,126,4,25,35,4,49,4900,110,308,308,6,5,8.7,4.67,7,CO,1,5,2,2,50,50,166,166,4,4,4,C,2500,7,70,S,S
20190,2019,20190,2019,515,13909,13909,58,3,38,55,5,5,500,283,297,297,2,1,8.1,5.16,7,CO,1,6,86,86,39,39,86,86,3,3,5,C,3800,10,100,N,N
20150,2015,20120,2012,588,16042,16042,170,3,33,1,1,24,2400,171,82,82,6,5,7.5,7.73,9,RE,3,10,37,37,41,41,117,117,3,3,1,E,3300,1,10,N,S
20210,2021,20130,2013,716,18893,18893,203,4,34,56,4,44,4400,212,152,152,8,3,8.0,2.23,10,AN,5,2,52,52,7,7,46,46,4,4,1,D,3400,2,20,N,S
20140,2014,20230,2023,929,10855,10855,284,1,7,98,5,41,4100,21,459,459,6,5,3.9,3.32,1,NP,2,8,3,3,20,20,149,149,1,1,2,B,700,1,10,S,S
20100,2010,20130,2013,855,14845,14845,212,1,21,8,2,7,700,438,121,121,6,4,4.9,6.27,1,NP,1,6,20,20,29,29,98,98,1,1,2,A,2100,6,60,N,S
20130,2013,20180,2018,851,16859,16859,436,3,39,37,2,38,3800,136,176,176,10,2,4.0,6.93,4,NT,1,10,50,50,1,1,187,187,3,3,4,C,3900,10,100,N,S
20100,2010,20110,2011,773,16572,16572,310,3,32,48,2,16,1600,238,301,301,10,1,6.2,4.88,6,MH,1,8,8,8,28,28,197,197,3,3,2,A,3200,1,10,S,N
20100,2010,20130,2013,28,13353,13353,453,5,46,53,3,44,4400,415,422,422,3,1,4.2,8.19,5,SB,3,9,77,77,10,10,155,155,5,5,4,E,4600,3,30,S,N
20170,2017,20110,2011,48,12617,12617,51,3,25,27,5,39,3900,431,32,32,2,2,10.5,4.23,5,SB,1,6,11,11,36,36,70,70,3,3,3,D,2500,6,60,N,S
20150,2015,20190,2019,529,10381,10381,141,1,20,63,1,4,400,280,326,326,6,3,4.0,1.12,10,AN,1,4,7,7,41,41,115,115,1,1,1,D,2000,10,100,N,N
20140,2014,20200,2020,336,19280,19280,32,5,10,81,1,38,3800,391,261,261,5,4,10.9,9.07,4,NT,2,5,61,61,19,19,188,188,5,5,5,D,1000,1,10,S,S
20240,2024,20150,2015,995,16662,16662,236,2,28,93,1,29,2900,408,171,171,7,1,8.8,7.39,8,AD,4,8,78,78,25,25,12,12,2,2,1,A,2800,7,70,N,N
20210,2021,20120,2012,353,19194,19194,193,3,16,93,4,41,4100,34,171,171,3,1,3.7,4.27,2,SS,3,4,78,78,23,23,1,1,3,3,5,A,1600,6,60,S,N
20210,2021,20160,2016,819,10860,10860,437,5,21,15,1,35,3500,41,134,134,5,4,9.1,2.41,8,AD,4,7,92,92,9,9,42,42,5,5,2,D,2100,2,20,S,S
20100,2010,20100,2010,794,18318,18318,110,5,28,22,5,22,2200,130,181,181,4,4,11.6,9.67,8,AD,2,5,16,16,15,15,84,84,5,5,4,A,2800,7,70,S,N
20110,2011,20130,2013,260,10158,10158,356,4,45,14,1,28,2800,345,70,70,8,5,10.1,5.12,9,RE,3,10,79,79,1,1,109,109,4,4,2,E,4500,6,60,S,N
20240,2024,20220,2022,797,16762,16762,378,1,13,83,1,39,3900,466,390,390,8,2,6.0,4.43,3,AP,2,2,15,15,25,25,134,134,1,1,5,A,1300,9,90,S,S
20220,2022,20220,2022,880,12784,12784,408,4,7,43,2,36,3600,73,326,326,2,1,4.1,7.18,2,SS,3,9,63,63,27,27,16,16,4,4,3,C,700,4,40,N,N
20110,2011,20150,2015,501,12471,12471,15,4,48,30,1,11,1100,91,201,201,1,2,7.1,1.3,6,MH,3,3,69,69,30,30,67,67,4,4,3,A,4800,10,100,S,N
20100,2010,20230,2023,525,16598,16598,138,2,48,28,5,42,4200,437,231,231,4,5,7.3,1.19,5,SB,3,8,75,75,35,35,30,30,2,2,4,C,4800,6,60,S,N
20150,2015,20180,2018,467,13281,13281,199,2,17,6,5,23,2300,437,138,138,9,3,11.9,2.47,9,RE,2,9,65,65,27,27,105,105,2,2,1,D,1700,5,50,N,N
20180,2018,20230,2023,861,11157,11157,142,3,14,18,2,44,4400,408,115,115,5,3,8.2,0.54,2,SS,4,2,18,18,34,34,177,177,3,3,1,D,1400,10,100,S,S
20190,2019,20180,2018,665,16281,16281,112,3,9,64,4,28,2800,385,245,245,5,2,6.6,6.7,1,NP,5,4,32,32,24,24,19,19,3,3,5,A,900,1,10,N,N
20230,2023,20170,2017,226,15857,15857,278,1,18,4,3,24,2400,185,406,406,3,3,8.6,6.05,4,NT,3,5,24,24,42,42,165,165,1,1,2,C,1800,5,50,S,N
20120,2012,20100,2010,750,18970,18970,428,5,33,70,1,7,700,295,93,93,10,3,7.4,8.2,7,CO,2,1,95,95,25,25,30,30,5,5,3,D,3300,7,70,S,N
20140,2014,20120,2012,821,18650,18650,134,5,49,93,3,33,3300,160,50,50,9,2,7.1,0.46,8,AD,4,8,91,91,20,20,148,148,5,5,4,D,4900,7,70,N,S
20230,2023,20100,2010,98,16507,16507,364,5,40,51,1,28,2800,365,366,366,2,3,9.3,9.62,10,AN,5,5,11,11,19,19,137,137,5,5,4,E,4000,2,20,N,S
20150,2015,20240,2024,936,14489,14489,362,1,44,68,2,46,4600,457,271,271,8,4,7.0,2.16,9,RE,1,7,99,99,35,35,21,21,1,1,2,E,4400,1,10,S,N
20130,2013,20200,2020,604,17821,17821,467,1,13,30,3,3,300,201,265,265,4,1,7.4,3.19,10,AN,3,9,58,58,46,46,22,22,1,1,5,D,1300,1,10,S,N
20130,2013,20150,2015,321,18117,18117,380,3,11,11,1,14,1400,312,192,192,1,5,8.2,8.37,3,AP,1,2,89,89,43,43,135,135,3,3,1,E,1100,4,40,S,N
20190,2019,20150,2015,681,18531,18531,182,3,9,22,2,25,2500,68,273,273,5,3,4.0,1.74,4,NT,4,2,38,38,16,16,18,18,3,3,2,D,900,4,40,S,N
20140,2014,20110,2011,809,14134,14134,348,3,46,24,4,29,2900,266,124,124,2,1,7.7,5.95,9,RE,4,10,41,41,35,35,192,192,3,3,4,B,4600,9,90,S,S
20230,2023,20220,2022,281,17102,17102,76,2,25,61,2,15,1500,302,138,138,9,1,11.7,6.46,1,NP,2,6,35,35,9,9,169,169,2,2,2,A,2500,5,50,N,S
20220,2022,20130,2013,237,17455,17455,131,1,21,30,3,1,100,447,278,278,1,4,6.1,7.77,7,CO,4,10,59,59,30,30,79,79,1,1,1,C,2100,9,90,S,S
20120,2012,20130,2013,734,13893,13893,194,5,16,3,1,42,4200,91,38,38,4,2,3.0,4.21,9,RE,1,5,90,90,46,46,131,131,5,5,5,E,1600,10,100,N,N
20180,2018,20140,2014,824,10691,10691,400,1,36,58,1,24,2400,306,355,355,8,1,8.3,9.77,7,CO,5,10,6,6,6,6,157,157,1,1,5,D,3600,3,30,N,N
20180,2018,20130,2013,50,16152,16152,366,5,20,96,5,23,2300,390,354,354,3,1,5.5,3.59,6,MH,4,5,95,95,42,42,26,26,5,5,5,B,2000,6,60,S,N
20100,2010,20160,2016,124,19554,19554,181,4,50,65,4,34,3400,260,175,175,1,1,4.3,7.78,5,SB,2,8,76,76,11,11,63,63,4,4,2,B,5000,5,50,S,N
20180,2018,20180,2018,699,11416,11416,447,5,13,20,5,27,2700,322,61,61,8,3,7.6,6.31,2,SS,2,2,98,98,20,20,150,150,5,5,5,B,1300,3,30,S,N
20170,2017,20170,2017,977,15486,15486,216,1,8,74,4,14,1400,354,166,166,8,1,3.0,8.25,2,SS,4,8,49,49,36,36,3,3,1,1,4,C,800,8,80,N,S
20170,2017,20150,2015,565,12232,12232,122,4,47,6,2,24,2400,369,33,33,2,3,8.7,3.05,1,NP,3,8,75,75,20,20,60,60,4,4,1,A,4700,2,20,S,N
20220,2022,20120,2012,999,12128,12128,16,1,1,44,1,35,3500,465,11,11,1,2,7.3,2.88,2,SS,1,7,57,57,43,43,42,42,1,1,2,E,100,1,10,N,S
20210,2021,20240,2024,674,17967,17967,344,4,49,12,4,7,700,156,19,19,8,4,6.4,1.49,2,SS,1,1,54,54,8,8,53,53,4,4,4,B,4900,6,60,N,N
20180,2018,20130,2013,109,15306,15306,310,4,28,2,2,36,3600,16,314,314,2,1,11.6,0.3,2,SS,2,1,15,15,15,15,96,96,4,4,3,E,2800,2,20,N,S
20220,2022,20240,2024,876,16600,16600,409,3,48,54,5,40,4000,293,369,369,4,4,4.1,4.17,9,RE,2,2,22,22,6,6,93,93,3,3,2,B,4800,4,40,S,S
20240,2024,20180,2018,76,15698,15698,320,4,41,33,4,7,700,68,247,247,7,3,9.4,3.08,5,SB,3,10,93,93,32,32,96,96,4,4,3,A,4100,4,40,N,N
20200,2020,20220,2022,114,11673,11673,104,5,27,53,5,32,3200,497,323,323,1,4,6.0,8.71,2,SS,3,9,69,69,42,42,25,25,5,5,5,C,2700,10,100,S,N
20230,2023,20240,2024,413,14734,14734,389,4,9,40,5,48,4800,136,392,392,5,4,8.6,4.83,7,CO,3,7,12,12,42,42,88,88,4,4,2,E,900,4,40,S,S
20170,2017,20190,2019,365,17288,17288,42,5,39,26,1,40,4000,9,181,181,2,1,6.7,4.85,7,CO,2,4,23,23,33,33,47,47,5,5,5,E,3900,6,60,N,N
20100,2010,20240,2024,44,17524,17524,20,2,25,22,1,11,1100,74,473,473,1,2,11.9,0.58,6,MH,5,4,33,33,10,10,17,17,2,2,4,C,2500,6,60,S,N
20140,2014,20230,2023,833,19743,19743,332,2,45,76,1,35,3500,448,18,18,10,4,5.4,8.23,8,AD,5,7,99,99,16,16,85,85,2,2,2,D,4500,6,60,S,N
20170,2017,20130,2013,972,18537,18537,256,5,8,75,1,23,2300,81,190,190,6,4,4.9,2.84,6,MH,4,1,69,69,14,14,118,118,5,5,1,B,800,10,100,S,S
20180,2018,20110,2011,471,16929,16929,71,4,14,97,5,26,2600,421,222,222,4,5,4.9,6.55,8,AD,2,4,80,80,12,12,2,2,4,4,4,A,1400,4,40,N,N
20160,2016,20200,2020,657,12272,12272,166,1,45,34,2,9,900,283,60,60,8,3,5.2,9.59,1,NP,5,8,64,64,4,4,15,15,1,1,3,B,4500,5,50,N,N
20170,2017,20230,2023,290,10076,10076,279,2,15,36,3,45,4500,414,391,391,4,2,10.0,7.75,7,CO,1,9,94,94,27,27,98,98,2,2,3,D,1500,7,70,N,N
20110,2011,20200,2020,970,12027,12027,337,3,50,93,1,48,4800,190,225,225,4,4,9.2,9.75,9,RE,4,3,88,88,44,44,199,199,3,3,5,B,5000,6,60,N,N
20210,2021,20180,2018,649,11710,11710,96,5,35,77,1,41,4100,366,217,217,7,5,11.1,8.47,6,MH,4,6,82,82,30,30,92,92,5,5,2,D,3500,10,100,S,N
20240,2024,20210,2021,462,13141,13141,39,2,32,7,2,34,3400,15,429,429,3,5,5.3,1.23,10,AN,3,8,18,18,15,15,92,92,2,2,1,B,3200,9,90,N,N
20220,2022,20210,2021,678,18246,18246,477,4,14,10,2,1,100,475,140,140,8,1,9.1,1.68,5,SB,2,7,22,22,23,23,109,109,4,4,5,B,1400,9,90,N,N
20180,2018,20200,2020,974,16114,16114,380,2,6,83,3,23,2300,348,46,46,1,3,11.8,3.89,1,NP,4,6,37,37,47,47,186,186,2,2,5,C,600,7,70,N,N
20220,2022,20210,2021,924,18373,18373,297,3,25,5,3,45,4500,492,57,57,1,2,8.2,1.63,8,AD,4,7,92,92,19,19,151,151,3,3,4,A,2500,10,100,S,N
20110,2011,20200,2020,645,12261,12261,476,5,12,28,3,20,2000,31,13,13,3,5,6.8,8.26,10,AN,1,6,52,52,50,50,190,190,5,5,2,C,1200,1,10,S,N
20200,2020,20180,2018,159,15909,15909,195,1,16,33,5,37,3700,294,497,497,7,4,11.7,1.67,2,SS,1,4,1,1,44,44,140,140,1,1,5,E,1600,5,50,S,N
20150,2015,20120,2012,740,19757,19757,51,5,23,9,3,25,2500,203,251,251,2,5,8.6,5.42,3,AP,4,2,37,37,8,8,48,48,5,5,3,A,2300,10,100,S,N
20100,2010,20110,2011,641,11734,11734,401,1,11,43,4,17,1700,153,492,492,5,5,10.2,8.16,4,NT,2,3,62,62,32,32,183,183,1,1,5,A,1100,1,10,S,N
20130,2013,20190,2019,575,15572,15572,372,2,5,32,5,48,4800,229,447,447,8,4,5.1,1.77,10,AN,5,4,3,3,28,28,1,1,2,2,3,D,500,3,30,S,S
20190,2019,20200,2020,851,18694,18694,414,3,23,96,2,2,200,166,404,404,10,2,8.7,1.97,10,AN,2,3,47,47,32,32,55,55,3,3,2,E,2300,10,100,N,N
20130,2013,20200,2020,171,14428,14428,165,1,8,26,2,45,4500,193,194,194,8,2,7.5,0.39,9,RE,4,3,36,36,4,4,151,151,1,1,2,A,800,3,30,N,N
20180,2018,20140,2014,297,15952,15952,222,2,9,38,5,50,5000,219,21,21,6,3,7.4,0.44,10,AN,1,10,28,28,33,33,167,167,2,2,2,E,900,6,60,S,N
20100,2010,20180,2018,639,15177,15177,251,2,4,42,4,45,4500,200,444,444,10,4,8.3,2.62,1,NP,2,3,93,93,20,20,92,92,2,2,1,D,400,8,80,N,N
20200,2020,20220,2022,565,19696,19696,353,5,3,31,1,24,2400,491,135,135,3,2,4.3,1.21,6,MH,5,2,84,84,7,7,55,55,5,5,5,D,300,3,30,N,N
20100,2010,20220,2022,584,18403,18403,415,3,16,99,2,21,2100,20,60,60,9,5,8.5,8.25,7,CO,5,7,7,7,35,35,182,182,3,3,1,A,1600,5,50,S,S
20150,2015,20110,2011,944,10715,10715,42,5,1,41,5,6,600,421,329,329,2,1,6.8,0.5,1,NP,4,2,75,75,32,32,105,105,5,5,1,B,100,1,10,S,S
20120,2012,20200,2020,78,15166,15166,384,3,21,83,2,46,4600,370,448,448,8,3,10.1,8.25,6,MH,3,4,25,25,6,6,41,41,3,3,2,B,2100,4,40,S,N
20220,2022,20150,2015,922,11374,11374,327,4,39,40,3,48,4800,14,274,274,9,5,11.7,6.42,2,SS,5,1,45,45,30,30,73,73,4,4,5,B,3900,3,30,S,S
20220,2022,20220,2022,13,11686,11686,237,1,22,43,5,28,2800,157,471,471,8,4,6.0,1.24,7,CO,3,3,12,12,48,48,104,104,1,1,4,D,2200,6,60,S,N
20100,2010,20150,2015,519,10296,10296,380,4,5,86,2,37,3700,358,353,353,1,3,6.4,0.07,2,SS,5,6,11,11,36,36,101,101,4,4,4,E,500,7,70,N,N
20100,2010,20110,2011,267,15186,15186,485,2,43,85,3,16,1600,178,450,450,2,5,7.8,6.3,2,SS,4,5,94,94,6,6,147,147,2,2,4,B,4300,4,40,S,N
20190,2019,20120,2012,308,12725,12725,126,2,46,55,2,36,3600,276,74,74,5,4,4.0,1.62,2,SS,3,3,30,30,48,48,16,16,2,2,5,C,4600,4,40,S,S
20220,2022,20150,2015,6,18207,18207,49,3,10,57,2,32,3200,95,281,281,3,3,5.3,2.84,10,AN,2,1,81,81,31,31,185,185,3,3,5,A,1000,10,100,S,N
20210,2021,20220,2022,67,11928,11928,177,4,30,98,5,20,2000,483,193,193,6,4,5.8,1.69,8,AD,3,4,49,49,47,47,30,30,4,4,2,E,3000,4,40,S,S
20100,2010,20230,2023,55,14711,14711,222,2,30,70,2,41,4100,78,318,318,10,1,3.3,8.28,10,AN,1,7,57,57,17,17,132,132,2,2,5,E,3000,1,10,S,N
20220,2022,20120,2012,647,14258,14258,470,1,16,4,5,14,1400,31,234,234,7,2,4.4,9.73,4,NT,5,9,62,62,31,31,110,110,1,1,1,D,1600,8,80,S,S
20200,2020,20180,2018,449,10946,10946,248,1,45,100,2,3,300,249,67,67,7,1,8.0,4.57,7,CO,2,6,65,65,44,44,73,73,1,1,3,A,4500,3,30,N,S
20200,2020,20110,2011,540,19026,19026,344,2,15,87,1,49,4900,131,292,292,4,2,5.8,6.97,2,SS,2,8,28,28,39,39,138,138,2,2,1,A,1500,6,60,S,N
20140,2014,20240,2024,16,19848,19848,256,3,25,14,5,9,900,250,55,55,6,1,3.9,3.04,9,RE,2,1,69,69,12,12,73,73,3,3,1,E,2500,3,30,S,N
20160,2016,20120,2012,454,18098,18098,23,1,49,74,2,17,1700,445,462,462,6,5,4.7,2.89,4,NT,2,1,28,28,5,5,20,20,1,1,3,B,4900,7,70,N,S
