ID_CURSO_ACADEMICO_NK,ID_EXPEDIENTE_ACADEMICO_NK,ID_CURSO_ACADEMICO,ID_ALUMNO,ID_EXPEDIENTE_ACADEMICO,ID_TIPO_ABANDONO,ID_TIPO_EGRESO,ID_PLAN_ESTUDIO,ID_CENTRO,ID_CURSO_ACADEMICO_COHORTE,ID_TIPO_ACCESO,ID_TITULACION,ID_POBLACION_FAMILIAR,CURSOS_MATRICULADOS,CURSO_MAS_ALTO_MATRICULADO,CURSOS_EXTRA_GRADUACION,DURACION,DURACION_REAL,CREDITOS_MATRICULADOS,ID_RANGO_CREDITOS_MATRICULADOS,CREDITOS_SUPERADOS,ID_RANGO_CREDITOS_SUPERADOS,CREDITOS_NECESARIOS,ID_RANGO_CREDITOS_NECESARIOS,CALIFICACION_FINAL,ID_RANGO_CALIFICACION_FINAL,SEXO,ID_SEXO,EDAD,ID_FECHA_SOLICITUD_TITULO,ID_FECHA_EGRESO,GRADUADO,TRASLADO,SN_SOLICITA_TITULO,SN_ABANDONO_INICIAL,FLG_SOLICITUD_TITULO,FLG_ABANDONO_INICIAL,FLG_CALCULO_TASA,FLG_GRADUADO_EN_TIEMPO,FECHA_CARGA,SN_GRADUADO_EN_TIEMPO,ABANDONO_GENERICO,ABANDONO_OFICIAL,FLG_PLAN_OFICIAL,CREDITOS_RECONOCIDOS,ID_RANGO_CREDITOS_RECONOCIDOS,SN_CAMBIO_CICLO_GRADO,FLG_DURACION_MEDIA,ID_ESTUDIO_PREVIO,ID_PAIS_NACIONALIDAD,ID_CENTRO_ORIGEN,SN_MULTIPLE_TITULACION,SN_MOVILIDAD_IN,FLG_MULTIPLE_TITULACION,FLG_MOVILIDAD_IN,ID_FECHA_CARGA,ID_TIPO_TITULACION,ID_TIPO_ESTUDIO,ID_ESTUDIO,ID_TIPO_CENTRO,ID_CAMPUS_CENTRO,ID_POBLACION_CENTRO,ID_TIPO_CENTRO_ORI,ID_CAMPUS_CENTRO_ORI,ID_POBLACION_CENTRO_ORI,ID_RAMA_CONOCIMIENTO,ID_PERSONA_NIP_NK,ORDEN_BOE_PLAN,SN_DOCTORADO_VIGENTE,SN_MOVILIDAD_OUT_INTERNACIONAL,SN_MOVILIDAD_OUT_NACIONAL,ID_PAIS_FAMILIAR,ID_PAIS_FAMILIAR_NK,ID_EDAD_EST,ID_ESTUDIO_OTRA_UNIV_DEST,ID_CENTRO_OTRA_UNIV_DEST,SN_UNITA,SN_UNITA_GEMINAE
2014,200001,20140,62,200001,1,2,57,17,20100,8,12,247,2,1,0.0,8,8.53155384674928,303.0,4,277.0,5,300.0,2,0.0,4,M,2,45,20231126,20210708,0,0,N,N,0,0,0,0,2020-07-28,N,0,0,0,14.0,2,S,0,2,4,8,S,N,1,0,20230126,10,5,49,6,1,236,5,1,282,2,8289024,BOE-284-2016,S,N,N,80,ETH,1,12,29,N,S
2014,200002,20140,43,200002,1,4,96,13,20100,2,50,4,1,1,0.0,6,7.447409764635228,227.0,5,149.0,5,187.0,3,0.0,2,M,2,63,20230725,20220727,0,1,N,N,0,0,1,0,2022-06-09,N,0,0,0,3.0,4,S,0,2,36,36,S,N,1,0,20220722,6,9,50,8,2,363,6,1,395,4,55813853,BOE-668-2010,N,S,N,76,COM,7,34,16,S,S
2016,200003,20160,83,200003,6,1,97,19,20110,2,34,406,2,1,0.0,6,6.021514512511497,230.0,4,168.0,3,188.0,2,0.0,5,M,2,34,20200609,20220727,0,0,N,S,0,1,1,0,2022-06-11,N,0,0,1,9.0,4,S,0,1,66,41,S,N,1,0,20220103,9,5,45,6,2,237,5,9,55,2,60858653,BOE-848-2014,N,N,N,70,BRN,1,35,42,S,N
2023,200004,20230,34,200004,5,3,31,33,20110,11,12,478,3,3,0.0,7,8.201216195039907,358.0,1,353.0,5,353.0,4,0.0,3,M,2,26,20200612,20200419,0,1,S,N,1,0,0,0,2020-03-15,N,0,0,1,12.0,4,N,0,4,14,5,S,N,1,0,20230310,10,9,44,7,5,103,5,1,45,4,82493631,BOE-753-2016,S,S,S,35,IRQ,1,24,43,N,S
2021,200005,20210,75,200005,4,2,5,9,20150,11,9,429,8,6,4.0,8,8.85538654007752,352.0,1,352.0,1,350.0,3,5.327,2,M,2,60,20200207,20221216,1,0,S,N,1,0,0,0,2020-03-03,N,0,0,0,15.0,4,S,0,5,13,44,S,S,1,1,20200127,1,10,19,7,3,190,6,5,495,9,27568520,BOE-514-2015,N,N,N,25,PHL,2,29,50,N,S
2014,200006,20140,92,200006,2,3,62,5,20120,2,2,225,4,2,0.0,6,5.767323457670534,367.0,4,287.0,2,333.0,1,0.0,3,H,1,50,20201209,20220127,0,0,S,S,1,1,0,0,2022-11-03,N,0,0,0,17.0,3,N,0,3,7,45,N,N,0,0,20210507,4,4,20,5,1,235,6,2,353,2,90297353,BOE-709-2023,S,S,N,36,TUN,3,17,50,N,S
2013,200007,20130,17,200007,3,4,88,16,20110,1,32,69,5,4,1.0,7,8.287382265269898,287.0,3,284.0,3,280.0,2,5.823,3,H,1,56,20200408,20200120,1,0,S,S,1,1,0,0,2020-09-16,N,0,0,1,30.0,5,S,0,8,44,15,N,N,0,0,20230814,8,4,5,5,3,380,4,9,404,10,31715995,BOE-645-2019,S,N,S,56,LIE,7,33,45,N,N
2022,200008,20220,85,200008,2,1,15,4,20200,3,12,384,4,4,0.0,4,5.041685207942436,227.0,1,226.0,2,226.0,3,6.051,4,H,1,53,20230914,20221125,1,0,S,N,1,0,1,1,2023-02-27,S,0,0,1,11.0,5,N,1,9,53,32,N,N,0,0,20200701,10,8,8,3,6,397,1,4,41,9,68886959,BOE-526-2010,N,N,S,37,SLB,9,37,15,N,S
2023,200009,20230,2,200009,6,6,63,22,20110,1,41,324,5,5,0.0,4,4.562037493929992,360.0,2,252.0,1,302.0,2,0.0,2,H,1,54,20230608,20221009,0,0,S,S,1,1,0,0,2023-02-09,N,1,0,0,7.0,4,N,1,10,34,41,N,S,0,1,20200115,1,6,27,6,7,41,5,9,444,6,35002007,BOE-547-2014,N,N,N,72,GNB,1,42,34,S,N
2014,200010,20140,38,200010,1,6,77,7,20100,13,27,95,3,3,0.0,5,6.434007989112407,274.0,1,236.0,1,215.0,2,0.0,1,M,2,35,20210312,20210226,0,0,N,N,0,0,0,0,2022-11-04,N,0,0,0,8.0,3,S,0,7,20,45,N,N,0,0,20210128,6,4,8,1,10,33,6,2,380,14,64180488,BOE-205-2012,S,N,N,69,TZA,4,2,15,S,N
2015,200011,20150,98,200011,3,5,42,24,20130,12,2,376,1,1,0.0,3,4.101339724176574,210.0,2,173.0,5,192.0,4,0.0,5,H,1,26,20210824,20230202,0,1,N,S,0,1,1,0,2023-10-15,N,0,0,1,3.0,1,N,1,3,40,24,S,S,1,1,20221206,4,5,15,6,2,223,6,2,18,6,404729,BOE-694-2022,S,N,N,14,DEU,1,32,47,N,N
2020,200012,20200,35,200012,5,2,76,6,20110,7,36,324,3,3,0.0,3,3.5744914570252657,302.0,2,263.0,3,248.0,5,8.943,4,H,1,22,20220404,20230605,1,0,S,N,1,0,1,1,2023-05-25,S,0,0,0,18.0,4,N,1,8,10,12,S,N,1,0,20210503,1,2,25,8,3,252,8,7,54,3,29641883,BOE-330-2010,S,N,S,5,SWZ,8,15,12,N,S
2023,200013,20230,13,200013,6,1,51,34,20200,5,50,128,4,3,0.0,3,2.9200550202983333,255.0,2,209.0,5,228.0,2,0.0,3,M,2,37,20201006,20230116,0,1,S,S,1,1,0,0,2020-09-30,N,0,0,0,28.0,5,S,1,10,18,11,N,N,0,0,20220215,6,8,22,5,8,109,1,2,449,8,35105069,BOE-623-2020,N,S,S,72,GNB,1,15,39,S,N
2024,200014,20240,16,200014,7,6,29,42,20120,11,22,399,1,1,0.0,6,5.645789367072242,363.0,1,329.0,5,325.0,3,5.222,2,H,1,25,20220214,20221220,1,0,S,N,1,0,1,1,2022-04-21,S,0,0,1,26.0,1,S,1,2,28,12,N,S,0,1,20200731,4,3,27,7,2,259,8,7,347,6,92981826,BOE-279-2017,S,S,N,31,MUS,8,42,30,N,S
2024,200015,20240,54,200015,3,5,79,1,20180,11,5,491,8,6,0.0,6,6.584444139387256,199.0,2,182.0,1,192.0,5,0.0,5,M,2,41,20210713,20210706,0,0,S,N,1,0,1,0,2020-09-27,N,0,0,1,24.0,1,S,1,8,27,3,S,N,1,0,20231016,4,9,2,7,4,420,2,6,226,10,70532309,BOE-675-2017,S,N,N,78,GNQ,7,46,1,N,N
2021,200016,20210,21,200016,2,4,85,1,20110,6,14,9,3,3,0.0,6,7.360088219856048,218.0,1,202.0,4,194.0,5,7.707,4,H,1,27,20230906,20231203,1,0,N,N,0,0,1,1,2022-02-23,S,0,0,1,24.0,5,S,0,5,97,10,N,S,0,1,20230303,7,9,19,7,4,180,4,5,300,7,62464258,BOE-809-2023,S,S,N,76,COM,5,33,47,S,S
2011,200017,20110,21,200017,1,3,6,46,20100,3,46,274,8,1,0.0,4,5.080593394086172,344.0,4,279.0,2,326.0,4,0.0,1,H,1,38,20210514,20231202,0,0,S,S,1,1,1,0,2023-09-09,N,0,0,0,12.0,2,N,0,8,56,40,S,S,1,1,20220323,7,8,11,5,5,201,6,8,497,1,62464258,BOE-917-2022,N,N,S,32,THA,6,46,17,N,S
2018,200018,20180,17,200018,7,5,44,16,20140,2,33,424,4,2,0.0,3,3.5681070514265305,250.0,5,154.0,2,198.0,3,0.0,2,H,1,52,20230621,20230719,0,0,S,N,1,0,1,0,2020-10-20,N,1,1,0,13.0,5,S,1,5,14,50,S,S,1,1,20220221,6,7,45,5,3,242,5,7,31,14,31715995,BOE-893-2011,S,S,S,59,BRA,9,41,11,S,N
2016,200019,20160,56,200019,3,5,57,9,20120,2,13,486,2,1,0.0,4,3.7326153284228445,377.0,3,306.0,4,330.0,2,0.0,5,H,1,48,20200601,20230403,0,1,S,N,1,0,0,0,2021-11-06,N,0,0,0,23.0,2,N,1,3,74,33,N,S,0,1,20220406,6,3,29,7,3,218,7,5,239,1,70890196,BOE-417-2014,S,S,S,22,FIN,10,14,33,N,N
2011,200020,20110,13,200020,4,2,51,42,20100,15,21,82,2,2,0.0,7,6.8726289864139645,250.0,1,235.0,1,203.0,5,5.202,2,M,2,58,20220809,20200121,1,0,S,N,1,0,0,1,2023-04-23,S,0,0,1,17.0,5,S,0,2,35,43,S,N,1,0,20230630,10,4,13,7,2,236,3,7,467,1,35105069,BOE-203-2012,S,N,S,34,AUS,8,3,23,S,S
2016,200021,20160,90,200021,5,3,51,40,20100,9,29,432,3,3,0.0,3,4.416265825562902,328.0,3,311.0,2,323.0,1,0.0,3,H,1,24,20200410,20230324,0,0,N,S,0,1,0,0,2020-08-05,N,0,0,0,5.0,1,S,0,6,24,6,N,S,0,1,20220401,3,10,41,6,8,136,8,3,194,11,75000490,BOE-442-2013,N,N,S,54,MRT,4,30,49,N,N
2017,200022,20170,92,200022,5,3,6,2,20150,8,11,290,2,1,0.0,8,7.802440734747244,349.0,3,271.0,1,317.0,1,0.0,1,H,1,54,20210509,20230420,0,0,N,S,0,1,1,0,2020-08-31,N,1,0,0,19.0,5,S,1,4,14,36,N,S,0,1,20210420,8,4,45,4,6,462,6,1,191,2,90297353,BOE-747-2018,N,N,S,61,CHN,9,22,12,N,N
2015,200023,20150,18,200023,5,2,91,35,20100,14,23,42,3,2,0.0,6,5.528636186360307,253.0,2,249.0,2,248.0,5,6.61,1,H,1,56,20230326,20220722,1,0,S,N,1,0,1,1,2023-04-27,S,0,0,1,28.0,4,S,0,8,85,16,N,S,0,1,20220521,2,6,26,5,4,231,5,3,42,13,8338186,BOE-349-2017,S,S,S,26,MNG,8,47,50,N,S
2014,200024,20140,21,200024,4,4,58,16,20120,11,25,321,1,1,0.0,5,5.3987802226887815,325.0,1,279.0,4,266.0,2,6.731,2,H,1,29,20210711,20210920,1,0,S,S,1,1,0,1,2022-09-24,S,0,0,0,4.0,1,N,1,4,85,16,N,S,0,1,20230819,2,5,12,5,3,180,5,3,450,3,62464258,BOE-693-2018,N,N,S,99,KWT,9,36,21,N,S
2016,200025,20160,16,200025,5,5,62,13,20130,15,10,288,8,1,0.0,5,6.052866799571506,230.0,4,184.0,1,223.0,3,0.0,3,H,1,54,20220920,20220608,0,1,S,S,1,1,1,0,2020-08-16,N,0,0,1,7.0,3,N,1,7,4,46,N,S,0,1,20200104,9,3,49,8,2,92,5,5,109,6,92981826,BOE-926-2012,N,S,N,69,TZA,1,15,3,N,N
2015,200026,20150,54,200026,6,2,31,45,20120,15,28,443,6,5,0.0,6,7.1169270448022175,400.0,3,331.0,2,349.0,2,0.0,5,M,2,42,20220619,20210503,0,1,N,N,0,0,0,0,2020-01-12,N,0,0,1,12.0,4,N,1,6,88,21,N,N,0,0,20211024,2,8,50,6,2,76,1,8,219,12,70532309,BOE-712-2019,N,S,N,24,BLZ,7,35,38,N,N
2019,200027,20190,33,200027,4,6,35,37,20170,13,22,205,5,5,1.0,5,5.785596867678796,369.0,1,340.0,5,331.0,3,7.737,5,H,1,24,20220408,20230716,1,0,S,N,1,0,0,0,2020-10-03,N,0,0,1,8.0,3,S,0,9,86,36,S,N,1,0,20221014,4,6,4,6,2,496,6,1,238,3,49330907,BOE-969-2011,S,S,S,66,CAF,5,12,23,N,S
2017,200028,20170,1,200028,2,5,47,12,20130,4,49,177,6,6,2.0,8,8.103608964937859,307.0,4,286.0,5,282.0,4,6.165,3,H,1,51,20200407,20211025,1,0,S,N,1,0,1,0,2023-04-05,N,0,0,0,5.0,2,S,1,6,30,44,N,S,0,1,20210918,8,4,1,8,7,44,6,5,491,8,916723,BOE-933-2015,N,N,S,23,GTM,1,23,42,S,N
2018,200029,20180,39,200029,1,5,29,25,20140,1,12,45,4,4,0.0,5,4.591163492341098,264.0,4,258.0,4,232.0,4,6.031,1,H,1,28,20230802,20210202,1,0,N,S,0,1,1,1,2021-02-19,S,0,0,1,30.0,5,N,1,3,87,46,N,S,0,1,20220720,10,1,5,6,2,304,5,5,225,11,20560218,BOE-144-2021,N,S,S,5,SWZ,6,48,13,S,S
2021,200030,20210,9,200030,3,5,56,22,20200,9,46,275,4,3,0.0,8,7.94939639886046,225.0,5,207.0,2,181.0,5,7.615,4,H,1,41,20220319,20220725,1,0,N,S,0,1,0,1,2021-03-16,S,0,0,0,14.0,1,N,0,3,42,24,S,N,1,0,20221027,7,9,18,6,7,470,6,2,344,10,78176558,BOE-395-2022,S,S,N,92,ERI,1,34,10,S,S
2023,200031,20230,15,200031,1,2,19,34,20180,7,48,109,1,1,0.0,6,6.607780719581553,270.0,2,268.0,2,264.0,5,8.81,4,M,2,36,20200220,20200601,1,0,N,S,0,1,1,1,2022-04-18,S,0,0,1,24.0,5,N,1,9,22,5,N,S,0,1,20231005,7,3,43,5,8,106,5,1,400,13,48258264,BOE-609-2018,S,S,S,73,GHA,2,8,47,N,S
2024,200032,20240,90,200032,5,4,70,4,20170,11,33,333,5,1,0.0,8,7.821237737515594,326.0,1,312.0,1,275.0,4,0.0,1,H,1,23,20230217,20221202,0,0,N,S,0,1,1,0,2022-09-30,N,0,0,1,13.0,3,S,1,9,79,36,N,S,0,1,20210514,6,9,9,3,6,110,6,1,430,14,75000490,BOE-865-2020,N,S,N,8,HTI,6,2,34,S,N
2024,200033,20240,88,200033,4,5,2,14,20220,5,1,215,1,1,0.0,7,6.684429992285818,346.0,3,321.0,5,290.0,1,7.04,1,H,1,51,20210307,20230118,1,0,N,S,0,1,0,1,2020-07-07,S,0,0,0,5.0,5,N,1,10,31,12,N,S,0,1,20200630,3,8,7,1,9,96,8,7,272,12,75686878,BOE-915-2019,N,S,S,36,TUN,6,42,29,S,S
2017,200034,20170,25,200034,5,1,72,11,20100,12,45,106,5,1,0.0,4,3.928415865639789,322.0,1,288.0,5,264.0,5,0.0,3,H,1,55,20210916,20211003,0,0,S,N,1,0,1,0,2020-04-21,N,1,1,0,15.0,5,N,0,2,27,34,N,N,0,0,20210224,1,1,45,1,2,51,5,8,294,7,92083242,BOE-353-2011,S,S,S,77,NGA,2,50,19,N,S
2021,200035,20210,34,200035,5,5,44,28,20150,4,18,276,2,1,0.0,6,6.8021440537387585,202.0,4,173.0,3,190.0,2,0.0,1,M,2,26,20230702,20210408,0,0,S,N,1,0,0,0,2020-10-08,N,0,0,0,19.0,2,N,0,1,54,38,S,N,1,0,20200605,7,8,33,8,8,167,8,7,275,14,82493631,BOE-678-2017,S,N,N,86,BHR,9,8,17,S,N
2021,200036,20210,73,200036,6,3,16,27,20200,14,45,391,1,1,0.0,5,6.187403757770497,340.0,5,331.0,1,309.0,4,0.0,4,M,2,32,20200612,20200122,0,0,N,S,0,1,0,0,2022-09-28,N,1,1,0,21.0,2,S,1,4,11,37,S,N,1,0,20231219,1,1,29,3,6,253,6,2,358,10,15601471,BOE-429-2013,N,N,S,22,FIN,3,11,44,S,S
2018,200037,20180,16,200037,4,4,20,46,20110,7,37,289,8,5,0.0,5,5.332410200906489,308.0,4,260.0,3,295.0,5,0.0,2,H,1,33,20210424,20210705,0,0,S,S,1,1,0,0,2023-08-14,N,0,0,1,2.0,3,N,1,4,27,39,S,N,1,0,20220125,2,7,4,5,5,164,3,6,324,2,92981826,BOE-635-2019,S,S,N,79,NAM,5,25,5,N,S
2017,200038,20170,31,200038,7,4,98,16,20160,8,12,248,4,2,0.0,8,8.84697540048942,319.0,2,310.0,1,290.0,2,6.015,2,H,1,24,20230610,20220316,1,0,S,S,1,1,0,1,2020-08-16,S,0,0,1,28.0,1,S,0,10,41,33,S,N,1,0,20210307,10,6,6,5,3,353,7,5,138,10,85726382,BOE-913-2019,N,S,S,81,EGY,9,5,14,S,S
2024,200039,20240,62,200039,6,2,16,28,20140,2,46,453,3,3,0.0,6,7.100661374447042,322.0,4,249.0,1,279.0,3,0.0,4,M,2,42,20200208,20210724,0,0,N,S,0,1,0,0,2022-08-13,N,0,0,0,16.0,5,S,1,4,31,39,S,S,1,1,20201223,7,4,38,8,8,274,3,6,273,4,8289024,BOE-649-2014,S,S,S,22,FIN,6,27,46,N,S
2021,200040,20210,48,200040,6,1,43,8,20110,14,41,316,2,2,0.0,6,6.778427981870156,237.0,2,236.0,2,191.0,2,0.0,3,H,1,29,20210215,20210607,0,1,N,S,0,1,0,0,2023-01-22,N,0,0,0,13.0,3,N,1,2,59,42,N,N,0,0,20200208,1,4,17,5,1,494,7,2,32,13,89133246,BOE-308-2019,N,S,S,92,ERI,9,1,35,S,S
2017,200041,20170,99,200041,5,4,34,38,20110,10,38,74,1,1,0.0,8,8.586612774094167,351.0,4,307.0,4,334.0,5,0.0,5,M,2,63,20201007,20200623,0,1,N,S,0,1,0,0,2020-04-24,N,0,0,1,5.0,3,N,1,3,83,41,S,N,1,0,20201211,7,8,40,8,7,136,5,9,68,9,29246218,BOE-486-2017,N,S,N,68,GRC,10,36,17,N,S
2019,200042,20190,90,200042,5,6,3,13,20110,2,30,22,5,4,1.0,5,6.416850936244488,250.0,4,245.0,1,236.0,2,8.212,3,H,1,26,20200312,20200223,1,0,N,S,0,1,0,0,2023-06-04,N,0,0,0,21.0,2,S,1,2,88,14,N,N,0,0,20231227,9,9,47,8,2,98,1,9,447,6,75000490,BOE-558-2022,S,N,S,47,PRT,7,40,24,N,N
2011,200043,20110,48,200043,1,5,12,3,20100,11,32,332,3,1,0.0,7,8.375250138948388,185.0,3,184.0,5,184.0,1,6.121,1,H,1,52,20210819,20200423,1,0,N,N,0,0,0,1,2020-02-14,S,0,0,0,14.0,5,S,1,5,2,43,N,N,0,0,20210814,8,4,35,2,6,239,3,7,354,11,89133246,BOE-801-2013,S,S,N,75,PRY,4,43,36,S,S
2017,200044,20170,20,200044,7,1,50,20,20160,15,45,192,3,3,0.0,4,4.631345744127943,310.0,4,292.0,2,268.0,5,0.0,4,M,2,24,20231225,20230827,0,0,S,N,1,0,1,0,2021-06-30,N,1,0,1,25.0,3,N,1,8,63,48,N,N,0,0,20200613,1,8,10,1,9,296,6,8,143,12,15867870,BOE-217-2023,N,N,S,24,BLZ,5,5,13,N,S
2014,200045,20140,81,200045,7,5,20,40,20110,12,47,32,2,1,0.0,7,7.62391422816951,311.0,2,307.0,2,305.0,4,7.128,2,M,2,40,20220918,20210328,1,0,N,N,0,0,0,1,2020-09-23,S,0,0,1,25.0,2,S,1,2,8,6,N,S,0,1,20210525,6,8,5,6,8,230,8,3,100,7,59791674,BOE-551-2021,S,N,S,97,GAB,6,43,29,N,S
2013,200046,20130,76,200046,3,6,96,20,20110,2,29,31,5,4,1.0,5,5.994117147618954,247.0,3,247.0,4,246.0,5,5.563,3,H,1,37,20210513,20210115,1,0,S,N,1,0,1,0,2022-01-03,N,0,0,1,25.0,4,N,1,3,96,38,S,S,1,1,20200212,3,3,35,1,9,109,8,7,192,10,96223100,BOE-866-2012,N,S,S,14,DEU,6,37,36,N,S
2017,200047,20170,72,200047,2,6,29,49,20100,1,33,442,7,2,3.0,4,5.208351223413398,402.0,4,371.0,4,352.0,4,9.347,2,M,2,23,20220905,20200224,1,0,N,N,0,0,0,0,2023-02-10,N,0,0,1,22.0,1,S,1,1,100,30,S,N,1,0,20210803,6,5,41,6,1,17,1,8,140,2,59302835,BOE-537-2020,N,N,N,47,PRT,7,27,50,S,N
2016,200048,20160,86,200048,4,1,79,13,20150,3,35,280,2,2,0.0,5,5.590608837611853,330.0,1,328.0,4,306.0,4,7.769,2,H,1,62,20210621,20200817,1,0,N,N,0,0,0,1,2021-06-01,S,0,0,1,27.0,2,N,0,5,70,41,N,N,0,0,20211101,4,5,13,8,2,69,5,9,231,2,55757342,BOE-805-2021,N,N,N,47,PRT,10,32,49,S,N
2011,200049,20110,35,200049,2,5,64,14,20100,1,6,35,4,1,0.0,4,4.821865337010012,266.0,1,219.0,3,216.0,4,0.0,4,H,1,33,20211124,20201003,0,0,S,N,1,0,0,0,2022-05-27,N,0,0,0,16.0,1,N,0,7,82,50,N,N,0,0,20230905,10,9,11,1,9,74,5,7,145,4,29641883,BOE-108-2022,S,N,N,84,BWA,3,40,16,N,S
2019,200050,20190,100,200050,2,4,37,4,20140,9,34,229,4,4,0.0,4,4.916004427222485,351.0,2,351.0,3,351.0,2,5.341,4,H,1,43,20210319,20200708,1,0,S,N,1,0,0,1,2023-09-27,S,0,0,0,30.0,4,N,0,8,1,3,S,S,1,1,20210720,9,10,6,3,6,154,2,6,95,10,77619624,BOE-785-2014,N,S,S,61,CHN,3,4,42,S,N
2018,200051,20180,44,200051,2,2,78,47,20110,15,31,249,1,1,0.0,7,7.1152602479628095,255.0,5,184.0,3,233.0,4,0.0,2,M,2,23,20230602,20200211,0,1,S,N,1,0,1,0,2021-12-21,N,0,0,1,1.0,5,S,0,4,49,44,N,N,0,0,20230903,5,4,22,7,10,108,6,5,348,7,94212889,BOE-944-2020,N,S,N,16,BLR,6,27,27,N,S
2014,200052,20140,85,200052,2,3,30,35,20130,12,21,464,5,2,1.0,5,5.61338371334481,360.0,2,326.0,5,313.0,2,8.735,5,H,1,43,20221212,20221208,1,0,N,N,0,0,0,0,2020-06-13,N,0,0,1,8.0,1,N,0,9,53,4,N,S,0,1,20210430,10,1,42,5,4,99,3,6,229,13,68886959,BOE-174-2022,S,N,N,56,LIE,1,46,13,S,S
2013,200053,20130,82,200053,2,6,12,37,20100,14,2,356,2,2,0.0,7,7.681442974219645,317.0,5,304.0,3,282.0,4,6.256,4,M,2,45,20211111,20200328,1,0,N,S,0,1,0,1,2023-12-07,S,0,0,1,19.0,5,N,0,8,72,5,N,N,0,0,20220217,4,6,12,6,2,470,5,1,247,4,7467311,BOE-679-2022,S,S,S,80,ETH,3,11,32,S,N
2014,200054,20140,36,200054,6,4,91,37,20110,15,48,334,7,4,3.0,5,5.35858722191705,294.0,5,260.0,1,258.0,5,8.375,4,M,2,60,20220507,20220501,1,0,S,S,1,1,1,0,2020-02-26,N,0,0,0,9.0,4,N,0,2,30,31,N,N,0,0,20200426,7,4,37,6,2,340,1,4,225,1,29410942,BOE-160-2016,S,S,N,10,VCT,8,8,25,N,S
2014,200055,20140,98,200055,6,4,32,5,20120,11,27,354,4,3,0.0,4,5.062898112339688,327.0,1,242.0,2,276.0,4,0.0,5,H,1,63,20200807,20201001,0,0,S,N,1,0,0,0,2020-07-06,N,0,0,1,22.0,3,N,1,9,14,40,S,N,1,0,20210715,6,5,30,5,1,9,6,8,283,8,404729,BOE-176-2021,S,S,N,35,IRQ,6,26,41,N,S
2021,200056,20210,32,200056,3,1,72,43,20110,10,16,119,4,1,0.0,6,7.112478944562854,364.0,3,315.0,3,310.0,3,9.266,3,M,2,37,20220616,20221019,1,0,S,N,1,0,1,1,2020-02-08,S,0,0,0,5.0,5,N,0,2,33,5,S,S,1,1,20230626,8,1,18,3,7,412,5,1,438,14,39599276,BOE-671-2019,N,N,S,59,BRA,7,46,23,S,S
2016,200057,20160,33,200057,3,4,97,31,20150,8,39,292,5,3,1.0,3,3.2193593298195338,298.0,1,296.0,2,275.0,2,8.831,4,H,1,59,20211101,20200818,1,0,S,N,1,0,1,0,2023-08-10,N,0,0,0,11.0,5,N,0,3,75,49,N,N,0,0,20210723,2,1,18,1,4,480,6,1,13,4,49330907,BOE-987-2011,N,S,N,2,COG,6,18,33,N,N
2022,200058,20220,14,200058,6,1,90,10,20190,11,10,398,6,6,2.0,4,4.60816575268697,320.0,2,294.0,1,279.0,3,7.098,3,M,2,21,20200920,20200726,1,0,S,S,1,1,1,0,2020-02-27,N,0,0,1,27.0,5,S,1,9,21,25,N,S,0,1,20201201,9,2,39,4,5,286,6,2,304,15,87735896,BOE-382-2017,S,N,S,39,HUN,8,1,17,S,S
2022,200059,20220,33,200059,1,4,71,19,20190,7,4,316,7,3,0.0,8,7.985634523074296,271.0,4,267.0,4,222.0,3,0.0,4,H,1,42,20220802,20220117,0,1,N,N,0,0,1,0,2020-11-18,N,0,0,0,9.0,1,S,1,1,81,10,N,S,0,1,20230622,4,9,43,6,2,376,4,5,315,6,49330907,BOE-155-2016,S,S,S,60,RUS,4,4,31,S,S
2022,200060,20220,80,200060,3,6,97,39,20180,3,48,42,1,1,0.0,4,5.305218808399578,280.0,2,236.0,4,234.0,5,8.141,5,H,1,28,20220910,20210121,1,0,S,N,1,0,0,1,2022-11-03,S,0,0,0,12.0,4,S,0,7,54,1,S,S,1,1,20230910,7,6,39,3,6,247,7,4,466,14,68501420,BOE-633-2018,S,N,S,11,GIN,2,13,32,N,S
2022,200061,20220,37,200061,5,6,89,45,20130,7,32,255,2,1,0.0,8,8.970622478476866,309.0,5,272.0,4,254.0,3,6.976,5,H,1,41,20220326,20230505,1,0,N,S,0,1,0,1,2023-12-09,S,0,0,0,25.0,1,N,1,8,48,6,N,N,0,0,20220621,8,5,11,6,2,196,8,3,278,2,17927298,BOE-460-2019,S,N,N,92,ERI,2,43,33,S,S
2015,200062,20150,23,200062,3,3,12,32,20110,11,49,249,4,4,0.0,6,6.25859130555764,247.0,1,232.0,5,218.0,5,9.078,2,M,2,24,20221025,20210726,1,0,S,S,1,1,0,1,2020-10-18,S,0,0,0,4.0,3,N,0,10,18,37,N,N,0,0,20201016,8,7,35,1,4,228,6,2,368,5,21436829,BOE-617-2011,S,S,S,73,GHA,9,3,34,N,S
2019,200063,20190,55,200063,4,6,37,32,20170,10,19,293,2,1,0.0,7,6.730148436268635,238.0,1,223.0,4,205.0,2,9.573,5,M,2,47,20200608,20220207,1,0,N,N,0,0,0,1,2021-02-06,S,0,0,1,8.0,1,S,1,6,8,20,S,N,1,0,20220610,10,10,23,1,4,383,1,9,108,3,59961498,BOE-132-2021,S,N,N,7,AUT,10,14,34,S,N
2018,200064,20180,73,200064,6,4,86,1,20100,4,28,393,1,1,0.0,8,8.535451941842584,269.0,1,264.0,3,267.0,5,0.0,4,M,2,39,20210706,20210901,0,1,N,S,0,1,1,0,2020-11-28,N,0,0,1,11.0,3,N,0,3,74,14,S,S,1,1,20201220,2,3,44,7,4,137,1,9,353,4,15601471,BOE-700-2013,N,N,S,96,SVK,8,48,47,N,S
2019,200065,20190,16,200065,7,4,41,42,20120,3,13,316,3,3,0.0,3,3.178952366446856,339.0,3,334.0,5,284.0,2,6.419,5,H,1,41,20210314,20231022,1,0,N,N,0,0,1,1,2020-12-12,S,0,0,1,17.0,4,N,0,10,1,25,N,S,0,1,20211003,6,4,38,7,2,79,6,2,383,9,92981826,BOE-764-2011,N,S,N,9,ARG,1,34,10,N,S
2018,200066,20180,85,200066,5,3,52,41,20110,1,32,424,7,1,0.0,3,4.2184031217914955,227.0,4,179.0,2,184.0,3,0.0,3,H,1,39,20200903,20210503,0,0,S,S,1,1,0,0,2020-09-22,N,0,0,1,10.0,4,N,1,3,93,32,N,N,0,0,20200519,8,8,10,5,9,310,1,4,400,8,68886959,BOE-111-2015,N,S,S,63,UZB,5,9,34,S,S
2011,200067,20110,80,200067,5,5,90,14,20100,14,48,469,4,4,0.0,5,4.970883511308699,290.0,5,229.0,3,285.0,3,0.0,1,H,1,50,20230909,20210803,0,0,N,N,0,0,0,0,2020-01-01,N,0,0,1,22.0,3,N,1,4,38,38,S,N,1,0,20200722,7,5,46,1,9,339,8,7,483,8,68501420,BOE-805-2016,N,S,N,89,KEN,3,22,10,S,S
2023,200068,20230,9,200068,3,1,43,28,20210,11,28,86,4,2,0.0,4,4.698335455001208,225.0,4,176.0,5,214.0,4,0.0,1,H,1,51,20201116,20201216,0,1,S,N,1,0,1,0,2020-09-28,N,0,0,0,9.0,5,N,0,9,13,24,N,N,0,0,20220808,2,3,10,8,8,345,6,2,277,8,78176558,BOE-702-2011,N,S,N,2,COG,4,24,50,N,S
2011,200069,20110,48,200069,4,4,42,45,20100,11,39,174,5,3,0.0,6,5.733807595001037,332.0,2,242.0,5,278.0,2,0.0,5,H,1,65,20210426,20230819,0,0,N,N,0,0,1,0,2021-05-30,N,1,0,1,15.0,1,N,0,3,50,15,N,S,0,1,20220222,2,8,19,6,2,2,4,9,100,9,89133246,BOE-109-2018,S,S,S,28,KAZ,6,1,44,S,N
2015,200070,20150,66,200070,6,1,51,48,20110,13,16,278,2,1,0.0,6,6.582965305764674,345.0,5,341.0,1,302.0,5,7.454,1,M,2,63,20211116,20201102,1,0,N,N,0,0,1,1,2022-09-19,S,0,0,1,12.0,2,S,0,2,3,26,N,N,0,0,20200406,8,8,30,6,8,33,6,1,244,2,76866717,BOE-502-2010,S,N,S,27,SLV,2,17,34,N,S
2019,200071,20190,21,200071,6,6,53,28,20140,7,6,208,3,1,0.0,8,7.511058753443247,285.0,4,282.0,1,269.0,1,9.575,5,H,1,59,20210210,20211215,1,0,S,N,1,0,1,1,2023-07-20,S,0,0,1,7.0,4,S,0,5,49,2,S,S,1,1,20221110,10,1,22,8,8,258,4,6,240,3,62464258,BOE-620-2015,S,S,N,4,CUB,5,33,4,S,S
2016,200072,20160,6,200072,6,6,96,10,20110,4,33,321,2,2,0.0,6,6.914922139777494,206.0,3,196.0,2,189.0,1,8.143,3,H,1,51,20200819,20220919,1,0,N,N,0,0,1,1,2020-06-04,S,0,0,1,19.0,1,S,1,1,45,20,S,S,1,1,20210727,6,5,26,4,5,5,1,9,245,10,35835371,BOE-735-2015,N,N,N,81,EGY,2,24,34,N,S
2017,200073,20170,37,200073,2,6,27,31,20130,2,7,177,8,5,4.0,8,8.342847730711998,351.0,4,339.0,5,323.0,2,8.97,4,H,1,44,20221025,20210420,1,0,S,N,1,0,1,0,2023-01-30,N,0,0,1,23.0,2,N,1,2,36,34,S,N,1,0,20200222,6,2,6,1,4,62,5,8,264,5,17927298,BOE-300-2010,S,N,N,7,AUT,4,26,43,N,S
2024,200074,20240,71,200074,1,4,18,29,20190,11,3,331,3,2,0.0,4,3.7613238940676075,340.0,2,328.0,2,286.0,4,0.0,3,H,1,45,20220923,20210511,0,1,S,N,1,0,0,0,2021-04-28,N,0,0,0,3.0,2,S,0,4,99,15,S,N,1,0,20230512,8,2,11,3,3,9,4,9,399,15,69839059,BOE-905-2012,N,S,N,80,ETH,8,24,44,S,N
2012,200075,20120,21,200075,4,2,16,15,20110,4,25,291,5,5,0.0,4,4.31985535111218,316.0,2,312.0,4,265.0,1,0.0,5,H,1,61,20220807,20231011,0,0,N,S,0,1,0,0,2022-11-09,N,0,0,0,29.0,2,S,1,2,48,39,S,N,1,0,20221221,2,7,49,4,9,179,3,6,268,9,62464258,BOE-231-2017,S,N,N,41,MOZ,7,18,47,S,N
2017,200076,20170,97,200076,4,4,89,24,20150,7,3,495,6,1,2.0,8,8.212574421248748,348.0,1,325.0,3,310.0,3,5.294,3,M,2,31,20231114,20220627,1,0,N,S,0,1,0,0,2023-10-31,N,0,0,0,11.0,2,N,1,2,64,30,S,S,1,1,20210917,8,9,36,6,2,209,1,8,344,6,34152669,BOE-365-2022,S,N,N,72,GNB,7,20,30,S,S
2021,200077,20210,69,200077,7,2,75,49,20110,4,9,279,2,2,0.0,3,3.9462987674212964,239.0,1,204.0,1,211.0,1,0.0,4,H,1,42,20200720,20231206,0,1,S,N,1,0,1,0,2022-10-10,N,0,0,0,16.0,2,S,1,10,40,40,N,N,0,0,20200925,1,10,38,6,1,331,6,8,51,9,22083803,BOE-537-2018,N,N,S,76,COM,3,30,33,N,N
2017,200078,20170,99,200078,3,6,52,22,20150,2,42,204,3,1,0.0,5,6.480330993207357,301.0,1,267.0,5,299.0,4,0.0,4,M,2,30,20230722,20210627,0,1,S,N,1,0,1,0,2023-03-07,N,0,0,0,24.0,2,N,1,6,37,35,S,N,1,0,20200710,2,10,25,6,7,428,5,4,288,8,29246218,BOE-685-2020,N,S,S,79,NAM,8,38,45,N,S
2013,200079,20130,24,200079,7,1,79,36,20110,7,46,448,5,3,1.0,6,5.99327234154028,263.0,4,250.0,4,245.0,4,7.247,1,H,1,54,20200116,20200708,1,0,N,N,0,0,0,0,2020-05-29,N,0,0,0,26.0,2,S,0,8,12,44,N,N,0,0,20230915,7,9,27,6,1,91,6,5,301,8,54414096,BOE-181-2013,S,S,S,43,TWN,2,1,15,N,N
2020,200080,20200,19,200080,6,4,32,15,20160,7,27,188,6,2,2.0,8,8.730689696758299,248.0,3,219.0,2,216.0,3,8.267,1,H,1,56,20221112,20200319,1,0,S,N,1,0,1,0,2021-09-19,N,0,0,1,13.0,5,N,1,1,17,10,N,N,0,0,20210627,6,6,10,4,9,195,4,5,79,6,89628735,BOE-397-2010,N,S,S,95,NLD,7,15,22,N,S
2014,200081,20140,44,200081,3,5,43,9,20130,3,42,263,4,2,0.0,6,7.333911430045411,282.0,4,224.0,2,276.0,4,0.0,4,M,2,20,20211011,20220626,0,0,N,S,0,1,1,0,2020-02-27,N,1,1,1,11.0,1,N,0,7,88,24,S,N,1,0,20221115,2,1,33,7,3,151,6,2,251,7,94212889,BOE-880-2020,S,S,S,85,NER,8,2,37,S,S
2012,200082,20120,27,200082,4,6,79,49,20100,10,48,82,5,4,1.0,3,3.469502096520914,336.0,4,331.0,3,317.0,4,5.375,4,M,2,42,20210416,20200703,1,0,S,N,1,0,0,0,2023-06-24,N,0,0,0,1.0,2,S,0,9,58,18,N,S,0,1,20220318,7,3,13,6,1,361,7,10,284,10,94429826,BOE-946-2019,N,N,S,13,MCO,10,45,27,S,S
2012,200083,20120,14,200083,6,6,57,28,20110,8,45,497,4,4,0.0,5,5.596009351162318,282.0,4,243.0,2,263.0,4,0.0,2,M,2,27,20221214,20230517,0,0,S,N,1,0,0,0,2020-06-08,N,0,0,0,18.0,2,N,0,6,67,25,S,N,1,0,20230619,1,8,7,8,8,413,6,2,495,8,87735896,BOE-808-2018,N,S,N,59,BRA,9,31,13,S,S
2024,200084,20240,33,200084,3,3,54,15,20150,10,14,475,1,1,0.0,6,5.7038074538022006,291.0,2,280.0,5,231.0,5,0.0,3,H,1,32,20210220,20200823,0,1,S,N,1,0,0,0,2023-01-27,N,0,0,0,15.0,1,S,1,8,7,25,N,N,0,0,20220831,7,10,44,4,9,137,6,2,129,9,49330907,BOE-276-2023,N,S,S,90,TTO,4,4,8,S,S
2020,200085,20200,71,200085,2,2,53,1,20160,14,48,353,7,4,0.0,6,7.457414571951508,366.0,1,308.0,5,326.0,3,0.0,4,H,1,55,20210815,20231123,0,1,N,S,0,1,1,0,2020-08-28,N,0,0,0,3.0,1,S,1,2,76,44,N,N,0,0,20220307,7,10,22,7,4,361,6,5,456,12,69839059,BOE-662-2023,S,S,N,95,NLD,6,30,11,N,S
2021,200086,20210,42,200086,5,4,60,31,20160,6,27,212,4,3,0.0,7,6.935370749893767,385.0,4,362.0,3,339.0,4,6.153,2,H,1,61,20210428,20220823,1,0,S,S,1,1,0,1,2021-01-03,S,0,0,1,5.0,1,N,1,9,32,19,S,N,1,0,20230711,6,10,37,1,4,385,6,2,2,9,50147077,BOE-184-2017,N,S,N,95,NLD,4,43,49,N,S
2011,200087,20110,92,200087,4,3,100,10,20100,12,4,496,4,1,0.0,6,6.704606572647943,317.0,5,308.0,1,274.0,5,5.719,4,H,1,21,20200126,20210605,1,0,S,N,1,0,0,1,2022-12-15,S,0,0,0,25.0,3,S,0,4,10,15,N,S,0,1,20220102,4,10,14,4,5,481,4,9,388,10,90297353,BOE-132-2017,N,S,N,13,MCO,3,30,49,N,N
2023,200088,20230,1,200088,5,5,3,23,20130,9,22,203,3,1,0.0,4,5.3122233185025465,346.0,5,309.0,2,312.0,4,0.0,5,H,1,54,20210611,20200801,0,0,S,N,1,0,0,0,2020-05-02,N,1,1,1,14.0,5,N,0,10,41,11,N,N,0,0,20200219,4,7,23,6,1,277,1,2,195,9,916723,BOE-683-2011,N,S,S,15,CAN,10,41,38,N,N
2022,200089,20220,13,200089,6,1,42,32,20140,15,10,100,2,2,0.0,7,6.8232214568055225,268.0,2,255.0,2,238.0,1,0.0,5,M,2,20,20210221,20231120,0,0,S,S,1,1,1,0,2020-06-09,N,0,0,1,3.0,3,S,1,10,13,12,N,S,0,1,20230722,9,7,40,1,4,487,8,7,286,11,35105069,BOE-619-2023,S,N,S,86,BHR,3,13,47,N,N
2014,200090,20140,48,200090,4,3,83,27,20120,4,27,176,1,1,0.0,6,5.5566679175887375,275.0,2,229.0,1,220.0,1,0.0,2,H,1,22,20200303,20210913,0,1,N,N,0,0,1,0,2020-06-23,N,0,0,1,17.0,3,S,1,3,32,22,S,S,1,1,20221011,6,1,46,3,6,456,6,7,384,2,89133246,BOE-942-2020,S,S,S,74,SRB,6,26,47,N,N
2023,200091,20230,36,200091,6,6,16,14,20140,11,35,67,2,1,0.0,7,7.065759374392964,322.0,3,304.0,1,288.0,5,5.724,1,M,2,38,20220722,20221123,1,0,N,S,0,1,0,1,2021-03-01,S,0,0,0,21.0,3,N,0,9,16,6,S,S,1,1,20220126,4,1,13,1,9,260,8,3,76,7,29410942,BOE-286-2013,S,N,N,95,NLD,3,8,36,N,N
2024,200092,20240,46,200092,2,5,40,47,20130,10,13,258,2,2,0.0,6,6.396116050206237,341.0,5,301.0,4,281.0,1,8.641,1,H,1,25,20221012,20200909,1,0,N,S,0,1,0,1,2022-09-08,S,0,0,0,29.0,3,S,1,10,8,36,S,N,1,0,20230304,6,10,42,7,10,192,6,1,58,4,63193474,BOE-824-2021,S,N,N,98,COL,8,18,27,N,N
2013,200093,20130,91,200093,6,6,58,39,20120,6,8,309,1,1,0.0,7,6.66125727635235,296.0,3,296.0,1,289.0,5,8.849,1,M,2,48,20220214,20210422,1,0,S,N,1,0,0,1,2020-07-25,S,0,0,1,17.0,4,N,1,5,64,8,S,S,1,1,20221118,3,4,2,3,6,378,5,1,39,3,62059365,BOE-635-2011,S,S,N,96,SVK,9,45,34,S,S
2012,200094,20120,8,200094,2,4,83,19,20100,11,34,350,6,2,2.0,5,5.843270438943221,293.0,2,288.0,4,262.0,5,6.856,1,M,2,34,20221224,20210417,1,0,N,N,0,0,1,0,2022-07-29,N,0,0,0,0.0,3,N,0,8,54,41,S,N,1,0,20200518,9,4,48,6,2,2,5,9,146,11,40526484,BOE-887-2020,N,S,N,91,QAT,8,22,50,N,N
2021,200095,20210,47,200095,2,1,60,38,20170,9,47,217,2,2,0.0,3,3.3241003067929036,199.0,4,199.0,5,194.0,1,8.486,4,M,2,55,20220905,20200105,1,0,N,S,0,1,0,1,2020-01-14,S,0,0,1,19.0,2,S,0,2,22,37,N,N,0,0,20200206,6,5,29,8,7,76,6,2,52,2,72144402,BOE-324-2016,S,S,N,23,GTM,7,22,37,N,N
2016,200096,20160,31,200096,3,4,5,44,20130,14,10,452,5,1,1.0,5,6.326303423932775,333.0,2,330.0,3,321.0,1,9.666,5,H,1,30,20210723,20200725,1,0,S,S,1,1,1,0,2021-02-21,N,0,0,0,23.0,3,S,1,9,70,38,N,S,0,1,20200118,9,6,23,6,5,99,8,7,93,1,85726382,BOE-409-2013,S,S,S,88,ESP,3,50,19,N,N
2022,200097,20220,18,200097,5,5,77,48,20100,14,28,452,2,1,0.0,5,5.195321136908224,409.0,1,394.0,1,355.0,1,5.411,3,H,1,64,20200805,20231109,1,0,S,N,1,0,1,1,2021-07-23,S,0,0,1,17.0,1,N,1,6,98,22,S,N,1,0,20210928,2,9,40,6,8,130,6,7,136,8,8338186,BOE-684-2015,S,N,N,39,HUN,6,9,23,S,N
2020,200098,20200,27,200098,6,2,3,49,20110,1,48,410,4,2,0.0,6,7.044369193288331,284.0,1,258.0,3,237.0,1,0.0,1,M,2,40,20220923,20220214,0,1,N,N,0,0,1,0,2023-06-01,N,0,0,1,14.0,1,S,0,8,78,1,N,S,0,1,20200316,7,6,12,6,1,359,7,4,295,8,94429826,BOE-899-2013,N,N,N,38,PAK,6,40,16,N,N
2011,200099,20110,50,200099,3,5,28,31,20100,13,30,124,6,5,0.0,6,7.163172304281214,221.0,4,220.0,1,188.0,5,0.0,4,M,2,25,20201028,20210621,0,1,N,N,0,0,0,0,2020-11-28,N,0,0,1,28.0,2,N,0,9,36,43,S,S,1,1,20200611,9,2,3,1,4,96,3,7,441,9,33214247,BOE-548-2017,S,N,N,62,DMA,8,2,37,N,S
2019,200100,20190,2,200100,4,5,16,29,20170,10,29,440,3,3,0.0,3,2.895480181464933,394.0,1,291.0,1,334.0,3,0.0,1,H,1,47,20200813,20220622,0,1,N,N,0,0,0,0,2020-08-06,N,0,0,1,29.0,1,N,0,7,57,17,S,N,1,0,20210830,3,6,12,3,3,447,6,1,403,8,35002007,BOE-269-2017,N,S,S,77,NGA,2,50,34,N,N
2013,200101,20130,11,200101,5,3,91,8,20100,1,28,43,4,1,0.0,4,4.27111559134886,189.0,2,183.0,4,186.0,2,0.0,1,M,2,25,20210612,20220204,0,0,S,S,1,1,0,0,2022-03-05,N,1,1,1,30.0,3,N,0,3,20,18,N,N,0,0,20200903,2,4,41,5,1,139,7,10,363,9,76890296,BOE-688-2017,S,N,S,34,AUS,4,27,13,S,N
2017,200102,20170,52,200102,6,1,21,28,20110,4,36,93,1,1,0.0,6,6.906170709309316,303.0,1,200.0,2,254.0,5,0.0,2,M,2,55,20221220,20221220,0,1,S,S,1,1,1,0,2023-09-14,N,0,0,0,7.0,1,N,0,8,25,7,S,S,1,1,20201112,1,3,21,8,8,338,1,10,280,9,79968863,BOE-312-2013,S,S,N,15,CAN,8,26,30,N,N
2017,200103,20170,94,200103,3,2,53,40,20150,12,18,161,2,1,0.0,8,8.159242137762709,378.0,5,297.0,2,326.0,2,0.0,1,M,2,56,20230809,20220924,0,0,S,N,1,0,0,0,2021-05-04,N,1,0,0,1.0,5,N,1,9,45,46,N,S,0,1,20200206,7,9,12,6,8,291,5,5,461,12,97077009,BOE-318-2010,N,N,N,16,BLR,2,21,35,N,N
2018,200104,20180,20,200104,6,5,57,34,20100,3,44,291,2,1,0.0,8,8.727615671422045,205.0,3,197.0,1,186.0,2,9.642,1,M,2,59,20220724,20220614,1,0,S,S,1,1,0,1,2021-05-15,S,0,0,0,6.0,4,S,0,4,88,29,N,N,0,0,20220615,7,6,33,5,8,63,3,3,149,6,15867870,BOE-977-2022,N,N,N,6,UKR,3,40,38,N,N
2019,200105,20190,74,200105,2,2,88,42,20140,7,36,21,4,4,0.0,5,5.834897929925105,315.0,5,304.0,3,265.0,3,5.875,1,M,2,40,20230621,20230524,1,0,N,N,0,0,0,1,2022-02-21,S,0,0,0,3.0,5,N,1,5,38,4,N,S,0,1,20210707,1,8,39,7,2,272,3,6,351,15,91307681,BOE-835-2019,S,S,S,2,COG,9,27,31,S,S
2013,200106,20130,93,200106,1,3,47,18,20120,8,9,419,8,5,4.0,7,7.045576825691302,350.0,2,327.0,1,306.0,4,7.506,3,H,1,34,20230102,20210203,1,0,N,S,0,1,1,0,2021-12-04,N,0,0,0,0.0,1,S,0,9,55,33,S,S,1,1,20210801,1,10,12,7,10,151,7,5,342,11,41361818,BOE-661-2021,S,S,N,62,DMA,8,28,37,S,S
2021,200107,20210,77,200107,3,1,99,31,20190,8,4,427,8,1,0.0,4,4.775460188253659,229.0,2,177.0,2,190.0,2,0.0,1,H,1,51,20231219,20231117,0,0,N,S,0,1,1,0,2023-02-14,N,1,1,0,1.0,1,S,1,7,36,1,N,N,0,0,20230818,4,4,38,1,4,231,7,4,213,10,78268756,BOE-518-2011,N,S,S,2,COG,9,28,42,N,N
2024,200108,20240,31,200108,7,6,67,26,20140,15,48,78,4,3,0.0,8,9.076904766063816,250.0,1,223.0,1,190.0,1,9.671,2,H,1,48,20221008,20220308,1,0,S,N,1,0,1,1,2021-02-26,S,0,0,0,0.0,1,S,0,10,74,1,N,N,0,0,20210426,7,4,10,6,1,100,7,4,155,10,85726382,BOE-850-2021,S,S,N,100,VUT,3,5,39,N,S
2014,200109,20140,49,200109,3,5,16,15,20130,4,48,67,7,2,0.0,8,7.969738361363543,210.0,4,192.0,2,202.0,3,0.0,3,H,1,41,20220704,20210915,0,0,S,N,1,0,1,0,2021-06-13,N,0,0,0,15.0,2,S,1,5,65,49,S,S,1,1,20200725,7,1,45,4,9,83,6,1,31,10,29314711,BOE-402-2019,S,N,N,21,VNM,8,9,6,S,N
2015,200110,20150,26,200110,7,1,12,38,20130,10,33,485,1,1,0.0,8,8.990792381772716,235.0,4,174.0,1,220.0,3,0.0,2,H,1,27,20220527,20230312,0,0,N,N,0,0,0,0,2022-01-05,N,1,0,1,25.0,4,S,1,10,85,8,N,S,0,1,20221023,6,2,14,8,7,151,5,1,86,1,67447155,BOE-730-2017,N,S,S,30,HND,6,36,16,N,S
2016,200111,20160,45,200111,2,1,96,8,20130,11,41,314,8,6,4.0,7,7.734149441875225,337.0,5,332.0,3,283.0,4,5.655,2,M,2,49,20210505,20200224,1,0,N,S,0,1,1,0,2021-04-06,N,0,0,0,26.0,4,N,0,2,63,19,N,S,0,1,20211031,1,7,17,5,1,276,6,2,342,3,73717007,BOE-123-2017,S,S,S,54,MRT,5,19,14,N,S
2012,200112,20120,43,200112,7,6,69,6,20110,7,17,192,5,1,1.0,5,6.158691023030494,233.0,4,190.0,5,180.0,2,5.582,3,M,2,30,20220302,20200119,1,0,N,N,0,0,0,0,2021-07-19,N,0,0,0,5.0,4,N,0,2,34,36,N,N,0,0,20200905,4,7,12,8,3,34,6,1,15,8,55813853,BOE-216-2021,N,N,N,9,ARG,3,12,31,N,N
2012,200113,20120,57,200113,6,4,58,33,20100,6,13,388,3,1,0.0,3,3.446162665499643,321.0,2,297.0,3,284.0,1,9.695,5,H,1,53,20230308,20231211,1,0,S,S,1,1,1,1,2023-07-16,S,0,0,1,23.0,2,S,1,7,10,33,N,N,0,0,20210915,6,9,13,7,5,205,7,5,398,2,94457890,BOE-613-2017,N,N,N,50,NZL,9,5,15,N,S
2017,200114,20170,65,200114,6,6,5,4,20160,12,29,411,1,1,0.0,3,3.5824231429098434,222.0,5,221.0,3,219.0,1,8.754,4,M,2,22,20230125,20230513,1,0,S,S,1,1,0,1,2021-06-13,S,0,0,0,15.0,3,N,1,9,72,22,N,S,0,1,20210311,3,4,46,3,6,346,6,7,460,10,27133023,BOE-968-2017,S,N,S,48,ATG,3,6,19,S,N
2014,200115,20140,20,200115,7,4,36,5,20110,11,29,73,4,2,0.0,8,8.71886346132402,271.0,5,263.0,2,217.0,4,6.384,5,M,2,48,20200206,20210507,1,0,S,N,1,0,0,1,2021-09-09,S,0,0,1,26.0,4,N,1,9,59,24,N,N,0,0,20220513,3,2,12,5,1,210,6,2,135,12,15867870,BOE-882-2015,N,S,N,67,SVN,5,8,13,N,N
2012,200116,20120,11,200116,4,5,13,16,20100,9,36,320,1,1,0.0,5,5.218302545535596,249.0,5,249.0,5,246.0,1,5.94,1,M,2,49,20220228,20230327,1,0,S,S,1,1,1,1,2023-07-31,S,0,0,0,8.0,4,N,0,7,65,22,S,N,1,0,20200626,1,7,23,5,3,277,6,7,46,11,76890296,BOE-556-2021,N,S,S,38,PAK,1,6,6,N,N
2018,200117,20180,26,200117,1,1,85,41,20140,15,13,14,1,1,0.0,8,8.883306041915754,326.0,1,324.0,1,321.0,2,8.25,2,H,1,46,20210602,20200417,1,0,S,N,1,0,0,1,2020-07-13,S,0,0,1,24.0,3,N,0,10,23,20,S,N,1,0,20220827,6,3,27,5,9,259,1,9,209,12,67447155,BOE-274-2011,N,N,S,20,TGO,8,41,31,N,S
2011,200118,20110,99,200118,1,3,43,47,20100,15,34,110,1,1,0.0,3,4.210085178609384,189.0,3,187.0,1,182.0,5,6.656,2,M,2,21,20201121,20220117,1,0,N,S,0,1,1,1,2021-03-24,S,0,0,0,19.0,4,N,0,3,27,41,S,N,1,0,20211116,9,3,14,7,10,241,5,9,22,13,29246218,BOE-956-2012,N,N,N,76,COM,10,42,11,S,N
2018,200119,20180,9,200119,1,2,50,40,20170,11,31,311,4,4,0.0,7,7.506756393605009,271.0,3,250.0,2,231.0,5,0.0,1,H,1,25,20220621,20230416,0,1,S,N,1,0,0,0,2021-12-16,N,0,0,1,6.0,2,N,1,10,28,42,S,N,1,0,20220521,5,9,18,6,8,164,7,2,38,7,78176558,BOE-844-2010,S,N,N,35,IRQ,4,6,47,S,S
2024,200120,20240,26,200120,4,3,1,22,20120,13,41,98,6,1,0.0,3,4.260894116717852,258.0,5,246.0,1,225.0,3,0.0,1,H,1,32,20210814,20220311,0,1,S,S,1,1,0,0,2021-03-17,N,0,0,0,1.0,1,S,0,7,15,2,N,N,0,0,20201004,1,1,39,6,7,199,4,6,437,12,67447155,BOE-180-2012,N,S,N,22,FIN,1,26,47,N,S
2020,200121,20200,55,200121,4,1,54,1,20160,12,22,44,5,1,0.0,4,4.713060404990644,248.0,5,205.0,1,219.0,2,0.0,3,M,2,45,20200407,20221102,0,1,S,S,1,1,0,0,2022-04-09,N,0,0,0,12.0,4,N,1,10,44,14,S,N,1,0,20220920,4,7,26,7,4,465,1,9,371,14,59961498,BOE-510-2017,N,N,S,38,PAK,3,32,15,S,N
2011,200122,20110,87,200122,1,3,61,18,20100,7,39,134,4,1,0.0,3,2.705071970142426,311.0,4,249.0,3,265.0,1,0.0,4,H,1,44,20220205,20210506,0,1,N,S,0,1,0,0,2020-02-14,N,0,0,1,28.0,3,S,0,7,85,9,S,S,1,1,20220711,2,10,13,7,10,154,7,3,179,3,61310453,BOE-924-2012,N,N,S,26,MNG,2,15,34,S,S
2021,200123,20210,96,200123,5,3,38,11,20200,8,21,378,1,1,0.0,3,4.356244851222104,226.0,3,163.0,1,219.0,4,0.0,4,M,2,21,20230121,20210910,0,0,S,N,1,0,0,0,2021-12-04,N,1,0,0,12.0,1,S,0,9,32,35,S,S,1,1,20210808,10,3,37,1,2,498,5,4,443,5,53143336,BOE-395-2015,N,S,N,95,NLD,5,36,30,N,S
2014,200124,20140,92,200124,6,2,18,43,20120,10,12,445,5,4,0.0,4,4.319464440476628,304.0,3,273.0,3,299.0,2,0.0,5,H,1,30,20230212,20200525,0,0,S,S,1,1,0,0,2022-11-20,N,0,0,0,10.0,2,S,0,4,95,19,S,S,1,1,20231012,10,9,34,3,7,426,6,2,337,12,90297353,BOE-178-2016,S,N,S,77,NGA,6,45,47,S,S
2017,200125,20170,68,200125,1,2,4,17,20110,7,11,230,3,2,0.0,3,3.9279680130729364,229.0,1,199.0,2,196.0,5,6.462,4,H,1,64,20230220,20221007,1,0,S,N,1,0,1,1,2023-04-03,S,0,0,0,4.0,1,S,1,6,51,12,N,N,0,0,20210416,8,8,16,6,1,163,8,7,499,2,20112846,BOE-228-2018,S,S,N,66,CAF,5,46,30,N,N
2018,200126,20180,31,200126,6,4,48,31,20150,1,9,277,6,2,0.0,3,4.226599999407142,353.0,4,297.0,2,349.0,5,0.0,5,H,1,54,20221022,20230412,0,0,S,S,1,1,1,0,2023-11-10,N,0,0,0,18.0,1,S,1,2,24,46,S,N,1,0,20230621,1,7,11,1,4,114,5,5,346,15,85726382,BOE-945-2018,S,N,N,80,ETH,4,30,12,S,N
2013,200127,20130,100,200127,4,3,19,13,20110,8,24,164,6,4,0.0,6,7.483062416037515,190.0,2,132.0,3,183.0,4,0.0,5,H,1,63,20220105,20201213,0,1,N,S,0,1,0,0,2023-08-23,N,0,0,0,20.0,3,S,1,9,5,26,S,S,1,1,20211005,6,1,23,8,2,452,6,1,87,8,77619624,BOE-962-2011,N,S,N,84,BWA,5,27,8,S,S
2023,200128,20230,13,200128,4,3,12,48,20160,9,15,44,5,5,0.0,3,2.5936689261168437,359.0,2,274.0,2,320.0,1,0.0,3,M,2,28,20200527,20231115,0,1,S,S,1,1,1,0,2020-12-08,N,0,0,1,1.0,1,N,1,6,46,17,S,S,1,1,20230226,9,8,33,6,8,423,6,1,367,3,35105069,BOE-653-2023,S,N,N,94,UGA,7,1,30,S,S
2021,200129,20210,17,200129,7,4,94,19,20170,9,43,253,7,2,0.0,7,8.30658098221662,335.0,4,278.0,2,314.0,1,0.0,5,H,1,42,20230910,20211005,0,0,N,S,0,1,1,0,2022-08-23,N,1,1,0,19.0,3,N,1,2,21,49,N,S,0,1,20230508,8,3,24,6,2,380,6,1,18,9,31715995,BOE-345-2019,S,S,S,50,NZL,9,48,3,S,N
2022,200130,20220,12,200130,6,1,58,15,20160,14,37,342,2,1,0.0,7,7.510313871186815,396.0,4,376.0,1,350.0,2,0.0,3,H,1,39,20220516,20220518,0,0,N,N,0,0,0,0,2022-11-02,N,1,0,1,18.0,5,S,1,2,29,14,N,N,0,0,20210926,2,10,33,4,9,379,1,9,101,15,1534878,BOE-546-2018,N,S,S,23,GTM,9,14,17,S,N
2021,200131,20210,62,200131,2,6,28,35,20120,4,27,213,6,4,0.0,4,4.159212963046457,316.0,3,259.0,2,284.0,1,0.0,5,M,2,30,20231102,20230614,0,1,S,N,1,0,0,0,2023-07-21,N,0,0,1,8.0,1,N,1,1,33,38,N,S,0,1,20221004,6,1,13,5,4,293,8,7,11,9,8289024,BOE-349-2012,S,S,S,92,ERI,7,49,41,N,N
2020,200132,20200,21,200132,7,5,18,44,20130,10,11,87,8,5,0.0,3,4.315901762027384,192.0,1,173.0,3,189.0,5,0.0,4,H,1,35,20211102,20210417,0,1,N,N,0,0,0,0,2023-11-07,N,0,0,0,29.0,4,S,1,8,20,3,S,S,1,1,20220606,8,2,29,6,5,156,2,6,131,9,62464258,BOE-885-2023,N,S,S,18,ZAF,3,29,45,S,S
2018,200133,20180,99,200133,3,2,19,4,20130,8,32,294,8,3,4.0,7,7.235174499439753,298.0,2,298.0,4,298.0,2,8.33,1,M,2,65,20230422,20200324,1,0,N,N,0,0,1,0,2020-04-30,N,0,0,1,16.0,4,S,0,1,61,14,N,N,0,0,20230906,8,4,10,3,6,184,1,9,46,11,29246218,BOE-981-2016,N,S,N,2,COG,8,50,18,S,N
2022,200134,20220,96,200134,6,3,85,10,20140,11,50,220,3,2,0.0,3,3.28537016849607,326.0,3,302.0,2,275.0,3,6.145,3,M,2,34,20210323,20230117,1,0,S,S,1,1,0,1,2023-09-12,S,0,0,0,11.0,4,N,0,4,51,42,N,N,0,0,20200719,6,8,41,4,5,457,7,2,157,6,53143336,BOE-846-2019,S,S,S,72,GNB,2,35,27,N,S
2016,200135,20160,7,200135,6,6,23,17,20140,5,25,302,5,4,0.0,3,3.58695021693158,319.0,3,313.0,4,302.0,1,0.0,5,M,2,37,20230527,20210723,0,0,N,S,0,1,0,0,2021-03-28,N,0,0,1,24.0,3,S,1,3,27,41,S,S,1,1,20210916,2,7,2,6,1,435,5,9,391,9,44241559,BOE-561-2011,S,S,S,1,ESP,9,35,35,N,S
2013,200136,20130,53,200136,7,5,61,10,20120,9,2,209,7,4,0.0,3,3.9974194483529066,322.0,1,282.0,1,309.0,4,0.0,1,M,2,38,20221123,20200302,0,0,S,N,1,0,0,0,2020-08-03,N,0,0,0,30.0,3,S,1,6,53,17,N,S,0,1,20200925,4,7,43,4,5,250,6,1,426,14,10988446,BOE-714-2010,N,N,S,71,LSO,1,31,11,N,S
2019,200137,20190,1,200137,1,5,7,50,20110,15,12,109,1,1,0.0,8,8.669351895079561,325.0,4,319.0,5,318.0,5,5.425,1,H,1,37,20220211,20220407,1,0,S,S,1,1,1,1,2021-02-07,S,0,0,0,21.0,1,S,1,4,31,25,N,N,0,0,20200118,10,3,31,5,7,26,6,2,224,7,916723,BOE-969-2011,N,N,S,33,LBR,4,35,39,N,N
2021,200138,20210,28,200138,1,2,53,14,20190,8,2,79,4,4,0.0,5,6.251803979417947,401.0,1,376.0,5,342.0,5,5.644,4,M,2,35,20220820,20201216,1,0,N,S,0,1,0,1,2022-01-23,S,0,0,1,0.0,4,S,1,7,44,41,S,S,1,1,20201108,4,2,28,1,9,73,5,9,118,3,41738753,BOE-266-2017,S,S,N,74,SRB,7,6,18,S,N
2013,200139,20130,14,200139,4,4,37,46,20110,11,29,246,1,1,0.0,5,5.862081854851374,368.0,4,366.0,5,308.0,3,0.0,2,M,2,52,20221016,20220201,0,1,S,N,1,0,0,0,2020-02-23,N,0,0,1,2.0,5,S,1,2,3,34,N,S,0,1,20201226,3,1,21,5,5,226,5,8,123,8,87735896,BOE-588-2015,N,S,N,93,CHL,6,43,40,S,S
2018,200140,20180,80,200140,4,1,17,15,20120,11,9,425,7,2,0.0,7,7.0488862734767315,304.0,4,234.0,3,275.0,3,0.0,4,H,1,30,20210805,20221019,0,1,N,S,0,1,0,0,2020-11-03,N,0,0,1,26.0,2,S,1,6,100,32,S,S,1,1,20231206,1,4,17,4,9,463,1,4,111,5,68501420,BOE-973-2018,N,N,S,90,TTO,3,42,8,S,N
2019,200141,20190,77,200141,1,3,4,22,20180,4,35,82,8,3,4.0,7,6.677789101596459,241.0,5,231.0,4,206.0,2,7.148,2,H,1,38,20231228,20210324,1,0,N,S,0,1,1,0,2021-10-26,N,0,0,1,7.0,1,N,0,2,66,34,S,N,1,0,20211018,4,5,26,6,7,50,5,8,336,8,78268756,BOE-750-2017,S,N,N,80,ETH,2,28,17,S,S
2021,200142,20210,67,200142,1,2,90,31,20190,14,5,308,3,1,0.0,4,4.152438743818511,368.0,2,368.0,2,350.0,5,7.378,4,H,1,21,20211127,20220611,1,0,S,N,1,0,1,1,2023-01-22,S,0,0,0,30.0,1,S,1,10,5,37,S,N,1,0,20220516,4,5,20,1,4,316,6,2,254,11,72029307,BOE-776-2019,S,S,S,59,BRA,5,49,37,N,N
2012,200143,20120,26,200143,3,1,65,16,20100,15,42,169,7,3,0.0,5,4.922225290740638,388.0,1,296.0,5,339.0,1,0.0,1,H,1,60,20230906,20220818,0,0,S,N,1,0,0,0,2020-12-30,N,1,1,0,0.0,3,N,1,3,94,11,S,S,1,1,20230819,2,4,44,5,3,303,1,2,41,4,67447155,BOE-962-2017,N,N,N,53,KGZ,7,19,18,S,N
2020,200144,20200,42,200144,7,2,63,23,20170,15,24,364,5,4,0.0,3,3.7166463329842268,293.0,1,270.0,1,268.0,2,0.0,3,H,1,25,20221002,20231111,0,1,N,S,0,1,0,0,2022-05-15,N,0,0,0,11.0,3,S,0,7,8,42,N,N,0,0,20220213,6,8,44,6,1,32,7,2,248,1,50147077,BOE-403-2023,S,S,S,76,COM,7,42,17,S,N
2012,200145,20120,19,200145,6,2,47,6,20100,10,1,97,8,2,4.0,3,4.005354414240725,363.0,5,351.0,2,306.0,2,7.803,2,H,1,49,20200724,20200808,1,0,N,N,0,0,1,0,2022-06-12,N,0,0,0,23.0,5,N,1,5,11,7,S,N,1,0,20220418,3,5,6,8,3,202,1,10,362,7,89628735,BOE-338-2020,N,S,S,54,MRT,3,3,48,S,N
2014,200146,20140,2,200146,6,1,62,37,20130,9,27,457,1,1,0.0,5,6.175964453709936,380.0,1,276.0,1,336.0,5,0.0,2,H,1,65,20210512,20210527,0,0,N,S,0,1,0,0,2020-07-30,N,0,0,1,10.0,5,S,0,5,17,9,N,S,0,1,20210801,6,8,30,6,2,122,7,3,467,3,35002007,BOE-420-2014,N,N,N,63,UZB,6,2,35,N,S
2020,200147,20200,98,200147,4,1,80,7,20160,12,38,462,4,3,0.0,4,3.7631049878721923,253.0,3,223.0,5,223.0,4,7.75,4,H,1,55,20230727,20220219,1,0,S,N,1,0,1,1,2022-11-18,S,0,0,0,23.0,1,N,0,2,18,50,N,S,0,1,20220321,7,7,4,1,10,303,5,7,60,8,404729,BOE-408-2019,S,N,N,50,NZL,10,23,3,S,S
2018,200148,20180,15,200148,7,1,62,46,20100,3,34,308,7,2,3.0,7,6.994638489043924,279.0,5,245.0,4,226.0,5,7.231,5,M,2,20,20231028,20220427,1,0,N,S,0,1,0,0,2020-01-12,N,0,0,0,17.0,5,S,1,10,82,34,N,S,0,1,20200914,9,8,22,5,5,299,5,8,67,8,48258264,BOE-931-2011,S,N,N,25,PHL,5,37,3,N,S
2024,200149,20240,5,200149,4,4,39,34,20100,2,42,461,7,5,0.0,8,9.12756898806821,195.0,4,166.0,2,180.0,1,0.0,2,M,2,44,20210128,20210917,0,1,N,N,0,0,0,0,2020-01-24,N,0,0,0,18.0,3,N,1,2,56,23,N,S,0,1,20200426,2,8,44,5,8,165,6,1,55,15,59959826,BOE-252-2019,S,N,N,59,BRA,9,19,26,N,S
2020,200150,20200,23,200150,1,1,84,21,20160,10,5,241,6,3,2.0,8,9.109050469905903,201.0,4,189.0,5,181.0,2,7.783,1,M,2,22,20230502,20221001,1,0,S,S,1,1,1,0,2021-11-11,N,0,0,0,29.0,2,N,1,4,64,38,S,S,1,1,20200324,4,8,27,1,8,244,8,7,70,7,21436829,BOE-895-2020,N,N,S,92,ERI,6,9,12,S,S
2011,200151,20110,86,200151,3,4,69,41,20100,4,34,255,6,4,2.0,4,4.154555611971639,324.0,2,316.0,3,308.0,3,6.324,5,H,1,44,20201018,20210805,1,0,N,N,0,0,1,0,2023-08-28,N,0,0,1,11.0,1,S,0,10,10,19,S,S,1,1,20231105,9,6,17,5,9,229,6,2,370,9,55757342,BOE-681-2010,S,S,S,83,BEL,1,1,46,S,S
2014,200152,20140,98,200152,7,6,46,19,20110,9,28,441,6,5,0.0,5,5.4705613942910345,260.0,2,239.0,2,241.0,5,0.0,3,H,1,45,20220327,20220602,0,1,S,S,1,1,0,0,2020-01-02,N,0,0,0,1.0,2,N,1,5,38,11,N,S,0,1,20220727,2,5,17,6,2,444,1,2,313,4,404729,BOE-702-2012,S,S,S,62,DMA,7,46,25,S,N
2017,200153,20170,37,200153,5,4,4,38,20160,10,1,101,6,2,2.0,6,6.584695678764207,346.0,5,339.0,3,337.0,3,7.639,5,H,1,31,20230812,20200412,1,0,S,N,1,0,0,0,2020-04-27,N,0,0,1,5.0,1,N,1,6,33,36,N,N,0,0,20210314,3,1,35,8,7,416,6,1,318,13,17927298,BOE-276-2023,N,S,N,61,CHN,1,31,1,N,N
2015,200154,20150,18,200154,1,6,29,47,20130,1,22,298,3,3,0.0,8,7.565396932854799,334.0,1,295.0,3,284.0,4,0.0,5,H,1,54,20200402,20230224,0,1,S,N,1,0,1,0,2022-12-30,N,0,0,1,1.0,4,S,0,10,37,19,N,N,0,0,20211110,4,5,5,7,10,57,6,2,413,14,8338186,BOE-516-2019,N,S,S,43,TWN,10,3,5,N,N
2015,200155,20150,11,200155,5,6,63,24,20140,9,18,147,4,2,0.0,4,4.193653649169502,374.0,5,289.0,3,337.0,2,0.0,4,M,2,47,20220613,20211006,0,1,N,S,0,1,0,0,2023-06-09,N,0,0,0,23.0,4,S,1,2,63,19,N,S,0,1,20220615,7,10,37,6,2,417,6,2,391,8,76890296,BOE-874-2011,S,S,S,43,TWN,4,34,9,S,N
2018,200156,20180,71,200156,2,3,70,44,20170,6,45,193,3,3,0.0,4,4.624242284018036,214.0,4,214.0,3,205.0,4,9.353,5,H,1,28,20231012,20200305,1,0,S,N,1,0,0,1,2021-08-19,S,0,0,0,17.0,5,N,0,3,5,27,S,S,1,1,20200712,1,4,45,6,5,482,3,6,98,4,69839059,BOE-943-2016,N,N,S,54,MRT,8,42,35,N,S
2017,200157,20170,56,200157,4,4,39,13,20110,14,30,291,5,5,0.0,3,3.2597272796460137,230.0,5,157.0,2,206.0,5,0.0,3,H,1,29,20220615,20230525,0,1,N,S,0,1,1,0,2022-10-17,N,0,0,0,22.0,2,N,0,6,82,23,N,N,0,0,20230517,9,10,15,8,2,454,6,1,345,14,70890196,BOE-697-2012,S,S,S,53,KGZ,2,36,43,N,N
2022,200158,20220,51,200158,7,3,46,22,20160,14,1,122,4,1,0.0,4,4.075908345706305,392.0,5,347.0,1,334.0,4,8.465,4,H,1,37,20210323,20231206,1,0,S,N,1,0,0,1,2021-09-05,S,0,0,0,14.0,4,N,0,2,37,8,S,S,1,1,20230918,3,2,28,6,7,288,5,1,294,5,91313946,BOE-503-2023,S,S,S,88,ESP,10,34,20,N,N
2017,200159,20170,87,200159,2,1,70,20,20130,4,3,41,8,3,4.0,3,2.799096028777188,259.0,2,244.0,5,205.0,2,6.173,5,H,1,35,20221211,20230818,1,0,S,S,1,1,0,0,2023-01-15,N,0,0,0,0.0,5,N,0,2,86,33,N,N,0,0,20200929,8,4,10,1,9,138,7,5,75,15,61310453,BOE-317-2013,N,S,N,25,PHL,5,47,12,S,N
2012,200160,20120,33,200160,1,2,23,1,20100,2,21,387,8,2,4.0,6,7.002223630754457,341.0,4,294.0,2,289.0,3,9.934,1,H,1,59,20220104,20220112,1,0,N,S,0,1,0,0,2023-06-06,N,0,0,1,13.0,2,N,1,3,2,36,S,S,1,1,20210226,10,7,38,7,4,182,6,1,11,9,49330907,BOE-763-2020,S,N,N,10,VCT,7,4,30,S,S
2018,200161,20180,16,200161,2,1,98,45,20160,3,32,279,7,1,3.0,5,5.071502118837348,261.0,3,251.0,1,222.0,5,5.026,4,H,1,42,20230423,20220621,1,0,N,S,0,1,1,0,2020-07-04,N,0,0,0,12.0,1,N,0,9,20,15,S,N,1,0,20230904,8,5,14,6,2,371,4,9,125,10,92981826,BOE-528-2013,S,N,N,59,BRA,1,42,22,S,S
2011,200162,20110,87,200162,7,5,97,15,20100,2,5,362,5,2,0.0,5,5.9728244244986195,334.0,3,326.0,1,303.0,1,0.0,4,H,1,37,20210526,20220526,0,1,N,N,0,0,0,0,2020-12-05,N,0,0,1,11.0,1,N,1,3,31,29,S,N,1,0,20210806,4,10,3,4,9,438,3,3,193,6,61310453,BOE-517-2012,N,N,N,16,BLR,8,23,39,N,N
2015,200163,20150,94,200163,1,3,14,1,20110,8,44,99,3,1,0.0,4,3.6302439286681967,248.0,5,209.0,1,238.0,4,0.0,1,M,2,60,20230216,20211107,0,1,S,N,1,0,1,0,2023-04-20,N,0,0,1,0.0,2,S,0,10,29,27,S,N,1,0,20210129,7,5,15,7,4,70,3,6,30,12,97077009,BOE-346-2020,S,S,N,16,BLR,1,4,30,S,N
2016,200164,20160,83,200164,5,5,11,47,20110,14,5,59,2,2,0.0,7,7.586966164737225,280.0,5,228.0,4,273.0,3,0.0,3,M,2,62,20230721,20220213,0,0,N,N,0,0,1,0,2022-06-10,N,0,0,0,12.0,2,N,1,7,62,43,S,N,1,0,20220609,4,3,26,7,10,417,3,7,57,4,60858653,BOE-893-2010,S,N,S,12,ITA,4,34,18,S,N
2014,200165,20140,37,200165,3,1,73,29,20120,14,16,497,3,1,0.0,3,4.188021450528813,301.0,1,267.0,4,295.0,1,0.0,4,H,1,61,20200224,20200114,0,1,N,N,0,0,0,0,2021-09-08,N,0,0,1,26.0,5,S,0,5,65,18,S,N,1,0,20221114,8,2,30,3,3,426,7,10,280,5,17927298,BOE-894-2022,N,N,N,96,SVK,1,15,7,S,N
2016,200166,20160,18,200166,4,6,82,11,20130,9,23,308,6,5,2.0,4,4.9695894086168915,325.0,2,315.0,3,295.0,5,6.736,2,H,1,59,20220816,20200722,1,0,N,N,0,0,1,0,2022-09-19,N,0,0,1,15.0,2,S,0,2,52,13,N,N,0,0,20200312,2,4,12,1,2,36,8,2,20,1,8338186,BOE-964-2023,N,S,N,52,EST,10,33,9,S,S
2017,200167,20170,12,200167,1,1,45,23,20150,15,3,109,5,4,0.0,8,8.257713492585506,363.0,1,309.0,5,338.0,3,0.0,1,H,1,27,20231220,20210101,0,1,S,N,1,0,1,0,2023-03-31,N,0,0,0,26.0,4,N,0,6,41,24,N,S,0,1,20210316,8,6,49,6,1,262,6,2,476,13,1534878,BOE-667-2023,N,N,S,27,SLV,10,10,5,N,N
2014,200168,20140,26,200168,1,3,48,39,20130,2,40,297,3,1,0.0,8,8.164583827053926,344.0,1,322.0,3,285.0,3,8.759,4,H,1,24,20231209,20230804,1,0,N,N,0,0,1,1,2022-11-03,S,0,0,0,28.0,1,N,0,3,75,46,S,S,1,1,20220623,9,3,30,3,6,258,5,5,161,6,67447155,BOE-989-2022,S,N,S,37,SLB,7,9,34,N,S
2022,200169,20220,100,200169,6,2,55,19,20130,3,28,196,8,4,0.0,4,4.197034931678578,238.0,5,169.0,4,229.0,4,0.0,5,H,1,22,20230619,20211026,0,1,N,N,0,0,0,0,2021-09-20,N,0,0,1,2.0,3,N,1,10,39,46,S,S,1,1,20210805,2,3,12,6,2,457,5,5,214,2,77619624,BOE-506-2016,N,S,N,1,ESP,10,43,30,N,S
2014,200170,20140,46,200170,4,6,11,32,20100,12,47,201,6,1,0.0,3,3.5955646937770167,392.0,5,359.0,4,338.0,2,0.0,5,H,1,58,20220417,20231106,0,0,N,S,0,1,1,0,2020-01-25,N,0,0,1,18.0,1,S,1,4,27,36,N,S,0,1,20210223,6,6,41,1,4,126,6,1,450,5,63193474,BOE-197-2014,N,N,S,2,COG,9,28,33,S,S
2013,200171,20130,55,200171,2,2,63,42,20100,12,30,59,8,3,0.0,6,6.135575028780073,291.0,5,202.0,4,242.0,1,0.0,3,M,2,63,20210424,20230626,0,1,N,N,0,0,1,0,2023-09-05,N,0,0,1,1.0,1,S,0,6,6,38,N,N,0,0,20230317,9,4,3,7,2,249,8,7,243,7,59961498,BOE-593-2016,S,S,N,8,HTI,10,35,28,S,N
2022,200172,20220,41,200172,3,2,33,21,20170,13,4,222,8,3,0.0,7,8.002718287561583,234.0,4,207.0,3,225.0,5,0.0,5,H,1,43,20230716,20200501,0,1,S,N,1,0,0,0,2021-11-19,N,0,0,0,8.0,1,N,1,7,41,38,S,S,1,1,20201205,4,5,5,1,8,394,8,7,337,7,81300905,BOE-448-2022,N,S,N,8,HTI,8,28,7,N,S
2020,200173,20200,77,200173,6,2,19,33,20110,7,27,408,2,2,0.0,8,8.967198145073965,213.0,5,199.0,4,202.0,4,0.0,1,H,1,63,20220428,20211224,0,0,N,S,0,1,1,0,2021-05-02,N,1,0,1,7.0,2,S,0,9,25,42,N,N,0,0,20210608,6,9,12,7,5,217,7,2,133,15,78268756,BOE-718-2012,S,S,N,95,NLD,1,10,48,N,S
2021,200174,20210,50,200174,6,5,41,12,20130,10,25,469,4,4,0.0,5,5.484663517394887,325.0,5,282.0,1,281.0,2,0.0,1,M,2,64,20230923,20221222,0,0,N,N,0,0,0,0,2021-05-23,N,1,0,1,6.0,1,S,0,10,48,33,N,N,0,0,20221125,2,10,40,8,7,163,7,5,377,6,33214247,BOE-182-2022,S,N,S,68,GRC,2,39,38,N,N
2018,200175,20180,4,200175,7,4,77,8,20160,7,12,205,8,2,4.0,8,9.450031181525404,333.0,3,301.0,5,284.0,3,6.29,4,H,1,56,20200723,20221112,1,0,S,S,1,1,1,0,2021-07-25,N,0,0,1,30.0,3,S,0,4,5,3,N,S,0,1,20220206,10,7,19,5,1,430,2,6,491,10,31611127,BOE-768-2021,N,N,N,5,SWZ,9,32,45,S,N
2024,200176,20240,69,200176,4,3,81,13,20210,11,16,350,2,1,0.0,6,5.915995251827533,349.0,4,341.0,4,307.0,5,9.858,5,H,1,40,20220908,20221210,1,0,S,N,1,0,0,1,2020-06-26,S,0,0,0,13.0,4,N,1,10,90,30,S,S,1,1,20201001,8,4,23,8,2,405,1,8,30,7,22083803,BOE-172-2011,N,S,S,89,KEN,8,11,44,N,N
2014,200177,20140,42,200177,5,2,11,42,20130,14,8,267,4,2,0.0,5,6.08929027666593,272.0,5,256.0,5,255.0,1,5.475,3,H,1,38,20220814,20201110,1,0,N,N,0,0,1,1,2020-08-05,S,0,0,0,25.0,2,S,1,1,66,5,S,N,1,0,20220826,3,3,16,7,2,488,5,1,42,12,50147077,BOE-925-2020,S,N,N,40,TUV,7,24,22,S,N
2016,200178,20160,73,200178,5,6,43,18,20100,6,20,336,4,2,0.0,8,9.440712885991964,342.0,5,329.0,4,329.0,3,0.0,1,M,2,38,20210619,20220227,0,1,S,S,1,1,1,0,2021-01-24,N,0,0,1,8.0,1,S,1,10,69,20,N,N,0,0,20221220,7,6,10,7,10,165,1,9,297,2,15601471,BOE-366-2010,N,N,N,50,NZL,10,21,14,N,N
2019,200179,20190,54,200179,7,2,51,3,20150,9,19,437,6,5,2.0,5,4.625760008777248,231.0,4,203.0,4,199.0,2,5.723,2,M,2,57,20210315,20201025,1,0,N,N,0,0,0,0,2022-10-26,N,0,0,1,29.0,4,N,1,8,82,13,S,N,1,0,20220619,10,6,42,2,6,231,8,2,142,12,70532309,BOE-602-2022,N,N,S,16,BLR,3,42,29,S,S
2023,200180,20230,44,200180,2,5,34,2,20110,13,24,67,5,5,0.0,3,2.957505414783549,297.0,4,192.0,3,238.0,2,0.0,4,M,2,58,20230211,20220920,0,0,S,N,1,0,1,0,2023-10-24,N,1,1,1,24.0,1,N,0,5,61,21,S,S,1,1,20210624,6,3,16,4,6,373,1,8,380,15,94212889,BOE-694-2022,S,N,N,21,VNM,8,13,15,S,S
2017,200181,20170,95,200181,4,1,21,3,20140,5,1,122,8,1,4.0,7,7.7147193715265985,388.0,3,353.0,3,337.0,5,9.808,3,M,2,64,20231221,20200602,1,0,N,N,0,0,1,0,2023-12-03,N,0,0,1,3.0,5,S,0,3,45,45,S,N,1,0,20201025,3,6,5,2,6,139,6,2,496,5,2921981,BOE-610-2012,S,N,S,60,RUS,10,18,47,N,S
2012,200182,20120,17,200182,5,5,31,22,20100,6,10,431,6,4,0.0,3,3.2709350723536383,292.0,1,187.0,2,238.0,4,0.0,5,H,1,56,20200411,20200612,0,0,N,N,0,0,0,0,2020-05-15,N,0,0,0,1.0,1,N,0,8,62,34,N,S,0,1,20220307,9,5,8,6,7,208,5,8,129,15,31715995,BOE-596-2019,N,S,N,9,ARG,10,3,36,N,S
2023,200183,20230,92,200183,1,4,53,27,20140,8,39,116,3,1,0.0,3,2.5797355608110344,338.0,5,252.0,3,299.0,5,0.0,5,H,1,39,20221117,20210827,0,0,S,S,1,1,0,0,2023-07-23,N,1,1,1,10.0,5,S,0,2,51,40,N,S,0,1,20200427,2,8,34,3,6,225,6,8,157,8,90297353,BOE-260-2012,S,S,N,86,BHR,4,23,12,N,N
2019,200184,20190,91,200184,4,3,37,12,20100,13,7,395,4,3,0.0,3,2.9599048429474344,265.0,2,224.0,2,210.0,4,5.566,1,M,2,54,20221021,20220104,1,0,N,S,0,1,1,1,2020-09-03,S,0,0,1,19.0,5,N,1,5,75,2,N,N,0,0,20220719,6,3,38,8,7,211,4,6,292,3,62059365,BOE-878-2018,S,N,S,68,GRC,6,43,19,S,N
2012,200185,20120,85,200185,6,5,87,36,20110,4,14,52,1,1,0.0,5,5.037479760988608,291.0,4,262.0,2,241.0,4,0.0,2,H,1,65,20230811,20200305,0,0,N,S,0,1,1,0,2020-11-15,N,1,1,0,9.0,4,N,0,10,5,17,N,N,0,0,20230307,7,9,12,6,1,332,6,1,396,3,68886959,BOE-115-2022,S,N,N,39,HUN,2,35,21,S,N
2014,200186,20140,72,200186,2,1,13,16,20110,1,3,367,4,1,0.0,8,7.996191283786516,235.0,3,202.0,5,194.0,3,5.508,1,M,2,26,20210516,20211223,1,0,S,N,1,0,1,1,2023-08-14,S,0,0,0,19.0,1,S,1,3,48,12,S,S,1,1,20200601,8,1,47,5,3,390,8,7,495,4,59302835,BOE-585-2021,N,S,S,71,LSO,1,8,25,S,N
2015,200187,20150,3,200187,5,4,42,24,20100,4,20,146,5,4,1.0,4,3.660895296446421,333.0,1,332.0,1,300.0,3,7.301,1,H,1,52,20230203,20230628,1,0,S,N,1,0,0,0,2021-03-15,N,0,0,1,26.0,1,S,1,1,77,25,N,N,0,0,20220907,7,1,13,6,2,9,6,2,463,10,51482483,BOE-805-2017,N,S,N,35,IRQ,9,37,36,S,S
2020,200188,20200,48,200188,5,6,41,27,20150,9,30,144,6,4,0.0,4,3.794963979910292,249.0,3,211.0,5,229.0,1,0.0,5,H,1,46,20230110,20210121,0,0,N,S,0,1,0,0,2020-08-11,N,0,0,1,6.0,3,N,0,2,94,10,S,S,1,1,20230310,9,5,15,3,6,77,4,5,264,13,89133246,BOE-238-2020,S,N,N,56,LIE,2,1,41,N,S
2023,200189,20230,28,200189,5,1,92,46,20100,1,48,362,4,4,0.0,5,5.352535422577556,350.0,5,343.0,1,327.0,5,0.0,2,M,2,25,20200507,20220413,0,0,N,N,0,0,1,0,2020-02-02,N,1,0,1,13.0,3,S,1,8,57,4,N,N,0,0,20231202,7,8,16,5,5,12,3,6,282,13,41738753,BOE-371-2018,S,S,S,9,ARG,5,7,33,N,S
2020,200190,20200,38,200190,2,2,38,47,20100,14,36,16,5,3,0.0,3,3.820288184256972,301.0,3,243.0,4,296.0,5,0.0,2,M,2,37,20200828,20210607,0,0,N,S,0,1,1,0,2022-09-20,N,1,1,1,27.0,1,S,0,10,89,50,N,N,0,0,20200304,1,4,32,7,10,235,5,7,416,10,64180488,BOE-962-2014,N,S,S,64,FSM,5,22,7,N,N
2013,200191,20130,35,200191,2,4,56,45,20120,4,32,379,2,2,0.0,8,8.563650543274619,347.0,5,327.0,2,298.0,3,8.977,2,H,1,40,20200313,20210217,1,0,N,S,0,1,0,1,2020-06-17,S,0,0,1,0.0,5,N,0,1,83,11,S,S,1,1,20211129,8,5,3,6,2,206,1,2,293,5,29641883,BOE-741-2012,S,S,N,40,TUV,8,29,14,S,S
2019,200192,20190,5,200192,3,5,35,14,20120,9,43,400,2,1,0.0,7,6.599151143696888,286.0,3,270.0,2,256.0,2,0.0,4,M,2,51,20230928,20220313,0,1,N,S,0,1,0,0,2020-10-01,N,0,0,0,29.0,2,S,1,8,11,23,N,S,0,1,20211011,8,3,15,1,9,398,6,1,392,5,59959826,BOE-306-2017,S,S,S,84,BWA,6,6,21,S,N
2023,200193,20230,32,200193,5,1,96,9,20100,2,8,297,5,2,0.0,3,3.0212607123610686,323.0,1,296.0,2,269.0,3,0.0,3,M,2,47,20231224,20201003,0,1,S,S,1,1,0,0,2023-02-23,N,0,0,0,29.0,2,N,0,4,1,27,N,N,0,0,20230817,3,8,15,7,3,314,3,6,74,14,39599276,BOE-553-2013,S,S,S,14,DEU,1,42,45,N,N
2014,200194,20140,83,200194,3,1,8,15,20130,2,47,379,8,6,0.0,6,6.71527259672686,279.0,1,265.0,1,231.0,5,0.0,2,M,2,29,20231225,20210401,0,1,S,N,1,0,0,0,2020-11-05,N,0,0,1,10.0,3,N,0,2,95,1,S,N,1,0,20200223,6,4,21,4,9,300,7,4,310,3,60858653,BOE-291-2022,N,S,N,20,TGO,8,38,34,S,S
2018,200195,20180,97,200195,5,3,38,22,20130,5,39,260,3,2,0.0,5,5.072683978577354,272.0,1,245.0,4,237.0,4,9.72,1,M,2,44,20220918,20211120,1,0,S,S,1,1,0,1,2023-12-03,S,0,0,1,16.0,2,S,0,4,55,6,S,N,1,0,20211214,2,2,35,6,7,485,8,3,173,5,34152669,BOE-802-2016,S,S,N,12,ITA,10,2,26,S,S
2015,200196,20150,37,200196,1,2,42,36,20120,11,20,92,5,5,0.0,7,7.474991863863837,276.0,1,177.0,2,220.0,4,0.0,3,H,1,21,20200515,20221107,0,0,S,S,1,1,1,0,2020-01-27,N,0,0,0,8.0,4,N,0,6,32,7,S,S,1,1,20230807,7,5,10,6,1,26,1,10,490,14,17927298,BOE-698-2012,S,S,N,37,SLB,5,36,33,S,N
2021,200197,20210,17,200197,1,5,14,8,20110,14,26,244,5,1,0.0,7,8.05418604897513,334.0,5,332.0,1,285.0,3,0.0,5,H,1,60,20221005,20220514,0,0,S,N,1,0,0,0,2020-05-23,N,0,0,1,16.0,1,S,0,7,80,29,S,N,1,0,20211212,7,4,47,5,1,469,3,3,261,7,31715995,BOE-919-2020,N,S,N,24,BLZ,1,17,6,N,N
2024,200198,20240,48,200198,5,6,53,27,20190,15,19,115,1,1,0.0,6,6.395247192070222,232.0,5,152.0,3,200.0,1,0.0,2,H,1,51,20200307,20230219,0,1,N,N,0,0,1,0,2021-05-26,N,0,0,1,23.0,1,N,1,6,82,41,S,S,1,1,20220207,10,5,47,3,6,215,5,9,489,4,89133246,BOE-565-2012,N,N,N,100,VUT,2,18,35,N,N
2015,200199,20150,34,200199,2,4,8,44,20130,5,45,411,5,2,0.0,7,7.928045692570205,210.0,2,167.0,5,204.0,5,0.0,1,M,2,57,20230513,20200426,0,0,N,N,0,0,0,0,2023-09-27,N,1,1,0,3.0,3,S,0,7,93,3,S,S,1,1,20220419,1,5,49,6,5,388,2,6,428,2,82493631,BOE-721-2010,N,N,N,13,MCO,9,29,18,S,S
2022,200200,20220,77,200200,3,3,53,33,20150,13,22,318,4,1,0.0,5,5.960549556919157,340.0,1,333.0,5,290.0,2,6.924,1,H,1,52,20200710,20200911,1,0,N,N,0,0,0,1,2020-10-25,S,0,0,0,29.0,3,N,0,6,21,6,S,N,1,0,20220511,4,8,26,7,5,211,8,3,456,3,78268756,BOE-617-2021,N,N,S,46,MDV,7,37,34,N,S
2019,200201,20190,76,200201,2,2,55,8,20130,8,48,486,1,1,0.0,8,7.709179617991412,363.0,1,326.0,1,314.0,1,5.879,2,H,1,25,20201023,20200216,1,0,N,N,0,0,0,1,2022-03-10,S,0,0,1,8.0,4,S,1,1,96,27,N,N,0,0,20211006,7,1,31,5,1,484,3,6,322,7,96223100,BOE-908-2016,S,S,S,9,ARG,8,45,14,S,S
2012,200202,20120,74,200202,4,1,26,34,20110,13,43,60,2,2,0.0,5,4.6855775422204635,298.0,3,249.0,1,261.0,2,0.0,4,M,2,30,20200617,20220901,0,1,N,S,0,1,1,0,2021-11-11,N,0,0,1,25.0,3,N,0,1,100,26,S,N,1,0,20200423,8,7,2,5,8,256,6,1,413,1,91307681,BOE-994-2011,N,S,S,39,HUN,10,7,22,S,S
2016,200203,20160,82,200203,3,3,82,6,20150,10,4,465,4,4,0.0,6,7.25692914289162,225.0,2,224.0,5,217.0,2,6.413,4,M,2,49,20210211,20210203,1,0,N,S,0,1,1,1,2023-07-06,S,0,0,1,28.0,3,S,0,4,38,17,N,S,0,1,20230711,4,5,32,8,3,459,6,1,290,4,7467311,BOE-359-2011,S,S,S,61,CHN,7,42,47,S,N
2011,200204,20110,71,200204,2,2,93,31,20100,4,7,345,4,2,0.0,6,6.112578975573274,312.0,5,218.0,5,270.0,3,0.0,5,H,1,54,20230510,20230321,0,1,S,N,1,0,1,0,2022-01-29,N,0,0,1,2.0,1,S,1,1,94,32,S,S,1,1,20231219,6,10,13,1,4,104,1,4,488,8,69839059,BOE-106-2016,S,S,S,20,TGO,2,25,42,S,S
2021,200205,20210,68,200205,1,2,40,36,20200,8,48,135,3,3,0.0,6,6.486629954981596,256.0,5,223.0,4,223.0,1,8.658,1,H,1,36,20230723,20200825,1,0,N,N,0,0,0,1,2022-04-05,S,0,0,0,14.0,5,N,0,9,86,18,S,S,1,1,20220621,7,1,1,6,1,236,7,10,90,8,20112846,BOE-714-2017,N,S,N,92,ERI,6,12,19,N,S
2023,200206,20230,13,200206,6,3,67,38,20220,5,48,137,7,4,3.0,3,2.5793736572084667,371.0,4,356.0,5,333.0,2,7.685,3,M,2,51,20230216,20221023,1,0,N,N,0,0,0,0,2021-09-16,N,0,0,1,30.0,2,S,0,10,61,32,N,N,0,0,20220314,7,7,41,8,7,171,1,4,102,4,35105069,BOE-689-2021,S,N,S,41,MOZ,4,9,16,S,N
2017,200207,20170,49,200207,6,6,58,48,20100,10,50,304,4,4,0.0,3,3.799732751928575,284.0,5,276.0,1,274.0,4,7.675,5,H,1,47,20230121,20210808,1,0,N,N,0,0,0,1,2023-04-23,S,0,0,0,3.0,5,S,1,2,37,33,S,S,1,1,20231016,6,5,6,6,8,479,7,5,141,1,29314711,BOE-924-2017,N,S,N,56,LIE,5,27,45,S,S
2018,200208,20180,22,200208,7,4,23,32,20160,15,27,229,6,6,0.0,8,7.5251586044412795,250.0,5,232.0,1,202.0,5,0.0,3,H,1,24,20220910,20200607,0,0,N,N,0,0,0,0,2022-04-26,N,0,0,0,8.0,3,S,1,2,12,3,N,S,0,1,20220620,6,10,36,1,4,349,2,6,336,14,41178850,BOE-210-2020,N,N,N,50,NZL,1,35,18,S,N
2018,200209,20180,23,200209,1,3,17,9,20150,3,7,30,7,3,3.0,8,8.414691514993901,207.0,1,200.0,4,198.0,4,9.748,4,M,2,46,20210308,20220213,1,0,S,N,1,0,0,0,2022-02-18,N,0,0,0,19.0,3,S,1,10,91,1,S,N,1,0,20220527,6,10,44,7,3,410,7,4,246,11,21436829,BOE-156-2011,S,S,S,41,MOZ,2,39,29,S,N
2019,200210,20190,91,200210,1,5,96,49,20110,6,17,22,3,3,0.0,6,7.095223668112206,360.0,1,291.0,3,327.0,1,0.0,5,M,2,34,20230707,20220827,0,0,S,N,1,0,1,0,2023-06-14,N,1,0,0,6.0,2,S,1,5,88,17,S,S,1,1,20210910,4,9,35,6,1,277,6,1,431,13,62059365,BOE-235-2016,S,N,S,62,DMA,7,41,27,N,N
2022,200211,20220,40,200211,5,6,92,38,20120,9,43,267,4,2,0.0,7,8.081515819017639,345.0,2,312.0,4,307.0,5,0.0,5,M,2,58,20201019,20200808,0,0,N,S,0,1,0,0,2023-01-18,N,0,0,0,8.0,4,N,0,3,54,11,S,S,1,1,20231004,8,6,4,8,7,406,1,2,248,12,61066203,BOE-710-2013,S,N,N,30,HND,8,11,50,N,N
2023,200212,20230,91,200212,6,5,81,3,20140,8,25,404,8,2,4.0,5,6.208826866022103,334.0,1,316.0,4,287.0,3,8.305,1,M,2,21,20201109,20200605,1,0,S,S,1,1,0,0,2023-06-11,N,0,0,0,8.0,3,S,1,6,93,25,N,S,0,1,20201001,2,4,16,2,6,206,6,2,115,5,62059365,BOE-823-2011,S,S,S,32,THA,2,18,22,S,N
2016,200213,20160,77,200213,6,1,80,35,20100,2,50,20,8,4,4.0,8,9.262449321384214,338.0,5,338.0,3,338.0,5,6.561,5,H,1,37,20200627,20230525,1,0,S,N,1,0,0,0,2021-07-25,N,0,0,1,10.0,4,N,1,2,18,25,N,S,0,1,20211110,6,9,36,5,4,445,6,2,381,12,78268756,BOE-348-2013,S,N,N,41,MOZ,1,44,12,N,N
2024,200214,20240,41,200214,7,1,38,39,20160,4,50,128,8,2,4.0,6,7.345189063220048,308.0,1,303.0,2,295.0,2,9.42,3,H,1,24,20220925,20200420,1,0,N,S,0,1,1,0,2020-06-29,N,0,0,0,5.0,3,S,1,3,41,19,S,S,1,1,20201028,6,10,10,3,6,30,6,2,333,11,81300905,BOE-640-2015,N,S,S,52,EST,2,29,24,S,S
2016,200215,20160,31,200215,3,6,18,46,20100,13,15,248,6,6,0.0,7,7.858306167703059,272.0,5,255.0,3,252.0,3,0.0,3,H,1,44,20220204,20201116,0,1,S,S,1,1,0,0,2022-01-08,N,0,0,1,27.0,3,S,1,9,66,2,S,S,1,1,20201002,9,4,15,5,5,307,4,6,7,3,85726382,BOE-178-2011,S,S,N,35,IRQ,1,46,43,S,N
2022,200216,20220,45,200216,6,6,84,34,20100,8,43,357,2,2,0.0,3,3.56053695484776,224.0,5,221.0,1,217.0,1,5.357,2,M,2,33,20200113,20210408,1,0,N,N,0,0,1,1,2020-08-25,S,0,0,0,11.0,5,N,1,5,49,32,N,N,0,0,20200506,8,7,43,5,8,65,1,4,299,12,73717007,BOE-671-2020,N,S,S,77,NGA,5,43,27,S,N
2012,200217,20120,16,200217,6,6,37,6,20110,6,50,256,1,1,0.0,8,8.790806830969624,213.0,4,151.0,5,194.0,4,0.0,2,H,1,51,20231205,20201208,0,1,N,N,0,0,0,0,2020-12-04,N,0,0,0,16.0,3,N,1,10,68,35,S,S,1,1,20200216,6,6,19,8,3,158,5,4,198,9,92981826,BOE-328-2014,S,S,S,34,AUS,4,17,17,S,N
2021,200218,20210,20,200218,6,1,74,20,20170,3,50,419,3,3,0.0,4,4.948948838374522,356.0,1,333.0,1,321.0,5,8.848,3,M,2,37,20220310,20210511,1,0,S,S,1,1,0,1,2020-05-23,S,0,0,0,0.0,2,S,1,6,91,24,S,N,1,0,20230819,6,4,27,1,9,59,6,2,342,4,15867870,BOE-787-2012,S,N,N,91,QAT,8,17,50,S,S
2014,200219,20140,68,200219,5,6,35,21,20130,8,20,259,5,1,1.0,4,4.533684081404301,243.0,2,243.0,3,240.0,4,9.555,4,H,1,58,20230812,20221201,1,0,N,N,0,0,0,0,2021-05-31,N,0,0,1,30.0,5,S,1,4,44,16,S,N,1,0,20201115,7,5,19,1,8,104,5,3,149,11,20112846,BOE-437-2017,N,N,S,91,QAT,10,11,22,N,N
2017,200220,20170,85,200220,3,4,51,49,20100,9,25,385,4,2,0.0,3,3.9382146151899877,285.0,4,277.0,1,234.0,5,9.379,3,H,1,51,20221114,20220821,1,0,S,S,1,1,1,1,2022-02-13,S,0,0,0,9.0,3,N,0,3,24,47,S,N,1,0,20200122,2,5,37,6,1,441,7,10,274,9,68886959,BOE-360-2010,S,S,N,54,MRT,8,37,27,N,S
2023,200221,20230,55,200221,5,3,21,10,20100,3,40,328,3,1,0.0,7,8.288971372195363,319.0,3,216.0,4,273.0,5,0.0,1,M,2,59,20200518,20231007,0,1,S,N,1,0,1,0,2020-01-10,N,0,0,0,12.0,5,N,0,3,8,15,N,S,0,1,20221020,9,4,17,4,5,493,4,9,480,2,59961498,BOE-454-2017,S,S,N,88,ESP,2,14,26,N,N
2020,200222,20200,83,200222,4,2,53,43,20160,10,13,226,8,3,4.0,6,6.949430794791405,392.0,1,374.0,1,341.0,3,8.894,2,M,2,31,20210924,20210414,1,0,N,N,0,0,1,0,2022-02-22,N,0,0,1,30.0,5,N,1,4,16,1,S,N,1,0,20210609,6,4,7,3,7,98,7,4,207,12,60858653,BOE-978-2015,N,N,N,98,COL,4,31,29,N,S
2013,200223,20130,62,200223,5,2,6,14,20110,6,37,322,4,4,0.0,4,3.847837099269164,241.0,2,171.0,4,197.0,3,0.0,2,M,2,32,20210513,20211105,0,1,S,N,1,0,1,0,2022-11-19,N,0,0,1,12.0,1,N,1,6,19,31,S,S,1,1,20220919,2,6,14,1,9,144,1,4,44,3,8289024,BOE-638-2023,S,S,S,12,ITA,3,26,14,N,S
2018,200224,20180,12,200224,6,2,60,47,20100,14,48,158,3,3,0.0,8,8.905014424658448,270.0,4,270.0,4,251.0,1,6.861,1,H,1,45,20220107,20201112,1,0,S,S,1,1,1,1,2022-02-15,S,0,0,1,18.0,5,S,0,2,80,16,S,N,1,0,20220102,7,4,29,7,10,294,5,3,171,8,1534878,BOE-825-2012,S,N,S,52,EST,3,33,40,N,N
2011,200225,20110,33,200225,1,6,76,45,20100,7,4,129,7,5,0.0,4,4.816026082291833,324.0,2,297.0,3,285.0,2,0.0,5,H,1,29,20220508,20201108,0,0,S,N,1,0,0,0,2021-04-15,N,0,0,0,4.0,4,S,0,5,3,7,N,N,0,0,20220412,4,5,32,6,2,216,1,10,47,8,49330907,BOE-862-2012,S,N,N,71,LSO,9,2,49,S,S
2017,200226,20170,9,200226,7,3,95,9,20100,6,25,467,5,3,0.0,5,4.592570694682019,263.0,1,193.0,3,233.0,5,0.0,4,H,1,57,20220318,20230906,0,0,N,S,0,1,0,0,2022-09-14,N,0,0,0,21.0,4,S,0,3,59,42,N,N,0,0,20221021,2,1,18,7,3,254,7,2,47,5,78176558,BOE-541-2013,S,N,S,55,SMR,8,48,50,S,S
2017,200227,20170,15,200227,6,6,91,33,20120,12,18,69,2,1,0.0,6,7.264091486910443,232.0,1,148.0,3,207.0,1,0.0,2,M,2,36,20230128,20230907,0,0,S,N,1,0,0,0,2022-09-06,N,0,0,1,18.0,3,S,0,1,59,48,N,S,0,1,20211230,7,7,40,7,5,496,6,8,88,15,48258264,BOE-526-2020,S,N,N,50,NZL,2,2,22,N,S
2024,200228,20240,53,200228,1,6,35,18,20210,13,45,313,4,1,0.0,4,4.45931458684135,306.0,4,301.0,4,301.0,5,7.083,3,M,2,59,20220901,20200102,1,0,S,S,1,1,0,1,2022-01-10,S,0,0,1,26.0,2,S,1,7,11,23,N,N,0,0,20200801,1,8,16,7,10,160,6,1,333,13,10988446,BOE-567-2019,S,N,N,96,SVK,8,28,29,N,N
2013,200229,20130,88,200229,1,1,14,38,20100,3,2,492,5,1,1.0,5,5.027410957142996,233.0,1,211.0,1,211.0,3,7.573,3,H,1,26,20201114,20210114,1,0,S,S,1,1,1,0,2023-07-09,N,0,0,0,12.0,2,N,1,7,69,28,S,N,1,0,20210626,4,6,1,8,7,433,8,8,308,5,75686878,BOE-239-2017,N,S,S,61,CHN,3,14,26,S,S
2022,200230,20220,16,200230,7,3,84,18,20140,11,39,283,5,5,0.0,6,6.274500906608216,206.0,4,140.0,3,200.0,2,0.0,1,H,1,20,20231011,20221004,0,1,S,S,1,1,1,0,2020-02-21,N,0,0,0,9.0,5,S,0,3,5,36,N,N,0,0,20210613,2,5,29,7,10,181,6,1,125,12,92981826,BOE-366-2022,N,S,S,18,ZAF,10,28,32,S,S
2011,200231,20110,66,200231,2,4,36,31,20100,6,28,144,3,1,0.0,6,6.066254581689851,297.0,3,286.0,2,274.0,3,9.587,4,M,2,61,20210110,20220213,1,0,S,N,1,0,0,1,2023-08-12,S,0,0,1,4.0,1,S,1,1,6,4,N,S,0,1,20210423,2,7,26,1,4,322,3,6,9,13,76866717,BOE-959-2017,S,N,N,21,VNM,2,44,9,N,S
2019,200232,20190,56,200232,7,6,57,23,20180,11,34,91,1,1,0.0,7,7.754163456485648,208.0,5,173.0,1,208.0,2,0.0,1,H,1,57,20230403,20221014,0,0,S,S,1,1,0,0,2021-10-24,N,1,1,1,19.0,1,N,1,6,42,3,S,S,1,1,20200826,9,1,27,6,1,302,2,6,261,13,70890196,BOE-658-2013,S,N,S,84,BWA,3,34,34,S,S
2023,200233,20230,77,200233,1,6,6,27,20110,10,15,45,4,1,0.0,5,5.411175628591096,355.0,4,322.0,4,338.0,2,0.0,2,H,1,50,20230116,20231221,0,0,N,N,0,0,0,0,2021-11-11,N,0,0,1,23.0,4,S,0,10,84,16,S,N,1,0,20210331,9,3,4,3,6,88,5,3,488,12,78268756,BOE-227-2013,S,S,S,61,CHN,7,40,12,N,S
2024,200234,20240,42,200234,4,4,59,23,20200,4,6,17,8,2,0.0,4,4.498045640789735,286.0,4,214.0,5,240.0,5,0.0,5,H,1,46,20230503,20210811,0,0,N,N,0,0,0,0,2022-10-21,N,0,0,1,4.0,3,N,0,2,96,1,N,S,0,1,20200102,10,1,15,6,1,435,7,4,2,7,50147077,BOE-819-2014,S,N,N,63,UZB,8,40,36,N,S
2020,200235,20200,6,200235,4,1,74,12,20150,8,17,142,7,3,3.0,5,5.00237162724588,318.0,4,300.0,1,264.0,1,9.352,3,H,1,27,20211108,20220222,1,0,S,S,1,1,0,0,2021-02-11,N,0,0,1,5.0,2,S,1,2,1,19,S,N,1,0,20230901,4,1,4,8,7,93,6,2,86,10,35835371,BOE-925-2017,N,S,N,19,CMR,6,44,33,S,S
2014,200236,20140,47,200236,2,3,20,27,20120,1,6,139,4,4,0.0,3,2.9240897854112102,378.0,1,328.0,3,328.0,3,9.789,2,M,2,20,20200227,20210720,1,0,N,S,0,1,0,1,2021-11-17,S,0,0,0,15.0,4,N,0,8,74,13,S,N,1,0,20230513,10,8,38,3,6,16,8,2,390,5,72144402,BOE-762-2017,S,S,N,94,UGA,6,49,33,S,S
2019,200237,20190,7,200237,3,3,20,5,20150,2,30,181,7,6,3.0,4,3.967738388237718,217.0,4,195.0,4,194.0,2,5.297,2,M,2,39,20220406,20220904,1,0,N,N,0,0,0,0,2020-07-06,N,0,0,0,6.0,1,N,0,6,56,13,N,N,0,0,20200908,9,9,38,5,1,114,8,2,198,12,44241559,BOE-340-2019,N,S,S,97,GAB,6,36,6,S,N
2020,200238,20200,28,200238,2,3,37,19,20100,12,36,365,7,3,0.0,3,3.4560656817685924,333.0,2,259.0,1,297.0,5,0.0,2,M,2,35,20200809,20231023,0,0,N,N,0,0,1,0,2023-10-21,N,0,0,0,9.0,3,S,0,1,10,50,S,S,1,1,20210521,1,7,12,6,2,417,5,7,463,11,41738753,BOE-165-2014,N,S,N,60,RUS,10,41,49,S,S
2023,200239,20230,82,200239,6,1,59,25,20100,8,8,321,4,3,0.0,8,8.126176609024904,284.0,1,230.0,5,274.0,3,0.0,1,M,2,41,20210505,20210426,0,1,N,N,0,0,1,0,2023-06-30,N,0,0,1,21.0,1,S,0,8,34,17,S,N,1,0,20231006,3,10,45,6,2,461,6,1,150,1,7467311,BOE-231-2010,N,S,N,7,AUT,10,11,44,N,S
2019,200240,20190,16,200240,1,5,46,17,20140,13,34,230,3,2,0.0,5,5.639454378103076,258.0,2,256.0,5,255.0,3,7.904,3,H,1,30,20200223,20220712,1,0,S,N,1,0,0,1,2021-05-04,S,0,0,1,12.0,5,N,0,2,80,9,S,S,1,1,20210408,9,9,35,6,1,71,7,3,210,14,92981826,BOE-732-2013,S,S,N,77,NGA,8,6,26,S,S
2023,200241,20230,35,200241,4,3,46,3,20170,9,28,252,3,2,0.0,8,7.825657446352826,303.0,1,283.0,5,246.0,2,5.392,4,H,1,51,20230627,20220726,1,0,N,S,0,1,0,1,2020-04-30,S,0,0,0,3.0,3,S,0,1,60,29,N,N,0,0,20210626,2,10,30,2,6,226,3,3,237,14,29641883,BOE-818-2017,N,N,S,35,IRQ,2,47,47,N,N
2024,200242,20240,8,200242,1,2,18,20,20220,14,44,248,5,4,0.0,7,7.810337652609251,230.0,4,176.0,5,185.0,5,0.0,2,M,2,28,20211208,20210219,0,1,N,N,0,0,1,0,2023-05-17,N,0,0,1,24.0,2,N,0,7,81,39,S,N,1,0,20200322,7,10,4,1,9,428,3,6,32,15,40526484,BOE-182-2016,N,N,N,3,ISL,5,10,3,N,N
2013,200243,20130,100,200243,3,2,28,14,20120,1,13,341,8,5,4.0,7,6.93545179233916,302.0,1,301.0,5,276.0,5,5.794,2,H,1,39,20230818,20220122,1,0,N,S,0,1,1,0,2023-04-29,N,0,0,1,20.0,3,N,0,10,21,35,S,S,1,1,20220411,6,3,17,1,9,156,5,4,372,14,77619624,BOE-951-2020,N,S,N,44,YEM,7,31,45,S,S
2011,200244,20110,45,200244,6,5,54,28,20100,12,4,188,2,1,0.0,7,7.365557917765585,231.0,3,225.0,1,223.0,4,5.153,2,M,2,31,20230721,20230826,1,0,S,N,1,0,0,1,2023-01-02,S,0,0,1,5.0,3,N,1,5,55,1,S,N,1,0,20201002,4,1,31,8,8,396,7,4,230,5,73717007,BOE-147-2017,N,S,N,95,NLD,8,7,49,S,N
2021,200245,20210,76,200245,4,4,88,42,20110,1,21,215,2,2,0.0,8,8.137879298880888,327.0,3,278.0,5,278.0,1,0.0,1,H,1,44,20210602,20210405,0,0,S,N,1,0,1,0,2021-07-04,N,1,0,1,4.0,5,N,1,2,70,44,N,S,0,1,20200318,10,4,47,7,2,63,6,5,419,9,96223100,BOE-318-2011,N,S,S,42,SWE,3,23,14,S,N
2019,200246,20190,9,200246,7,3,85,30,20100,14,18,67,2,2,0.0,7,8.404842260211415,191.0,3,170.0,3,184.0,4,0.0,4,H,1,55,20211112,20231223,0,0,S,S,1,1,1,0,2023-01-21,N,0,0,0,13.0,2,S,1,2,29,40,N,S,0,1,20200929,7,4,15,1,8,479,6,8,287,12,78176558,BOE-100-2021,S,N,N,35,IRQ,5,15,8,S,S
2015,200247,20150,13,200247,7,4,61,13,20110,5,38,127,7,6,3.0,6,6.676720026174376,307.0,2,306.0,5,253.0,2,7.748,2,M,2,31,20211024,20211119,1,0,S,S,1,1,0,0,2023-07-07,N,0,0,0,13.0,3,N,0,1,12,44,N,N,0,0,20230509,7,6,50,8,2,156,6,5,96,5,35105069,BOE-515-2010,N,N,S,27,SLV,10,41,38,S,S
2012,200248,20120,53,200248,4,2,56,16,20110,11,21,40,5,2,0.0,5,5.047271735506673,305.0,2,295.0,3,296.0,2,0.0,3,M,2,29,20231005,20210124,0,1,S,N,1,0,0,0,2020-10-15,N,0,0,1,30.0,2,N,0,3,32,31,S,N,1,0,20210927,10,7,42,5,3,93,1,4,57,2,10988446,BOE-227-2013,N,N,N,53,KGZ,2,16,41,S,S
2013,200249,20130,18,200249,3,1,23,6,20100,6,7,443,7,4,0.0,6,7.3893199637156535,243.0,5,195.0,2,187.0,2,0.0,1,H,1,58,20210916,20200111,0,1,S,S,1,1,0,0,2020-12-20,N,0,0,0,20.0,1,N,1,5,79,14,N,N,0,0,20231106,6,9,43,8,3,177,1,9,447,14,8338186,BOE-339-2010,S,S,N,100,VUT,1,34,43,N,S
2022,200250,20220,35,200250,2,2,98,2,20150,9,34,441,1,1,0.0,7,8.107362127235664,406.0,2,369.0,1,358.0,5,6.1,3,H,1,48,20211113,20231119,1,0,S,N,1,0,0,1,2020-03-17,S,0,0,0,14.0,5,N,1,6,7,33,S,N,1,0,20220804,9,8,40,4,6,147,7,5,253,10,29641883,BOE-751-2022,N,N,N,50,NZL,1,15,26,S,N
2019,200251,20190,2,200251,3,6,31,19,20120,2,34,400,7,6,0.0,6,6.91427727400895,235.0,5,229.0,2,204.0,2,0.0,2,H,1,21,20200404,20230419,0,1,S,S,1,1,0,0,2022-10-17,N,0,0,1,25.0,5,S,0,3,88,13,S,N,1,0,20200402,9,2,46,6,2,414,8,2,444,7,35002007,BOE-884-2015,S,S,N,25,PHL,10,26,23,S,N
2024,200252,20240,19,200252,7,2,29,24,20230,11,31,274,2,1,0.0,3,3.9883389173854216,283.0,1,262.0,1,283.0,1,0.0,4,H,1,55,20210224,20230608,0,1,S,S,1,1,0,0,2021-02-17,N,0,0,0,3.0,3,S,1,3,80,25,S,S,1,1,20200221,5,5,14,6,2,441,6,2,106,4,89628735,BOE-819-2010,N,N,N,66,CAF,10,28,25,N,N
2017,200253,20170,68,200253,3,5,20,30,20160,14,49,212,7,3,3.0,4,4.650833858233783,332.0,2,332.0,3,331.0,1,8.96,2,H,1,51,20230613,20230914,1,0,N,S,0,1,1,0,2023-08-21,N,0,0,0,27.0,2,N,0,3,54,22,S,N,1,0,20230919,8,1,49,1,8,125,6,7,197,7,20112846,BOE-984-2022,S,N,N,11,GIN,2,4,31,S,N
2018,200254,20180,61,200254,3,4,20,12,20150,3,14,494,7,3,3.0,5,5.706629798904598,249.0,2,239.0,1,239.0,4,9.048,3,H,1,40,20230701,20200806,1,0,N,N,0,0,1,0,2023-12-30,N,0,0,1,25.0,4,N,1,6,57,40,S,S,1,1,20221028,7,3,29,8,7,244,6,8,315,11,15060409,BOE-741-2021,S,S,S,98,COL,9,43,15,S,N
2024,200255,20240,68,200255,3,4,96,26,20170,2,7,443,3,2,0.0,5,4.949535726931581,294.0,2,237.0,4,245.0,1,0.0,4,H,1,59,20200311,20210110,0,1,N,S,0,1,1,0,2020-11-05,N,0,0,0,25.0,5,N,0,3,86,41,S,S,1,1,20221014,6,2,44,6,1,474,5,9,4,15,20112846,BOE-464-2017,N,N,N,43,TWN,8,41,18,S,N
2020,200256,20200,62,200256,5,6,89,20,20130,5,30,105,8,5,0.0,7,7.203779267611165,328.0,3,287.0,3,286.0,4,0.0,1,M,2,38,20210526,20200426,0,0,N,S,0,1,0,0,2022-11-20,N,0,0,1,30.0,3,N,0,3,33,19,S,N,1,0,20201031,9,5,16,1,9,175,6,2,140,6,8289024,BOE-293-2015,N,S,N,67,SVN,5,37,35,S,N
2014,200257,20140,48,200257,4,5,50,19,20120,13,35,116,3,2,0.0,6,5.875712231520686,281.0,2,256.0,1,262.0,5,0.0,5,H,1,31,20200408,20231219,0,1,N,N,0,0,1,0,2020-05-08,N,0,0,0,22.0,2,S,0,2,81,36,S,N,1,0,20231124,4,4,37,6,2,24,6,1,348,11,89133246,BOE-598-2014,S,S,S,85,NER,8,35,15,S,N
2018,200258,20180,26,200258,7,5,60,2,20150,12,26,387,8,6,0.0,6,5.755666878560957,282.0,4,243.0,5,248.0,5,0.0,3,H,1,23,20220115,20210605,0,1,N,S,0,1,0,0,2020-07-17,N,0,0,1,10.0,3,S,0,6,60,12,S,N,1,0,20211207,7,4,31,4,6,38,8,7,236,8,67447155,BOE-963-2022,N,S,S,41,MOZ,2,20,8,N,S
2014,200259,20140,72,200259,1,4,84,31,20120,2,6,268,8,3,0.0,4,5.384090396164239,226.0,4,225.0,2,187.0,4,0.0,2,M,2,35,20201118,20220116,0,1,N,S,0,1,0,0,2022-08-13,N,0,0,1,1.0,1,N,0,5,97,18,S,S,1,1,20221210,10,3,44,1,4,411,7,10,235,5,59302835,BOE-553-2013,N,S,S,61,CHN,9,45,17,N,S
2016,200260,20160,17,200260,2,4,25,6,20120,4,41,133,4,3,0.0,5,5.499244664283284,344.0,1,329.0,1,310.0,4,7.294,1,H,1,54,20211116,20200617,1,0,N,N,0,0,0,1,2023-04-18,S,0,0,1,22.0,3,N,1,3,21,14,S,N,1,0,20200727,1,9,40,8,3,42,1,9,492,11,31715995,BOE-170-2020,S,S,S,79,NAM,8,43,5,N,N
2024,200261,20240,51,200261,1,5,58,44,20220,10,50,67,4,1,0.0,5,5.365137485883139,318.0,4,215.0,5,269.0,2,0.0,4,H,1,21,20220628,20200215,0,0,S,N,1,0,1,0,2022-06-28,N,1,1,1,25.0,4,N,1,2,88,43,S,S,1,1,20210619,6,10,48,6,5,3,3,7,275,1,91313946,BOE-147-2022,N,N,S,42,SWE,2,30,39,N,N
2014,200262,20140,96,200262,3,1,24,45,20130,11,37,475,7,6,0.0,4,4.191266111049179,284.0,3,270.0,3,262.0,4,0.0,5,M,2,38,20230408,20230407,0,1,S,N,1,0,0,0,2020-07-10,N,0,0,1,4.0,3,S,0,10,95,31,N,S,0,1,20210909,2,5,34,6,2,491,1,4,172,12,53143336,BOE-635-2018,N,S,S,40,TUV,7,49,16,S,S
2024,200263,20240,18,200263,6,4,25,1,20130,3,11,156,7,6,3.0,4,5.237214832094859,252.0,1,225.0,2,217.0,5,5.253,3,H,1,21,20200818,20200726,1,0,S,N,1,0,1,0,2020-11-21,N,0,0,1,24.0,1,S,0,6,31,21,N,N,0,0,20201227,8,3,16,7,4,285,1,8,36,5,8338186,BOE-795-2011,S,S,N,43,TWN,6,25,21,S,N
2024,200264,20240,36,200264,5,2,54,27,20150,10,39,34,6,6,0.0,3,4.4583327763604315,259.0,3,195.0,3,244.0,3,0.0,2,M,2,60,20230409,20201217,0,1,S,N,1,0,0,0,2023-02-23,N,0,0,1,12.0,1,N,1,8,71,11,N,S,0,1,20220624,2,1,15,3,6,120,1,2,76,7,29410942,BOE-512-2019,N,N,N,18,ZAF,4,34,32,N,S
2012,200265,20120,92,200265,5,6,96,7,20100,10,3,72,8,2,4.0,6,7.199561404693812,252.0,2,225.0,5,214.0,5,8.405,2,H,1,44,20230321,20201002,1,0,S,S,1,1,0,0,2021-06-07,N,0,0,0,13.0,5,S,1,8,81,24,N,S,0,1,20200103,8,7,48,1,10,406,6,2,320,8,90297353,BOE-172-2011,S,S,S,33,LBR,4,34,29,N,N
2011,200266,20110,80,200266,3,6,69,41,20100,15,24,127,2,2,0.0,7,7.118227895676311,234.0,4,205.0,5,213.0,5,0.0,3,H,1,37,20210516,20200211,0,0,S,N,1,0,0,0,2020-05-26,N,0,0,0,2.0,1,N,0,7,69,24,N,S,0,1,20221007,6,7,13,5,9,365,6,2,104,1,68501420,BOE-704-2018,S,N,S,63,UZB,7,47,47,N,N
2022,200267,20220,72,200267,6,4,54,30,20160,10,49,428,7,6,0.0,8,7.599532358713855,326.0,1,287.0,1,298.0,5,0.0,1,M,2,58,20200623,20210727,0,0,S,S,1,1,1,0,2022-12-09,N,1,0,1,17.0,2,N,1,2,45,45,N,N,0,0,20221003,8,3,50,1,8,215,6,2,242,10,59302835,BOE-716-2012,N,S,S,78,GNQ,9,42,15,N,N
2021,200268,20210,3,200268,7,6,50,33,20190,13,16,184,4,2,0.0,6,5.904343943277869,354.0,1,323.0,2,309.0,4,0.0,5,H,1,44,20210816,20201211,0,0,N,N,0,0,0,0,2020-01-17,N,1,1,1,21.0,2,S,1,10,74,15,S,N,1,0,20200917,8,4,15,7,5,117,4,9,89,2,51482483,BOE-773-2017,N,S,S,82,PAN,2,3,16,N,S
2012,200269,20120,77,200269,4,1,70,27,20110,12,34,288,7,1,3.0,5,6.259907659311914,268.0,5,256.0,4,245.0,5,9.791,5,H,1,60,20230923,20221120,1,0,S,S,1,1,0,0,2022-07-27,N,0,0,0,1.0,3,N,1,1,14,8,S,S,1,1,20210826,9,8,42,3,6,237,5,1,235,12,78268756,BOE-496-2022,N,S,N,75,PRY,9,35,37,N,S
2015,200270,20150,59,200270,3,4,62,27,20100,14,31,499,8,3,4.0,6,6.838555711065448,292.0,5,275.0,1,271.0,3,8.851,1,H,1,33,20210327,20230507,1,0,S,S,1,1,0,0,2023-10-01,N,0,0,1,26.0,1,S,1,2,9,17,S,S,1,1,20210921,5,10,27,3,6,47,6,1,161,2,10482769,BOE-464-2013,N,N,S,30,HND,6,17,46,S,N
2022,200271,20220,79,200271,1,6,37,12,20170,5,37,418,1,1,0.0,6,6.58924806578726,297.0,1,296.0,2,253.0,5,0.0,5,H,1,34,20211005,20231122,0,1,N,N,0,0,1,0,2021-12-29,N,0,0,0,28.0,2,S,1,4,1,42,N,N,0,0,20220625,2,2,31,8,7,275,7,2,32,4,12205980,BOE-461-2019,N,S,S,14,DEU,4,13,24,N,N
2018,200272,20180,60,200272,3,1,72,40,20100,6,47,430,6,5,0.0,3,2.5749574402078768,214.0,2,207.0,3,187.0,5,0.0,5,M,2,50,20210416,20230401,0,1,N,S,0,1,0,0,2023-08-28,N,0,0,0,9.0,3,N,0,10,75,6,N,N,0,0,20210711,6,3,16,6,8,61,8,3,381,2,75721444,BOE-214-2014,S,S,S,31,MUS,3,22,11,N,N
2015,200273,20150,38,200273,1,3,7,17,20100,11,18,356,1,1,0.0,5,4.800248867887333,355.0,4,319.0,2,298.0,4,0.0,3,M,2,62,20230718,20200316,0,1,S,N,1,0,0,0,2022-05-31,N,0,0,0,20.0,1,S,0,2,2,29,N,N,0,0,20221204,7,1,30,6,1,174,3,3,471,13,64180488,BOE-873-2014,N,N,N,73,GHA,3,27,25,S,N
2019,200274,20190,16,200274,7,4,28,40,20180,2,12,236,1,1,0.0,4,4.07395720670428,307.0,4,297.0,3,289.0,2,7.603,3,H,1,38,20210726,20220227,1,0,S,S,1,1,1,1,2022-12-31,S,0,0,1,23.0,5,S,1,5,85,8,N,S,0,1,20221210,10,5,30,6,8,189,5,1,83,6,92981826,BOE-886-2014,S,S,N,8,HTI,8,46,47,N,N
2015,200275,20150,40,200275,3,2,63,36,20100,10,50,205,7,4,3.0,5,5.777392109663662,322.0,2,316.0,5,273.0,1,6.942,4,M,2,53,20220314,20200209,1,0,N,N,0,0,1,0,2020-02-16,N,0,0,0,6.0,4,N,1,3,80,45,N,S,0,1,20231009,6,1,29,6,1,22,6,2,136,4,61066203,BOE-307-2021,S,N,S,59,BRA,4,17,2,N,N
2011,200276,20110,98,200276,3,1,48,4,20100,2,14,7,7,3,3.0,5,4.788929494915776,327.0,5,311.0,4,289.0,3,6.618,5,H,1,54,20200911,20211217,1,0,S,S,1,1,1,0,2022-07-25,N,0,0,1,14.0,2,N,1,2,97,39,S,N,1,0,20201125,7,9,9,3,6,269,3,6,40,12,404729,BOE-959-2017,S,N,N,25,PHL,1,32,42,S,N
2011,200277,20110,48,200277,5,2,49,11,20100,14,32,408,4,2,0.0,8,9.345729200654853,352.0,3,350.0,2,292.0,4,6.959,4,H,1,30,20230115,20210212,1,0,S,S,1,1,1,1,2022-08-06,S,0,0,0,5.0,5,S,1,5,78,49,S,N,1,0,20200811,8,4,19,1,2,188,6,1,128,4,89133246,BOE-125-2016,S,S,S,59,BRA,8,35,43,S,S
2014,200278,20140,13,200278,7,5,1,34,20100,5,26,169,5,2,1.0,6,6.9316995813032145,302.0,2,293.0,4,250.0,2,5.373,1,M,2,42,20230103,20200304,1,0,S,N,1,0,0,0,2023-11-03,N,0,0,1,5.0,1,N,1,10,81,4,N,N,0,0,20210529,7,10,4,5,8,366,3,6,470,13,35105069,BOE-208-2018,S,S,N,8,HTI,4,39,20,N,S
2013,200279,20130,38,200279,4,3,49,13,20110,8,22,67,6,1,2.0,5,5.360106177793952,254.0,1,248.0,2,216.0,3,6.957,5,M,2,43,20220815,20200219,1,0,S,N,1,0,0,0,2022-06-30,N,0,0,1,17.0,4,S,1,1,32,45,N,N,0,0,20220604,4,7,34,8,2,144,6,2,215,11,64180488,BOE-853-2019,S,N,S,33,LBR,5,36,45,N,N
2016,200280,20160,42,200280,5,3,12,36,20150,5,46,374,5,2,0.0,3,2.665391958168162,267.0,1,244.0,1,251.0,1,0.0,4,H,1,63,20210711,20230911,0,0,N,S,0,1,0,0,2020-09-07,N,1,1,1,17.0,3,N,0,3,24,6,N,N,0,0,20201024,7,8,15,6,1,37,8,3,284,2,50147077,BOE-251-2015,S,S,S,91,QAT,5,34,39,N,S
2014,200281,20140,40,200281,7,4,41,40,20130,9,26,58,6,4,2.0,8,9.184344664184266,379.0,2,379.0,1,334.0,2,6.004,3,M,2,56,20210817,20220202,1,0,S,N,1,0,1,0,2020-05-13,N,0,0,0,14.0,5,S,1,3,79,33,N,N,0,0,20210416,7,3,16,6,8,72,7,5,385,13,61066203,BOE-826-2014,N,N,N,73,GHA,4,4,41,N,N
2018,200282,20180,59,200282,3,1,81,26,20120,10,49,241,2,1,0.0,7,7.682482087017062,364.0,1,329.0,5,310.0,2,0.0,1,H,1,27,20210921,20230304,0,0,S,N,1,0,1,0,2020-05-14,N,1,0,0,14.0,1,S,1,7,82,17,N,N,0,0,20230324,8,5,50,6,1,245,6,1,117,5,10482769,BOE-902-2016,N,N,S,16,BLR,8,42,17,N,S
2013,200283,20130,14,200283,6,5,80,27,20100,15,31,157,1,1,0.0,7,6.553189709533667,262.0,4,246.0,2,206.0,2,9.156,5,M,2,58,20210511,20231218,1,0,N,S,0,1,0,1,2021-05-11,S,0,0,1,2.0,5,S,1,5,7,49,S,N,1,0,20211204,5,3,22,3,6,466,6,1,255,11,87735896,BOE-739-2023,S,N,S,84,BWA,7,8,19,N,N
2020,200284,20200,67,200284,6,2,36,10,20120,12,40,322,3,1,0.0,6,5.790138229961501,294.0,3,262.0,2,252.0,2,6.769,3,H,1,63,20210524,20220606,1,0,S,S,1,1,1,1,2021-04-25,S,0,0,1,29.0,2,S,1,2,11,40,N,S,0,1,20210630,9,2,37,4,5,139,6,8,150,1,72029307,BOE-516-2017,N,N,S,22,FIN,9,24,47,S,S
2013,200285,20130,62,200285,5,1,35,14,20110,10,19,88,8,3,4.0,4,5.032299423622106,376.0,5,364.0,5,330.0,1,5.552,4,M,2,54,20200121,20230304,1,0,S,N,1,0,0,0,2022-10-17,N,0,0,1,0.0,2,N,0,10,72,43,N,N,0,0,20210516,10,10,35,1,9,482,3,7,283,12,8289024,BOE-309-2017,N,S,S,49,BIH,5,19,50,S,S
2022,200286,20220,56,200286,5,4,34,8,20140,9,50,260,1,1,0.0,7,7.05084185303854,323.0,3,254.0,1,266.0,5,0.0,1,H,1,25,20210426,20220913,0,0,S,S,1,1,1,0,2023-03-26,N,0,0,0,0.0,3,N,0,6,44,50,S,N,1,0,20220304,6,3,3,5,1,342,5,7,106,5,70890196,BOE-503-2020,N,N,N,71,LSO,10,8,15,S,S
2017,200287,20170,29,200287,4,2,54,45,20130,3,37,398,7,6,3.0,6,5.76382546793522,341.0,4,319.0,2,283.0,4,7.968,1,H,1,61,20230924,20220512,1,0,N,S,0,1,1,0,2021-09-09,N,0,0,0,2.0,1,N,0,4,35,35,N,S,0,1,20210913,2,8,9,6,2,390,5,4,486,1,92649206,BOE-801-2015,S,S,S,6,UKR,7,20,15,S,S
2022,200288,20220,90,200288,4,2,73,11,20150,6,15,89,4,3,0.0,7,7.907983799259636,359.0,2,327.0,3,310.0,3,9.448,1,H,1,55,20230810,20200218,1,0,S,N,1,0,1,1,2021-09-13,S,0,0,1,2.0,2,N,1,7,55,41,N,S,0,1,20200916,9,4,38,1,2,81,5,9,265,7,75000490,BOE-177-2022,N,N,N,24,BLZ,9,35,18,S,N
2011,200289,20110,90,200289,6,6,97,31,20100,5,6,11,5,1,0.0,6,5.632029593227298,367.0,4,366.0,4,357.0,1,0.0,4,H,1,45,20221209,20231120,0,0,N,S,0,1,1,0,2023-08-26,N,1,0,1,5.0,3,S,1,8,34,6,S,S,1,1,20210619,10,10,45,1,4,256,8,3,97,15,75000490,BOE-293-2023,N,S,N,65,KOR,3,41,39,S,N
2011,200290,20110,39,200290,5,1,61,40,20100,2,24,469,8,6,0.0,8,8.460837805133629,252.0,3,233.0,5,215.0,5,0.0,4,H,1,58,20200116,20220721,0,1,N,N,0,0,0,0,2020-03-09,N,0,0,0,12.0,2,S,1,3,65,43,N,N,0,0,20221113,6,6,47,6,8,33,3,7,409,4,20560218,BOE-258-2014,S,N,N,96,SVK,8,18,27,S,S
2016,200291,20160,12,200291,7,6,56,20,20150,3,12,120,2,1,0.0,7,7.545699439509627,202.0,2,189.0,3,189.0,4,6.584,1,H,1,41,20221010,20200405,1,0,N,N,0,0,0,1,2020-11-16,S,0,0,0,26.0,1,N,0,7,7,6,N,N,0,0,20210313,10,6,13,1,9,211,8,3,104,1,1534878,BOE-760-2022,N,S,S,80,ETH,8,27,49,N,N
2016,200292,20160,23,200292,3,4,14,26,20130,4,9,427,4,2,0.0,4,4.7129768485944386,367.0,3,284.0,5,325.0,2,0.0,4,M,2,39,20210602,20200804,0,0,S,N,1,0,0,0,2020-10-06,N,0,0,0,21.0,3,N,1,8,40,32,S,N,1,0,20231122,1,2,45,6,1,167,1,4,425,6,21436829,BOE-470-2016,N,N,S,65,KOR,2,21,48,N,S
2011,200293,20110,65,200293,7,6,89,19,20100,1,11,161,4,1,0.0,8,8.170344350845697,236.0,2,229.0,1,209.0,5,0.0,1,M,2,29,20230820,20230322,0,1,S,N,1,0,1,0,2023-12-06,N,0,0,1,12.0,4,S,0,1,26,40,N,N,0,0,20210716,8,10,39,6,2,212,6,8,226,4,27133023,BOE-596-2021,N,S,N,55,SMR,7,35,7,S,S
2018,200294,20180,64,200294,4,2,57,41,20130,5,18,379,1,1,0.0,5,6.178119398539694,354.0,4,327.0,4,354.0,5,0.0,4,H,1,55,20200317,20200309,0,0,S,N,1,0,0,0,2021-10-15,N,1,1,1,16.0,1,N,0,3,80,4,N,S,0,1,20210303,7,2,2,5,9,41,3,6,139,13,67845324,BOE-140-2011,N,S,N,27,SLV,1,49,47,S,N
2013,200295,20130,3,200295,2,4,50,39,20110,3,5,120,1,1,0.0,3,4.288437724995913,251.0,2,249.0,3,240.0,3,6.325,3,H,1,50,20230916,20211112,1,0,N,N,0,0,0,1,2022-11-10,S,0,0,1,6.0,4,N,1,7,98,32,N,S,0,1,20200617,4,6,18,3,6,224,1,4,90,10,51482483,BOE-807-2010,S,N,S,37,SLB,4,35,22,N,N
2020,200296,20200,17,200296,2,3,97,44,20120,6,13,352,2,2,0.0,3,3.150112627069639,311.0,5,245.0,1,271.0,3,0.0,2,H,1,44,20230915,20221007,0,0,S,S,1,1,1,0,2021-08-13,N,0,0,1,11.0,5,S,1,10,84,24,S,S,1,1,20211016,6,1,35,6,5,292,6,2,353,10,31715995,BOE-374-2019,S,S,N,49,BIH,10,28,17,S,N
2012,200297,20120,74,200297,2,4,58,14,20110,15,29,279,3,2,0.0,3,2.808788383570513,317.0,3,288.0,2,314.0,1,0.0,3,M,2,21,20210401,20230605,0,0,S,S,1,1,0,0,2021-01-27,N,1,0,0,27.0,2,N,1,4,3,29,S,N,1,0,20201104,3,6,19,1,9,298,3,3,128,1,91307681,BOE-914-2016,N,S,S,63,UZB,10,28,38,S,N
2019,200298,20190,70,200298,2,3,17,1,20180,11,30,420,6,6,2.0,5,6.248455022922547,238.0,5,234.0,2,199.0,5,5.636,5,H,1,30,20200406,20220116,1,0,S,S,1,1,0,0,2020-10-26,N,0,0,1,4.0,5,S,0,7,5,2,N,S,0,1,20201207,9,9,31,7,4,390,4,6,93,4,44039203,BOE-283-2017,S,S,N,29,ZWE,2,46,29,N,N
2017,200299,20170,64,200299,5,6,49,21,20110,9,6,492,5,3,1.0,8,8.94189224377536,333.0,2,323.0,5,318.0,1,8.359,3,H,1,43,20220418,20230708,1,0,S,N,1,0,1,0,2022-10-04,N,0,0,1,12.0,3,N,0,5,15,21,N,N,0,0,20211208,10,3,18,1,8,378,1,8,134,4,67845324,BOE-895-2022,N,N,N,52,EST,9,28,45,N,N
2015,200300,20150,1,200300,5,1,78,14,20100,1,16,344,7,5,3.0,6,6.542583059106269,231.0,5,220.0,2,204.0,1,6.408,5,H,1,31,20210212,20230928,1,0,N,N,0,0,0,0,2021-06-24,N,0,0,1,13.0,3,N,0,6,10,30,N,N,0,0,20220219,8,1,6,1,9,21,1,8,201,3,916723,BOE-583-2014,S,S,S,13,MCO,9,9,43,S,S
