ID_CURSO_ACADEMICO_NK,ID_CURSO_ACADEMICO,ID_EXPEDIENTE_EST_PROPIO_NK,ID_EXPEDIENTE_EST_PROPIO,ID_PERSONA_NIP_NK,ID_PERSONA,ID_ESTUDIO_PROPIO_NK,ID_ESTUDIO_PROPIO_EDICION_NK,ID_ESTUDIO_PROPIO,ID_ESTUDIO_PROPIO_TIPO_NK,ID_ESTUDIO_PROPIO_TIPO,ID_ESTUDIO_PROPIO_MODALIDAD_NK,ID_ESTUDIO_PROPIO_MODALIDAD,TOTAL_CREDITOS_EP,NUMERO_CURSOS_EP,ID_CENTRO_DEPT_GESTION_EP_NK,ID_CENTRO_DEPT_GESTION_EP,ID_RAMA_CONOCIMIENTO_EP_NK,ID_RAMA_ESTUDIO_PROPIO,ANO_ACAD_APERTURA,CREDITOS_MATRICULADOS,FECHA_MATRICULA,ID_FECHA_MATRICULA,FLG_NUEVO_INGRESO,SN_NUEVO_INGRESO,FLG_ESTUDIANTE_INTERNACIONAL,SN_ESTUDIANTE_INTERNACIONAL,ID_PAIS_NACIONALIDAD,ID_PAIS_NACIONALIDAD_NK,DOCUMENTO_IDENTIDAD,FECHA_NACIMIENTO,ID_PAIS_PROCEDENCIA,ID_PAIS_PROCEDENCIA_NK,ID_POBLACION_FAMILIAR,COD_POSTAL_FAMILIAR,ID_POBLACION_CURSO,ID_PAIS_CURSO,COD_POSTAL_CURSO,SEXO,ID_SEXO,EDAD,FECHA_CARGA,ID_FECHA_CARGA,ID_ORGANO_PROPONENTE_EP_NK,ID_ORGANO_PROPONENTE_EP,EDAD_EST,ID_EDAD_EST
2023,20230,30001,30001,29641883,35,400,4,4,EP01,1,MOD01,1,30,3,2300,23,3,5,2021,19.3,2025-02-04 18:13:48.785607,20250204,1,S,1,S,51,AND,54615679V,1992-06-07 18:13:48.785607,48,ATG,304,18703,214,35,12696,H,1,33,2025-06-03 18:13:48.785607,20250603,OG003,3,NC,9
2018,20180,30002,30002,94429826,27,2600,9,26,EP01,1,MOD01,1,45,4,3800,38,4,3,2013,42.9,2024-07-04 18:13:48.795609,20240704,0,N,1,S,99,KWT,36937854S,1970-11-21 18:13:48.795609,85,NER,76,27744,231,34,09160,M,2,54,2025-06-03 18:13:48.795609,20250603,OG008,8,51-65,7
2019,20190,30003,30003,35105069,13,500,3,5,EP03,3,MOD03,3,112,3,4900,49,4,5,2018,78.8,2025-01-01 18:13:48.805609,20250101,1,S,1,S,30,HND,95342836Q,1977-08-25 18:13:48.806607,28,KAZ,95,36786,117,8,42702,M,2,47,2025-06-03 18:13:48.806607,20250603,OG006,6,19-21,2
2019,20190,30004,30004,61066203,40,200,6,2,EP03,3,MOD05,5,97,2,3200,32,5,3,2016,38.1,2025-03-08 18:13:48.817610,20250308,1,S,1,S,65,KOR,02503926P,1963-06-08 18:13:48.817610,11,GIN,457,06830,387,89,06088,M,2,62,2025-06-03 18:13:48.817610,20250603,OG008,8,22-25,3
2011,20110,30005,30005,91307681,74,1700,6,17,EP05,5,MOD03,3,48,1,4100,41,1,2,2009,12.8,2025-03-01 18:13:48.827607,20250301,0,N,1,S,22,FIN,19182553R,2003-04-19 18:13:48.827607,89,KEN,135,34252,12,8,39674,M,2,22,2025-06-03 18:13:48.827607,20250603,OG002,2,>65,8
2012,20120,30006,30006,76866717,66,2100,9,21,EP03,3,MOD02,2,41,1,4800,48,2,5,2008,22.1,2025-01-04 18:13:48.836624,20250104,0,N,1,S,95,NLD,37567982N,1957-12-02 18:13:48.836624,41,MOZ,217,37024,200,8,49830,M,2,67,2025-06-03 18:13:48.836624,20250603,OG004,4,>65,8
2015,20150,30007,30007,97077009,94,1800,8,18,EP04,4,MOD04,4,49,3,1500,15,1,3,2011,24.6,2025-05-31 18:13:48.845624,20250531,0,N,1,S,48,ATG,84577590N,1979-04-08 18:13:48.845624,42,SWE,30,30291,347,58,06472,M,2,46,2025-06-03 18:13:48.845624,20250603,OG007,7,26-30,4
2014,20140,30008,30008,68886959,85,100,10,1,EP01,1,MOD05,5,71,4,1200,12,2,1,2012,35.7,2024-09-08 18:13:48.854624,20240908,1,S,1,S,94,UGA,78819148B,1978-04-01 18:13:48.854624,76,COM,85,52421,38,8,50451,H,1,47,2025-06-03 18:13:48.854624,20250603,OG005,5,41-50,6
2015,20150,30009,30009,63193474,46,200,6,2,EP05,5,MOD05,5,118,1,4700,47,3,5,2013,67.6,2024-09-08 18:13:48.863627,20240908,1,S,1,S,69,TZA,31142626M,1963-06-30 18:13:48.863627,20,TGO,90,15968,486,5,05829,H,1,61,2025-06-03 18:13:48.863627,20250603,OG002,2,16-18,1
2015,20150,30010,30010,55757342,86,3000,5,30,EP05,5,MOD02,2,82,3,4800,48,4,3,2012,61.0,2025-05-11 18:13:48.872616,20250511,0,N,1,S,19,CMR,58078361A,1996-01-12 18:13:48.872616,65,KOR,360,51641,443,34,07864,H,1,29,2025-06-03 18:13:48.872616,20250603,OG001,1,31-40,5
2012,20120,30011,30011,55757342,86,2900,10,29,EP03,3,MOD03,3,40,1,600,6,3,2,2011,12.0,2024-07-07 18:13:48.881203,20240707,0,N,1,S,91,QAT,58078361A,1987-01-15 18:13:48.881765,56,LIE,332,50723,390,18,52096,H,1,38,2025-06-03 18:13:48.881765,20250603,OG007,7,16-18,1
2022,20220,30012,30012,27568520,75,800,2,8,EP06,6,MOD01,1,58,4,3100,31,5,3,2020,16.8,2024-09-20 18:13:48.890753,20240920,0,N,1,S,25,PHL,71478596R,2000-09-07 18:13:48.890753,35,IRQ,339,21004,174,8,16932,M,2,24,2025-06-03 18:13:48.890753,20250603,OG006,6,22-25,3
2016,20160,30013,30013,40526484,8,1200,7,12,EP04,4,MOD02,2,42,1,2300,23,1,5,2014,33.9,2024-06-25 18:13:48.899743,20240625,0,N,1,S,83,BEL,86863375B,1968-06-19 18:13:48.899743,96,SVK,125,25290,18,8,40825,M,2,56,2025-06-03 18:13:48.899743,20250603,OG001,1,51-65,7
2023,20230,30014,30014,82493631,34,1900,7,19,EP01,1,MOD01,1,118,4,900,9,1,3,2019,46.5,2025-01-23 18:13:48.908752,20250123,0,N,1,S,10,VCT,18233984K,1971-03-08 18:13:48.908752,62,DMA,363,20008,205,8,10648,M,2,54,2025-06-03 18:13:48.908752,20250603,OG002,2,41-50,6
2017,20170,30015,30015,55813853,43,2600,9,26,EP02,2,MOD03,3,51,3,3000,30,4,4,2012,47.1,2024-10-11 18:13:48.918743,20241011,0,N,1,S,95,NLD,63159996H,1977-04-07 18:13:48.918743,87,MWI,477,39335,413,21,19506,M,2,48,2025-06-03 18:13:48.918743,20250603,OG003,3,16-18,1
2016,20160,30016,30016,50147077,42,2800,9,28,EP05,5,MOD01,1,68,3,2400,24,2,3,2013,60.8,2025-02-19 18:13:48.926753,20250219,1,S,1,S,26,MNG,56218501S,1957-10-30 18:13:48.927743,73,GHA,262,35152,57,8,43733,H,1,67,2025-06-03 18:13:48.927743,20250603,OG006,6,NC,9
2014,20140,30017,30017,62464258,21,1000,8,10,EP06,6,MOD02,2,87,4,500,5,4,3,2011,71.6,2024-08-17 18:13:48.935753,20240817,0,N,1,S,29,ZWE,73540331Q,2001-03-05 18:13:48.935753,95,NLD,444,31312,314,30,05861,H,1,24,2025-06-03 18:13:48.935753,20250603,OG008,8,NC,9
2012,20120,30018,30018,15867870,20,2800,9,28,EP04,4,MOD04,4,106,3,900,9,1,5,2011,65.2,2025-02-02 18:13:48.945743,20250202,0,N,1,S,49,BIH,99013983H,1981-03-20 18:13:48.945743,61,CHN,182,24307,289,31,01693,M,2,44,2025-06-03 18:13:48.945743,20250603,OG005,5,51-65,7
2023,20230,30019,30019,63193474,46,2400,5,24,EP03,3,MOD04,4,76,3,1900,19,1,1,2019,25.0,2024-12-31 18:13:48.954752,20241231,0,N,1,S,54,MRT,31142626M,1984-07-17 18:13:48.954752,62,DMA,376,39448,344,55,04288,H,1,40,2025-06-03 18:13:48.954752,20250603,OG002,2,41-50,6
2022,20220,30020,30020,67845324,64,2500,4,25,EP05,5,MOD01,1,29,1,3200,32,5,4,2017,21.1,2025-04-22 18:13:48.963294,20250422,1,S,1,S,54,MRT,90965610N,1976-09-28 18:13:48.963294,57,MLI,122,23541,425,65,02489,H,1,48,2025-06-03 18:13:48.963294,20250603,OG004,4,31-40,5
2019,20190,30021,30021,44241559,7,400,4,4,EP06,6,MOD04,4,42,3,1600,16,3,3,2014,28.2,2024-10-17 18:13:48.972303,20241017,1,S,1,S,48,ATG,68230047H,1967-11-26 18:13:48.972303,69,TZA,110,31315,167,8,12900,M,2,57,2025-06-03 18:13:48.972303,20250603,OG004,4,31-40,5
2024,20240,30022,30022,20560218,39,2600,9,26,EP05,5,MOD01,1,29,1,2600,26,4,1,2019,28.3,2025-04-12 18:13:48.981312,20250412,1,S,1,S,14,DEU,97401489P,1998-07-16 18:13:48.981312,45,NOR,187,46090,285,88,32328,H,1,26,2025-06-03 18:13:48.981312,20250603,OG003,3,41-50,6
2019,20190,30023,30023,65609379,78,500,3,5,EP03,3,MOD02,2,18,3,4400,44,4,3,2019,16.1,2024-09-26 18:13:48.989295,20240926,1,S,1,S,42,SWE,34125286W,1991-05-13 18:13:48.989295,1,ESP,472,45475,40,8,11030,M,2,34,2025-06-03 18:13:48.989295,20250603,OG001,1,16-18,1
2015,20150,30024,30024,31611127,4,2300,3,23,EP06,6,MOD04,4,102,3,1700,17,4,5,2013,38.6,2024-08-09 18:13:49.001286,20240809,1,S,1,S,43,TWN,51801704T,1965-10-19 18:13:49.001286,38,PAK,73,25208,456,80,33306,H,1,59,2025-06-03 18:13:49.001286,20250603,OG005,5,41-50,6
2024,20240,30025,30025,97077009,94,300,10,3,EP03,3,MOD01,1,76,2,4500,45,2,5,2023,36.8,2024-10-19 18:13:49.011295,20241019,0,N,1,S,15,CAN,84577590N,1967-12-03 18:13:49.011295,95,NLD,92,09409,252,17,02023,M,2,57,2025-06-03 18:13:49.011295,20250603,OG003,3,16-18,1
2023,20230,30026,30026,7749299,89,2600,9,26,EP06,6,MOD01,1,79,4,1900,19,5,5,2022,38.7,2025-01-12 18:13:49.020295,20250112,1,S,1,S,7,AUT,92330958B,1983-06-16 18:13:49.020295,23,GTM,71,09403,93,8,22273,H,1,41,2025-06-03 18:13:49.020295,20250603,OG002,2,31-40,5
2016,20160,30027,30027,44241559,7,800,2,8,EP02,2,MOD05,5,66,2,2200,22,2,1,2013,13.4,2025-03-19 18:13:49.029303,20250319,1,S,1,S,8,HTI,68230047H,1971-04-12 18:13:49.029303,64,FSM,262,34933,342,97,44457,M,2,54,2025-06-03 18:13:49.029303,20250603,OG007,7,26-30,4
2019,20190,30028,30028,75721444,60,2800,9,28,EP03,3,MOD02,2,113,3,3200,32,4,3,2016,23.9,2024-11-30 18:13:49.038305,20241130,0,N,1,S,97,GAB,37416724W,1999-08-15 18:13:49.038305,25,PHL,189,39578,342,97,07544,M,2,25,2025-06-03 18:13:49.038305,20250603,OG001,1,16-18,1
2011,20110,30029,30029,54414096,24,500,3,5,EP01,1,MOD01,1,25,4,300,3,2,5,2009,22.8,2025-01-10 18:13:49.047295,20250110,0,N,1,S,30,HND,87717535C,1971-04-07 18:13:49.047295,26,MNG,402,15550,309,39,23225,H,1,54,2025-06-03 18:13:49.047295,20250603,OG005,5,22-25,3
2012,20120,30030,30030,62059365,91,2900,10,29,EP04,4,MOD05,5,108,4,1000,10,1,1,2012,79.9,2024-07-01 18:13:49.056303,20240701,0,N,1,S,95,NLD,48126042Z,1994-06-21 18:13:49.056303,69,TZA,375,10068,488,22,42285,M,2,30,2025-06-03 18:13:49.056303,20250603,OG003,3,41-50,6
2019,20190,30031,30031,2921981,95,2400,5,24,EP06,6,MOD04,4,39,4,1300,13,4,4,2019,21.4,2024-08-05 18:13:49.064295,20240805,0,N,0,N,1,ESP,17518636L,2002-11-19 18:13:49.064295,54,MRT,182,42559,489,100,38927,M,2,22,2025-06-03 18:13:49.064295,20250603,OG001,1,19-21,2
2015,20150,30032,30032,76866717,66,1400,8,14,EP05,5,MOD04,4,29,1,3800,38,5,4,2012,11.0,2024-08-27 18:13:49.073303,20240827,0,N,1,S,26,MNG,37567982N,1958-01-28 18:13:49.074305,24,BLZ,108,24306,349,71,10488,M,2,67,2025-06-03 18:13:49.074305,20250603,OG002,2,NC,9
2022,20220,30033,30033,68501420,80,3000,5,30,EP04,4,MOD01,1,120,2,2700,27,1,4,2022,25.7,2025-05-26 18:13:49.083317,20250526,1,S,1,S,91,QAT,82827422Y,2000-03-15 18:13:49.083317,33,LBR,81,12408,56,8,33886,H,1,25,2025-06-03 18:13:49.083317,20250603,OG002,2,DESC,10
2013,20130,30034,30034,75686878,88,2300,3,23,EP03,3,MOD03,3,53,4,4200,42,4,1,2012,33.5,2024-09-02 18:13:49.092325,20240902,0,N,1,S,12,ITA,13395962A,1959-03-13 18:13:49.092325,7,AUT,40,10741,70,8,23011,H,1,66,2025-06-03 18:13:49.092325,20250603,OG002,2,19-21,2
2012,20120,30035,30035,75686878,88,1700,6,17,EP06,6,MOD05,5,12,1,4300,43,3,1,2011,10.4,2024-09-06 18:13:49.102316,20240906,0,N,1,S,28,KAZ,13395962A,1993-03-12 18:13:49.102316,89,KEN,144,21291,307,15,34080,H,1,32,2025-06-03 18:13:49.102316,20250603,OG007,7,22-25,3
2023,20230,30036,30036,48557943,58,1500,6,15,EP02,2,MOD03,3,78,1,800,8,1,4,2018,37.6,2024-07-30 18:13:49.111313,20240730,0,N,1,S,80,ETH,93564651F,2002-01-12 18:13:49.111313,67,SVN,81,48943,138,8,12735,H,1,23,2025-06-03 18:13:49.111313,20250603,OG001,1,DESC,10
2012,20120,30037,30037,35835371,6,600,9,6,EP04,4,MOD04,4,64,4,800,8,5,3,2011,49.0,2024-10-09 18:13:49.120327,20241009,0,N,1,S,50,NZL,61825128R,1977-01-24 18:13:49.120327,7,AUT,403,15635,250,72,21547,H,1,48,2025-06-03 18:13:49.120327,20250603,OG008,8,NC,9
2022,20220,30038,30038,81300905,41,400,4,4,EP04,4,MOD05,5,105,2,1200,12,5,3,2019,34.6,2024-07-30 18:13:49.129317,20240730,1,S,1,S,72,GNB,14293968C,1963-06-13 18:13:49.129317,57,MLI,11,16930,494,62,03331,H,1,62,2025-06-03 18:13:49.129317,20250603,OG002,2,16-18,1
2016,20160,30039,30039,2921981,95,2400,5,24,EP06,6,MOD01,1,59,2,3100,31,3,3,2012,19.1,2025-01-31 18:13:49.138328,20250131,0,N,1,S,70,BRN,17518636L,1978-10-23 18:13:49.138328,45,NOR,352,18684,60,8,16303,M,2,46,2025-06-03 18:13:49.138328,20250603,OG008,8,41-50,6
2011,20110,30040,30040,21436829,23,1900,7,19,EP03,3,MOD04,4,89,3,2700,27,3,4,2010,25.9,2025-05-21 18:13:49.148322,20250521,1,S,1,S,78,GNQ,46785445H,1981-07-28 18:13:49.148322,67,SVN,250,28100,387,89,23939,M,2,43,2025-06-03 18:13:49.148322,20250603,OG003,3,19-21,2
2018,20180,30041,30041,31715995,17,3000,5,30,EP04,4,MOD05,5,61,4,4100,41,5,2,2016,45.9,2025-04-03 18:13:49.157327,20250403,0,N,1,S,84,BWA,42708668Z,1960-12-20 18:13:49.157327,2,COG,19,31361,28,8,24418,H,1,64,2025-06-03 18:13:49.157327,20250603,OG001,1,DESC,10
2011,20110,30042,30042,67845324,64,2400,5,24,EP06,6,MOD01,1,94,1,300,3,2,2,2009,21.7,2025-03-29 18:13:49.166317,20250329,0,N,1,S,27,SLV,90965610N,1998-12-04 18:13:49.166317,21,VNM,163,16981,121,8,51619,H,1,26,2025-06-03 18:13:49.166317,20250603,OG004,4,19-21,2
2014,20140,30043,30043,44039203,70,100,10,1,EP04,4,MOD05,5,25,2,2200,22,5,3,2010,14.0,2024-10-16 18:13:49.175327,20241016,1,S,1,S,96,SVK,01051238T,1961-01-17 18:13:49.175327,12,ITA,58,09698,310,52,29844,H,1,64,2025-06-03 18:13:49.175327,20250603,OG005,5,41-50,6
2013,20130,30044,30044,63193474,46,1300,3,13,EP04,4,MOD02,2,77,4,1200,12,4,5,2012,42.4,2025-01-16 18:13:49.184326,20250116,0,N,1,S,64,FSM,31142626M,1970-05-30 18:13:49.184326,7,AUT,11,49973,268,59,39362,H,1,55,2025-06-03 18:13:49.184326,20250603,OG008,8,22-25,3
2010,20100,30045,30045,20112846,68,1400,8,14,EP01,1,MOD01,1,106,2,2300,23,1,1,2009,21.1,2024-06-08 18:13:49.192317,20240608,1,S,1,S,7,AUT,25457387K,1966-08-15 18:13:49.192317,32,THA,479,03822,374,12,49096,H,1,58,2025-06-03 18:13:49.192317,20250603,OG003,3,26-30,4
2024,20240,30046,30046,17927298,37,2000,1,20,EP06,6,MOD05,5,72,4,2700,27,3,4,2023,44.0,2024-07-26 18:13:49.201329,20240726,1,S,1,S,2,COG,68700217E,2002-07-21 18:13:49.201329,70,BRN,474,10511,44,8,20083,H,1,22,2025-06-03 18:13:49.201329,20250603,OG003,3,22-25,3
2017,20170,30047,30047,70890196,56,800,2,8,EP05,5,MOD05,5,12,3,4900,49,2,3,2016,11.8,2024-10-06 18:13:49.210325,20241006,1,S,1,S,8,HTI,75692459B,1965-07-26 18:13:49.210325,64,FSM,387,16922,125,8,04918,H,1,59,2025-06-03 18:13:49.210325,20250603,OG007,7,41-50,6
2024,20240,30048,30048,39599276,32,1000,8,10,EP05,5,MOD02,2,58,2,4800,48,3,3,2022,39.1,2025-04-19 18:13:49.221326,20250419,1,S,1,S,31,MUS,00886008W,1973-06-28 18:13:49.221326,17,URY,28,36270,3,8,49962,M,2,51,2025-06-03 18:13:49.221326,20250603,OG007,7,41-50,6
2020,20200,30049,30049,48557943,58,2000,1,20,EP01,1,MOD02,2,25,1,100,1,5,3,2015,15.0,2024-07-24 18:13:49.230328,20240724,0,N,1,S,54,MRT,93564651F,2003-02-11 18:13:49.230328,46,MDV,101,28345,16,8,25576,H,1,22,2025-06-03 18:13:49.230328,20250603,OG005,5,51-65,7
2016,20160,30050,30050,1534878,12,2500,4,25,EP03,3,MOD01,1,15,4,1500,15,4,2,2016,13.6,2024-10-11 18:13:49.240317,20241011,1,S,1,S,70,BRN,02843959D,1972-08-12 18:13:49.240317,91,QAT,311,38218,444,21,32551,H,1,52,2025-06-03 18:13:49.240317,20250603,OG003,3,19-21,2
2010,20100,30051,30051,59791674,81,1300,3,13,EP06,6,MOD04,4,81,3,1400,14,5,4,2009,71.4,2025-02-08 18:13:49.249318,20250208,1,S,1,S,55,SMR,57905072L,1974-06-18 18:13:49.249318,12,ITA,221,15132,414,7,30397,M,2,50,2025-06-03 18:13:49.249318,20250603,OG002,2,NC,9
2010,20100,30052,30052,34152669,97,2900,10,29,EP02,2,MOD01,1,115,2,4400,44,1,4,2009,93.8,2025-03-15 18:13:49.258316,20250315,0,N,1,S,40,TUV,29750017T,1977-02-22 18:13:49.258316,84,BWA,144,01883,66,8,07958,M,2,48,2025-06-03 18:13:49.258316,20250603,OG004,4,19-21,2
2018,20180,30053,30053,59791674,81,400,4,4,EP02,2,MOD02,2,83,1,4500,45,4,3,2015,33.2,2024-10-19 18:13:49.269325,20241019,0,N,1,S,84,BWA,57905072L,2001-11-26 18:13:49.269325,85,NER,46,03518,271,26,24363,M,2,23,2025-06-03 18:13:49.269325,20250603,OG004,4,31-40,5
2012,20120,30054,30054,89133246,48,3000,5,30,EP06,6,MOD03,3,26,2,1700,17,3,2,2009,14.2,2025-05-12 18:13:49.278322,20250512,1,S,1,S,37,SLB,41212678J,1982-05-10 18:13:49.278322,56,LIE,94,32601,349,71,10671,H,1,43,2025-06-03 18:13:49.278322,20250603,OG004,4,51-65,7
2014,20140,30055,30055,89628735,19,2800,9,28,EP03,3,MOD03,3,71,2,700,7,2,5,2009,34.2,2025-03-20 18:13:49.287634,20250320,1,S,1,S,27,SLV,75183046W,1972-04-26 18:13:49.287634,79,NAM,115,45254,73,8,48162,H,1,53,2025-06-03 18:13:49.287634,20250603,OG001,1,NC,9
2015,20150,30056,30056,76866717,66,2800,9,28,EP05,5,MOD02,2,38,2,400,4,4,5,2014,11.1,2024-08-05 18:13:49.296097,20240805,0,N,1,S,2,COG,37567982N,1959-05-28 18:13:49.296097,52,EST,15,34771,236,37,33424,M,2,66,2025-06-03 18:13:49.296623,20250603,OG003,3,>65,8
2020,20200,30057,30057,97023650,10,1800,8,18,EP03,3,MOD02,2,116,1,1500,15,5,3,2019,15.2,2024-06-09 18:13:49.304737,20240609,0,N,1,S,12,ITA,33119079E,1972-07-23 18:13:49.304737,51,AND,317,52686,37,8,23311,H,1,52,2025-06-03 18:13:49.304737,20250603,OG004,4,19-21,2
2015,20150,30058,30058,89133246,48,1500,6,15,EP06,6,MOD02,2,49,1,4300,43,5,5,2014,42.9,2025-05-07 18:13:49.314728,20250507,1,S,1,S,27,SLV,41212678J,2002-06-26 18:13:49.314728,80,ETH,360,31840,311,89,39328,H,1,22,2025-06-03 18:13:49.314728,20250603,OG002,2,22-25,3
2016,20160,30059,30059,404729,98,300,10,3,EP03,3,MOD01,1,58,1,2100,21,5,3,2016,25.2,2025-04-08 18:13:49.323737,20250408,0,N,1,S,19,CMR,01277063B,1980-06-04 18:13:49.323737,54,MRT,473,20353,339,40,45862,H,1,45,2025-06-03 18:13:49.323737,20250603,OG005,5,31-40,5
2023,20230,30060,30060,29246218,99,500,3,5,EP04,4,MOD03,3,56,2,3600,36,4,4,2018,48.3,2024-10-26 18:13:49.333731,20241026,0,N,1,S,8,HTI,24241541R,1997-12-29 18:13:49.333731,76,COM,158,29853,352,13,05277,M,2,27,2025-06-03 18:13:49.333731,20250603,OG001,1,31-40,5
2017,20170,30061,30061,35835371,6,2800,9,28,EP02,2,MOD01,1,108,2,3200,32,1,3,2012,28.9,2024-07-27 18:13:49.343739,20240727,0,N,1,S,40,TUV,61825128R,1980-01-17 18:13:49.343739,17,URY,171,26214,383,54,24220,H,1,45,2025-06-03 18:13:49.343739,20250603,OG005,5,16-18,1
2010,20100,30062,30062,62059365,91,1200,7,12,EP04,4,MOD05,5,22,4,2700,27,1,5,2008,14.3,2025-02-24 18:13:49.352729,20250224,0,N,1,S,35,IRQ,48126042Z,1989-06-25 18:13:49.352729,19,CMR,431,46367,174,8,23921,M,2,35,2025-06-03 18:13:49.352729,20250603,OG005,5,19-21,2
2021,20210,30063,30063,59959826,5,1500,6,15,EP02,2,MOD01,1,49,4,3200,32,5,5,2020,14.5,2024-09-19 18:13:49.361721,20240919,0,N,1,S,9,ARG,62265676F,1972-04-28 18:13:49.361721,43,TWN,157,23652,445,11,33464,M,2,53,2025-06-03 18:13:49.361721,20250603,OG001,1,26-30,4
2010,20100,30064,30064,10482769,59,1500,6,15,EP03,3,MOD03,3,104,4,600,6,4,4,2010,44.8,2024-11-11 18:13:49.370738,20241111,0,N,1,S,68,GRC,93982807T,1967-05-05 18:13:49.370738,61,CHN,499,05521,5,8,37031,H,1,58,2025-06-03 18:13:49.370738,20250603,OG002,2,16-18,1
2017,20170,30065,30065,68886959,85,2500,4,25,EP01,1,MOD03,3,115,4,2200,22,1,2,2014,36.5,2024-12-20 18:13:49.379739,20241220,1,S,1,S,51,AND,78819148B,1961-04-24 18:13:49.379739,11,GIN,138,06498,37,8,11687,H,1,64,2025-06-03 18:13:49.379739,20250603,OG005,5,51-65,7
2014,20140,30066,30066,27133023,65,2700,3,27,EP05,5,MOD04,4,101,4,1800,18,5,1,2013,73.1,2025-01-27 18:13:49.388729,20250127,1,S,1,S,33,LBR,14388899F,1986-08-02 18:13:49.388729,55,SMR,39,49003,118,8,31122,M,2,38,2025-06-03 18:13:49.388729,20250603,OG001,1,DESC,10
2015,20150,30067,30067,33214247,50,1500,6,15,EP02,2,MOD02,2,91,1,2200,22,2,1,2012,20.9,2024-07-26 18:13:49.398730,20240726,1,S,1,S,84,BWA,19956046G,1962-09-03 18:13:49.398730,49,BIH,49,03689,376,83,49421,M,2,62,2025-06-03 18:13:49.398730,20250603,OG003,3,DESC,10
2024,20240,30068,30068,75721444,60,2500,4,25,EP01,1,MOD04,4,61,4,2500,25,2,2,2023,27.3,2025-03-06 18:13:49.407729,20250306,1,S,1,S,87,MWI,37416724W,1998-10-15 18:13:49.407729,30,HND,252,33556,124,8,14784,M,2,26,2025-06-03 18:13:49.407729,20250603,OG008,8,19-21,2
2016,20160,30069,30069,87735896,14,1400,8,14,EP06,6,MOD03,3,50,2,2100,21,1,5,2015,45.3,2024-06-25 18:13:49.417725,20240625,1,S,1,S,71,LSO,44089268Q,1970-12-02 18:13:49.417725,93,CHL,391,15407,13,8,09216,M,2,54,2025-06-03 18:13:49.417725,20250603,OG003,3,41-50,6
2019,20190,30070,30070,40526484,8,800,2,8,EP03,3,MOD01,1,70,3,1800,18,4,2,2018,26.8,2025-01-24 18:13:49.427738,20250124,1,S,1,S,36,TUN,86863375B,2002-02-13 18:13:49.427738,97,GAB,344,28278,321,97,03912,M,2,23,2025-06-03 18:13:49.427738,20250603,OG002,2,DESC,10
2016,20160,30071,30071,55813853,43,1300,3,13,EP04,4,MOD01,1,47,2,1600,16,1,4,2011,12.4,2024-11-25 18:13:49.437732,20241125,0,N,1,S,2,COG,63159996H,1992-02-05 18:13:49.437732,58,BGR,191,26574,13,8,43469,M,2,33,2025-06-03 18:13:49.437732,20250603,OG001,1,31-40,5
2019,20190,30072,30072,78176558,9,2100,9,21,EP06,6,MOD03,3,107,1,700,7,5,1,2017,22.5,2025-02-22 18:13:49.446722,20250222,0,N,1,S,71,LSO,24310690N,1977-05-12 18:13:49.447727,13,MCO,33,27627,391,73,19573,H,1,48,2025-06-03 18:13:49.447727,20250603,OG002,2,22-25,3
2017,20170,30073,30073,7749299,89,300,10,3,EP02,2,MOD04,4,74,4,3900,39,5,3,2016,20.9,2025-04-27 18:13:49.457720,20250427,0,N,1,S,15,CAN,92330958B,1994-06-06 18:13:49.457720,48,ATG,127,24443,273,6,32793,H,1,31,2025-06-03 18:13:49.457720,20250603,OG008,8,51-65,7
2017,20170,30074,30074,15060409,61,1700,6,17,EP01,1,MOD02,2,111,3,1000,10,2,3,2015,109.8,2024-11-23 18:13:49.468726,20241123,1,S,1,S,32,THA,34266179C,1958-03-27 18:13:49.468726,13,MCO,67,37920,183,8,48770,H,1,67,2025-06-03 18:13:49.468726,20250603,OG003,3,NC,9
2018,20180,30075,30075,92981826,16,2100,9,21,EP03,3,MOD01,1,45,2,2900,29,1,3,2017,36.0,2024-06-27 18:13:49.478719,20240627,1,S,1,S,18,ZAF,24628733B,1959-01-28 18:13:49.478719,21,VNM,18,14518,125,8,25702,H,1,66,2025-06-03 18:13:49.479723,20250603,OG007,7,41-50,6
2011,20110,30076,30076,62059365,91,100,10,1,EP01,1,MOD03,3,72,3,4100,41,2,1,2011,13.7,2025-02-21 18:13:49.489331,20250221,1,S,1,S,76,COM,48126042Z,1993-06-12 18:13:49.489331,31,MUS,176,22245,25,8,41428,M,2,31,2025-06-03 18:13:49.489331,20250603,OG003,3,16-18,1
2018,20180,30077,30077,10482769,59,800,2,8,EP02,2,MOD04,4,64,4,1500,15,1,3,2014,61.7,2024-12-21 18:13:49.499118,20241221,1,S,1,S,32,THA,93982807T,1980-03-04 18:13:49.499118,99,KWT,459,02877,172,8,47845,H,1,45,2025-06-03 18:13:49.499118,20250603,OG002,2,16-18,1
2022,20220,30078,30078,29314711,49,1400,8,14,EP06,6,MOD02,2,102,1,1600,16,1,5,2020,64.5,2025-03-31 18:13:49.509236,20250331,0,N,1,S,17,URY,88610158J,1964-01-18 18:13:49.509236,14,DEU,467,35755,243,13,03696,H,1,61,2025-06-03 18:13:49.509236,20250603,OG002,2,16-18,1
2022,20220,30079,30079,69839059,71,1100,3,11,EP05,5,MOD05,5,71,1,1600,16,4,3,2017,16.4,2025-02-01 18:13:49.519616,20250201,0,N,1,S,64,FSM,28258673E,1983-07-02 18:13:49.519616,55,SMR,179,20363,198,8,50113,H,1,41,2025-06-03 18:13:49.519616,20250603,OG002,2,>65,8
2022,20220,30080,30080,53143336,96,1500,6,15,EP05,5,MOD02,2,72,1,4200,42,4,3,2017,60.0,2025-05-15 18:13:49.530543,20250515,1,S,1,S,77,NGA,37454589D,1966-10-04 18:13:49.530543,92,ERI,288,12452,289,31,10485,M,2,58,2025-06-03 18:13:49.530543,20250603,OG008,8,19-21,2
2013,20130,30081,30081,29246218,99,900,10,9,EP05,5,MOD05,5,57,3,1300,13,5,4,2011,18.5,2024-09-02 18:13:49.539596,20240902,1,S,1,S,56,LIE,24241541R,1966-03-15 18:13:49.539596,31,MUS,490,02225,80,8,35845,M,2,59,2025-06-03 18:13:49.539596,20250603,OG002,2,26-30,4
2021,20210,30082,30082,82493631,34,2300,3,23,EP05,5,MOD04,4,120,1,4300,43,5,3,2021,104.8,2024-11-15 18:13:49.548593,20241115,1,S,1,S,24,BLZ,18233984K,1958-02-14 18:13:49.548593,33,LBR,339,26891,89,8,25823,M,2,67,2025-06-03 18:13:49.548593,20250603,OG006,6,NC,9
2018,20180,30083,30083,75000490,90,1300,3,13,EP02,2,MOD03,3,107,3,3800,38,5,1,2014,58.0,2025-02-06 18:13:49.556606,20250206,0,N,1,S,27,SLV,49825449C,1995-10-16 18:13:49.556606,71,LSO,289,45856,176,8,46797,H,1,29,2025-06-03 18:13:49.557608,20250603,OG006,6,NC,9
2013,20130,30084,30084,12205980,79,2500,4,25,EP02,2,MOD04,4,45,4,4600,46,4,5,2009,43.3,2025-02-19 18:13:49.566598,20250219,1,S,1,S,96,SVK,69296627L,1990-09-10 18:13:49.566598,78,GNQ,60,17941,315,34,28763,H,1,34,2025-06-03 18:13:49.566598,20250603,OG001,1,>65,8
2017,20170,30085,30085,60858653,83,800,2,8,EP01,1,MOD05,5,18,1,3000,30,3,1,2015,13.6,2025-01-30 18:13:49.574598,20250130,0,N,1,S,55,SMR,77219034F,1998-12-23 18:13:49.574598,72,GNB,390,19944,351,17,34281,M,2,26,2025-06-03 18:13:49.574598,20250603,OG006,6,22-25,3
2016,20160,30086,30086,27133023,65,2400,5,24,EP03,3,MOD03,3,97,4,2800,28,3,1,2014,57.9,2024-10-07 18:13:49.583592,20241007,1,S,1,S,45,NOR,14388899F,1975-08-17 18:13:49.583592,97,GAB,231,10847,336,84,31893,M,2,49,2025-06-03 18:13:49.583592,20250603,OG001,1,26-30,4
2017,20170,30087,30087,15867870,20,1600,6,16,EP02,2,MOD04,4,62,1,1700,17,1,3,2014,20.0,2025-03-27 18:13:49.592607,20250327,1,S,1,S,45,NOR,99013983H,1976-04-26 18:13:49.592607,40,TUV,267,10292,412,78,32640,M,2,49,2025-06-03 18:13:49.592607,20250603,OG004,4,31-40,5
2022,20220,30088,30088,55813853,43,1900,7,19,EP06,6,MOD02,2,20,4,5000,50,2,5,2022,16.7,2024-10-03 18:13:49.601599,20241003,1,S,1,S,55,SMR,63159996H,1977-01-09 18:13:49.601599,36,TUN,26,01781,215,32,31470,M,2,48,2025-06-03 18:13:49.601599,20250603,OG005,5,>65,8
2024,20240,30089,30089,15867870,20,2900,10,29,EP05,5,MOD04,4,42,4,3400,34,2,5,2019,20.8,2024-08-13 18:13:49.611610,20240813,0,N,1,S,75,PRY,99013983H,1971-02-27 18:13:49.611610,72,GNB,271,43640,192,8,30571,M,2,54,2025-06-03 18:13:49.611610,20250603,OG002,2,22-25,3
2013,20130,30090,30090,72029307,67,2200,7,22,EP01,1,MOD05,5,108,2,4400,44,2,3,2012,90.9,2025-02-26 18:13:49.621610,20250226,0,N,1,S,79,NAM,50714611W,1973-08-04 18:13:49.621610,23,GTM,138,24715,93,8,26224,H,1,51,2025-06-03 18:13:49.621610,20250603,OG001,1,NC,9
2020,20200,30091,30091,35002007,2,2300,3,23,EP02,2,MOD03,3,64,2,4500,45,2,3,2017,57.4,2025-01-16 18:13:49.632599,20250116,1,S,1,S,11,GIN,67908740K,1993-10-08 18:13:49.632599,50,NZL,431,46252,361,16,18059,H,1,31,2025-06-03 18:13:49.632599,20250603,OG003,3,26-30,4
2014,20140,30092,30092,89628735,19,3000,5,30,EP05,5,MOD05,5,49,1,3900,39,2,1,2012,33.1,2025-03-25 18:13:49.642602,20250325,0,N,1,S,35,IRQ,75183046W,1960-06-25 18:13:49.642602,52,EST,248,42803,321,97,37268,H,1,64,2025-06-03 18:13:49.642602,20250603,OG006,6,>65,8
2024,20240,30093,30093,76866717,66,2700,3,27,EP04,4,MOD02,2,35,3,900,9,1,5,2022,14.7,2024-09-11 18:13:49.651603,20240911,0,N,1,S,91,QAT,37567982N,2000-02-03 18:13:49.651603,56,LIE,70,15565,165,8,32953,M,2,25,2025-06-03 18:13:49.651603,20250603,OG003,3,26-30,4
2024,20240,30094,30094,91313946,51,400,4,4,EP05,5,MOD02,2,86,1,2300,23,1,2,2020,13.1,2024-11-28 18:13:49.660957,20241128,0,N,1,S,80,ETH,61839826W,1988-08-21 18:13:49.660957,34,AUS,424,26403,343,55,46884,H,1,36,2025-06-03 18:13:49.660957,20250603,OG005,5,DESC,10
2010,20100,30095,30095,91307681,74,1100,3,11,EP06,6,MOD01,1,68,4,600,6,3,4,2005,40.9,2024-07-29 18:13:49.669736,20240729,0,N,1,S,72,GNB,19182553R,1997-04-21 18:13:49.669736,98,COL,234,27954,141,8,05527,M,2,28,2025-06-03 18:13:49.669736,20250603,OG007,7,31-40,5
2019,20190,30096,30096,79968863,52,2600,9,26,EP06,6,MOD03,3,76,1,4100,41,3,4,2017,71.6,2024-07-08 18:13:49.678750,20240708,0,N,1,S,48,ATG,22444721X,1996-06-13 18:13:49.678750,76,COM,86,05434,299,76,34215,M,2,28,2025-06-03 18:13:49.678750,20250603,OG007,7,19-21,2
2014,20140,30097,30097,10988446,53,700,5,7,EP06,6,MOD01,1,63,3,700,7,2,3,2013,21.6,2025-04-22 18:13:49.687780,20250422,1,S,1,S,32,THA,26464715H,1993-08-22 18:13:49.687780,97,GAB,33,20853,484,11,18572,M,2,31,2025-06-03 18:13:49.687780,20250603,OG006,6,41-50,6
2010,20100,30098,30098,17927298,37,900,10,9,EP06,6,MOD02,2,63,3,3400,34,2,3,2006,43.1,2025-03-16 18:13:49.695794,20250316,1,S,1,S,88,ESP,68700217E,1976-11-30 18:13:49.695794,100,VUT,214,50975,352,13,25634,H,1,48,2025-06-03 18:13:49.695794,20250603,OG005,5,26-30,4
2011,20110,30099,30099,916723,1,2400,5,24,EP05,5,MOD03,3,82,3,900,9,5,1,2010,26.0,2024-07-10 18:13:49.704794,20240710,0,N,1,S,3,ISL,71870728Y,1965-09-13 18:13:49.704794,93,CHL,6,48791,305,90,45519,H,1,59,2025-06-03 18:13:49.704794,20250603,OG004,4,DESC,10
2023,20230,30100,30100,60858653,83,2400,5,24,EP02,2,MOD04,4,99,2,4600,46,4,4,2021,43.9,2024-09-10 18:13:49.713778,20240910,1,S,1,S,68,GRC,77219034F,1965-10-22 18:13:49.713778,98,COL,351,31283,20,8,51209,M,2,59,2025-06-03 18:13:49.713778,20250603,OG008,8,DESC,10
2011,20110,30101,30101,48557943,58,2900,10,29,EP03,3,MOD03,3,35,2,100,1,1,2,2007,22.1,2024-12-07 18:13:49.722794,20241207,0,N,1,S,39,HUN,93564651F,1978-03-13 18:13:49.722794,45,NOR,479,10348,493,31,10746,H,1,47,2025-06-03 18:13:49.722794,20250603,OG006,6,19-21,2
2018,20180,30102,30102,97023650,10,1800,8,18,EP05,5,MOD05,5,69,1,4300,43,1,3,2018,13.7,2024-07-31 18:13:49.735796,20240731,1,S,1,S,95,NLD,33119079E,1972-11-21 18:13:49.735796,88,ESP,383,52365,394,38,05679,H,1,52,2025-06-03 18:13:49.735796,20250603,OG003,3,41-50,6
2021,20210,30103,30103,50147077,42,800,2,8,EP02,2,MOD03,3,117,4,4800,48,3,2,2020,17.2,2024-11-27 18:13:49.744796,20241127,0,N,1,S,97,GAB,56218501S,1987-01-09 18:13:49.744796,68,GRC,264,17197,1,8,45270,H,1,38,2025-06-03 18:13:49.744796,20250603,OG005,5,DESC,10
2011,20110,30104,30104,92649206,29,1700,6,17,EP01,1,MOD02,2,79,1,2400,24,4,4,2008,71.5,2024-10-17 18:13:49.753794,20241017,0,N,1,S,66,CAF,72808010S,1967-07-21 18:13:49.753794,15,CAN,283,47077,148,8,08417,H,1,57,2025-06-03 18:13:49.753794,20250603,OG002,2,16-18,1
2016,20160,30105,30105,17927298,37,2300,3,23,EP05,5,MOD05,5,99,1,600,6,2,2,2015,32.3,2024-12-14 18:13:49.762818,20241214,1,S,1,S,20,TGO,68700217E,1985-12-27 18:13:49.762818,50,NZL,205,12333,91,8,36339,H,1,39,2025-06-03 18:13:49.762818,20250603,OG005,5,19-21,2
2018,20180,30106,30106,53143336,96,2600,9,26,EP05,5,MOD02,2,16,2,700,7,5,3,2016,13.5,2025-04-06 18:13:49.771818,20250406,1,S,1,S,68,GRC,37454589D,1977-05-26 18:13:49.771818,16,BLR,483,20695,224,20,11771,M,2,48,2025-06-03 18:13:49.771818,20250603,OG005,5,41-50,6
2017,20170,30107,30107,94457890,57,900,10,9,EP01,1,MOD03,3,24,2,4000,40,5,2,2016,14.3,2024-10-18 18:13:49.780823,20241018,1,S,1,S,46,MDV,37526547T,1989-05-19 18:13:49.780823,17,URY,384,43017,417,29,39663,H,1,36,2025-06-03 18:13:49.780823,20250603,OG004,4,16-18,1
2011,20110,30108,30108,75721444,60,2500,4,25,EP01,1,MOD02,2,30,2,2500,25,1,2,2007,26.6,2024-07-27 18:13:49.789804,20240727,0,N,1,S,8,HTI,37416724W,1999-10-16 18:13:49.789804,3,ISL,497,09402,441,46,11639,M,2,25,2025-06-03 18:13:49.789804,20250603,OG004,4,22-25,3
2022,20220,30109,30109,75686878,88,200,6,2,EP04,4,MOD02,2,17,3,900,9,2,2,2018,16.8,2024-11-17 18:13:49.798805,20241117,1,S,1,S,9,ARG,13395962A,1972-09-10 18:13:49.798805,85,NER,145,09220,428,47,22961,H,1,52,2025-06-03 18:13:49.798805,20250603,OG007,7,31-40,5
2019,20190,30110,30110,62059365,91,900,10,9,EP05,5,MOD05,5,44,4,900,9,3,5,2015,41.3,2025-01-25 18:13:49.807808,20250125,1,S,1,S,8,HTI,48126042Z,1970-09-15 18:13:49.807808,26,MNG,22,44833,363,77,12721,M,2,54,2025-06-03 18:13:49.807808,20250603,OG007,7,51-65,7
2016,20160,30111,30111,91313946,51,600,9,6,EP06,6,MOD05,5,47,2,2800,28,5,4,2015,10.0,2024-11-11 18:13:49.816808,20241111,1,S,1,S,8,HTI,61839826W,1986-07-23 18:13:49.816808,2,COG,46,46646,409,29,44539,H,1,38,2025-06-03 18:13:49.816808,20250603,OG008,8,26-30,4
2012,20120,30112,30112,76890296,11,2800,9,28,EP05,5,MOD02,2,114,4,900,9,5,2,2010,43.5,2025-03-05 18:13:49.826808,20250305,1,S,1,S,94,UGA,03067383B,1976-04-25 18:13:49.826808,95,NLD,438,28999,469,14,49468,M,2,49,2025-06-03 18:13:49.826808,20250603,OG006,6,41-50,6
2019,20190,30113,30113,12205980,79,2800,9,28,EP06,6,MOD04,4,37,1,2300,23,3,5,2016,35.2,2025-06-02 18:13:49.835818,20250602,0,N,1,S,46,MDV,69296627L,1998-10-16 18:13:49.835818,77,NGA,285,28234,438,97,44031,H,1,26,2025-06-03 18:13:49.835818,20250603,OG006,6,19-21,2
2013,20130,30114,30114,61066203,40,3000,5,30,EP01,1,MOD05,5,50,4,600,6,5,5,2012,18.0,2024-06-30 18:13:49.844817,20240630,1,S,1,S,96,SVK,02503926P,1977-11-02 18:13:49.844817,13,MCO,322,29341,453,66,26526,M,2,47,2025-06-03 18:13:49.844817,20250603,OG001,1,31-40,5
2014,20140,30115,30115,63193474,46,2000,1,20,EP04,4,MOD02,2,59,2,3500,35,2,2,2011,27.8,2025-04-17 18:13:49.853822,20250417,1,S,1,S,38,PAK,31142626M,1966-04-28 18:13:49.853822,9,ARG,131,42368,317,14,46130,H,1,59,2025-06-03 18:13:49.853822,20250603,OG001,1,16-18,1
2010,20100,30116,30116,12205980,79,2200,7,22,EP06,6,MOD01,1,87,4,800,8,5,1,2005,76.1,2025-01-22 18:13:49.862798,20250122,1,S,1,S,4,CUB,69296627L,2001-07-03 18:13:49.862798,18,ZAF,254,37715,265,36,28032,H,1,23,2025-06-03 18:13:49.862798,20250603,OG006,6,51-65,7
2020,20200,30117,30117,27133023,65,2400,5,24,EP03,3,MOD04,4,40,4,200,2,1,4,2019,26.4,2024-11-09 18:13:49.872798,20241109,1,S,1,S,26,MNG,14388899F,1963-06-27 18:13:49.872798,35,IRQ,112,06467,493,31,37293,M,2,61,2025-06-03 18:13:49.872798,20250603,OG007,7,>65,8
2011,20110,30118,30118,94212889,44,300,10,3,EP06,6,MOD03,3,43,2,200,2,2,1,2008,28.5,2024-07-22 18:13:49.881804,20240722,1,S,1,S,39,HUN,50477358V,1983-11-09 18:13:49.881804,31,MUS,8,29206,461,59,27495,M,2,41,2025-06-03 18:13:49.881804,20250603,OG008,8,26-30,4
2018,20180,30119,30119,67845324,64,2600,9,26,EP02,2,MOD04,4,74,2,3300,33,1,2,2015,66.3,2025-01-22 18:13:49.890396,20250122,1,S,1,S,38,PAK,90965610N,1968-07-08 18:13:49.890396,33,LBR,3,06999,61,8,46836,H,1,56,2025-06-03 18:13:49.890396,20250603,OG005,5,22-25,3
2015,20150,30120,30120,94457890,57,1300,3,13,EP06,6,MOD03,3,52,3,2900,29,1,5,2015,11.9,2025-02-15 18:13:49.900399,20250215,1,S,0,N,1,ESP,37526547T,1967-01-21 18:13:49.900399,19,CMR,28,25331,359,1,05660,H,1,58,2025-06-03 18:13:49.900399,20250603,OG007,7,>65,8
2015,20150,30121,30121,10988446,53,1900,7,19,EP04,4,MOD01,1,66,3,3400,34,4,5,2011,29.4,2025-05-03 18:13:49.909400,20250503,1,S,1,S,7,AUT,26464715H,1981-01-15 18:13:49.909400,53,KGZ,214,51403,441,46,35516,M,2,44,2025-06-03 18:13:49.909400,20250603,OG004,4,19-21,2
2017,20170,30122,30122,70890196,56,1600,6,16,EP06,6,MOD02,2,82,3,2500,25,2,3,2017,46.0,2025-04-02 18:13:49.919399,20250402,1,S,1,S,48,ATG,75692459B,2001-12-21 18:13:49.919399,70,BRN,380,02717,98,8,33071,H,1,23,2025-06-03 18:13:49.919399,20250603,OG008,8,41-50,6
2016,20160,30123,30123,68501420,80,2600,9,26,EP01,1,MOD04,4,68,2,3000,30,2,4,2012,13.1,2024-12-27 18:13:49.927396,20241227,0,N,1,S,27,SLV,82827422Y,1979-04-09 18:13:49.928402,98,COL,101,01847,320,13,15245,H,1,46,2025-06-03 18:13:49.928402,20250603,OG004,4,22-25,3
2014,20140,30124,30124,29314711,49,1800,8,18,EP02,2,MOD02,2,12,3,4200,42,1,5,2012,11.0,2025-02-18 18:13:49.937400,20250218,1,S,1,S,66,CAF,88610158J,1986-12-10 18:13:49.937400,32,THA,50,27543,302,38,31333,H,1,38,2025-06-03 18:13:49.938412,20250603,OG004,4,NC,9
2024,20240,30125,30125,81300905,41,1800,8,18,EP06,6,MOD05,5,35,3,2500,25,4,2,2019,16.0,2024-11-23 18:13:49.947405,20241123,0,N,1,S,56,LIE,14293968C,1998-03-26 18:13:49.947405,15,CAN,473,37941,348,48,01954,H,1,27,2025-06-03 18:13:49.947405,20250603,OG003,3,>65,8
2017,20170,30126,30126,81300905,41,700,5,7,EP01,1,MOD02,2,48,2,4200,42,1,4,2017,44.2,2025-02-21 18:13:49.956406,20250221,0,N,1,S,71,LSO,14293968C,1992-04-02 18:13:49.956406,70,BRN,396,49141,421,30,26817,H,1,33,2025-06-03 18:13:49.956406,20250603,OG006,6,26-30,4
2017,20170,30127,30127,91307681,74,1300,3,13,EP04,4,MOD04,4,91,1,2800,28,4,2,2014,24.2,2024-12-13 18:13:49.966411,20241213,1,S,1,S,91,QAT,19182553R,1980-11-02 18:13:49.966411,58,BGR,406,52638,317,14,07372,M,2,44,2025-06-03 18:13:49.966411,20250603,OG008,8,41-50,6
2013,20130,30128,30128,33214247,50,100,10,1,EP05,5,MOD05,5,30,2,2200,22,4,2,2012,15.9,2024-06-17 18:13:49.975415,20240617,0,N,1,S,2,COG,19956046G,1965-08-01 18:13:49.975415,55,SMR,95,02936,350,9,18860,M,2,59,2025-06-03 18:13:49.975415,20250603,OG001,1,41-50,6
2014,20140,30129,30129,92083242,25,200,6,2,EP04,4,MOD02,2,109,3,4200,42,3,4,2013,59.5,2024-07-09 18:13:49.984417,20240709,0,N,1,S,25,PHL,56093204E,1980-01-20 18:13:49.984417,59,BRA,140,32424,70,8,28542,H,1,45,2025-06-03 18:13:49.984417,20250603,OG005,5,>65,8
2011,20110,30130,30130,91307681,74,1200,7,12,EP02,2,MOD01,1,93,1,2000,20,3,3,2006,75.1,2024-10-16 18:13:49.993417,20241016,0,N,1,S,23,GTM,19182553R,1971-01-14 18:13:49.993417,39,HUN,165,06639,352,13,16531,M,2,54,2025-06-03 18:13:49.993417,20250603,OG002,2,41-50,6
2018,20180,30131,30131,41361818,93,2100,9,21,EP03,3,MOD02,2,45,4,2400,24,2,2,2014,13.7,2025-01-21 18:13:50.001416,20250121,1,S,1,S,26,MNG,94667116J,2000-08-05 18:13:50.001416,94,UGA,281,20388,50,8,52692,H,1,24,2025-06-03 18:13:50.002410,20250603,OG006,6,NC,9
2020,20200,30132,30132,87735896,14,2200,7,22,EP06,6,MOD05,5,109,1,4900,49,3,4,2020,107.9,2024-07-15 18:13:50.010407,20240715,1,S,1,S,57,MLI,44089268Q,1990-10-23 18:13:50.010407,51,AND,490,36850,372,56,18906,M,2,34,2025-06-03 18:13:50.010407,20250603,OG006,6,26-30,4
2024,20240,30133,30133,10482769,59,1200,7,12,EP06,6,MOD04,4,113,1,4700,47,5,2,2023,53.5,2024-12-30 18:13:50.020409,20241230,0,N,1,S,82,PAN,93982807T,1980-11-18 18:13:50.020409,19,CMR,118,03047,76,8,33485,H,1,44,2025-06-03 18:13:50.020409,20250603,OG008,8,26-30,4
2023,20230,30134,30134,94457890,57,500,3,5,EP04,4,MOD01,1,99,2,4500,45,1,3,2019,66.9,2024-08-08 18:13:50.029410,20240808,0,N,1,S,21,VNM,37526547T,1976-08-15 18:13:50.029410,80,ETH,438,20125,134,8,07839,H,1,48,2025-06-03 18:13:50.029410,20250603,OG001,1,26-30,4
2022,20220,30135,30135,29246218,99,500,3,5,EP03,3,MOD04,4,100,1,200,2,1,3,2018,38.1,2024-11-07 18:13:50.038407,20241107,1,S,1,S,17,URY,24241541R,1977-05-10 18:13:50.038407,96,SVK,159,37139,386,34,39253,M,2,48,2025-06-03 18:13:50.038407,20250603,OG003,3,19-21,2
2013,20130,30136,30136,20560218,39,2700,3,27,EP03,3,MOD02,2,57,1,2300,23,2,5,2011,49.4,2024-09-03 18:13:50.047409,20240903,0,N,1,S,21,VNM,97401489P,1983-09-15 18:13:50.047409,63,UZB,53,04762,71,8,32537,H,1,41,2025-06-03 18:13:50.047409,20250603,OG002,2,16-18,1
2021,20210,30137,30137,60858653,83,2400,5,24,EP01,1,MOD03,3,115,3,2800,28,2,4,2020,108.9,2025-04-15 18:13:50.056458,20250415,1,S,1,S,46,MDV,77219034F,1957-07-27 18:13:50.056458,42,SWE,343,04764,30,8,45798,M,2,67,2025-06-03 18:13:50.056458,20250603,OG001,1,31-40,5
2013,20130,30138,30138,48258264,15,800,2,8,EP01,1,MOD04,4,41,4,4900,49,3,3,2009,19.8,2024-06-30 18:13:50.065429,20240630,0,N,1,S,44,YEM,70568566N,1986-09-14 18:13:50.065429,89,KEN,423,04215,36,8,26076,M,2,38,2025-06-03 18:13:50.065429,20250603,OG005,5,DESC,10
2019,20190,30139,30139,75721444,60,1700,6,17,EP04,4,MOD03,3,42,1,4400,44,2,4,2018,17.7,2025-03-22 18:13:50.074430,20250322,1,S,1,S,44,YEM,37416724W,1972-09-28 18:13:50.074430,46,MDV,28,31775,190,8,29952,M,2,52,2025-06-03 18:13:50.074430,20250603,OG008,8,51-65,7
2015,20150,30140,30140,41178850,22,2300,3,23,EP01,1,MOD05,5,74,2,1300,13,1,4,2010,68.3,2025-01-29 18:13:50.083426,20250129,0,N,1,S,16,BLR,73936385X,1974-08-12 18:13:50.083426,78,GNQ,364,27871,74,8,29313,H,1,50,2025-06-03 18:13:50.083426,20250603,OG003,3,51-65,7
2010,20100,30141,30141,41178850,22,2400,5,24,EP05,5,MOD01,1,80,2,700,7,3,2,2010,51.5,2024-12-03 18:13:50.092027,20241203,0,N,1,S,57,MLI,73936385X,1996-09-01 18:13:50.092027,96,SVK,374,13642,436,33,47895,H,1,28,2025-06-03 18:13:50.092027,20250603,OG004,4,41-50,6
2017,20170,30142,30142,31611127,4,1700,6,17,EP01,1,MOD01,1,67,2,4800,48,1,5,2015,50.1,2024-08-10 18:13:50.101034,20240810,1,S,1,S,58,BGR,51801704T,1998-03-16 18:13:50.101034,83,BEL,28,24213,54,8,06363,H,1,27,2025-06-03 18:13:50.101034,20250603,OG004,4,51-65,7
2012,20120,30143,30143,41178850,22,1100,3,11,EP02,2,MOD05,5,111,2,2700,27,4,2,2010,42.1,2024-12-13 18:13:50.110044,20241213,1,S,1,S,100,VUT,73936385X,1967-12-16 18:13:50.110044,40,TUV,97,30420,175,8,47891,H,1,57,2025-06-03 18:13:50.110044,20250603,OG003,3,31-40,5
2011,20110,30144,30144,91307681,74,3000,5,30,EP02,2,MOD04,4,106,1,1000,10,4,2,2009,103.5,2025-03-11 18:13:50.119044,20250311,1,S,1,S,4,CUB,19182553R,1966-10-22 18:13:50.119044,52,EST,420,18085,488,22,35553,M,2,58,2025-06-03 18:13:50.119044,20250603,OG003,3,>65,8
2015,20150,30145,30145,75000490,90,2200,7,22,EP06,6,MOD04,4,97,1,2900,29,2,2,2010,88.2,2024-11-22 18:13:50.127045,20241122,1,S,1,S,14,DEU,49825449C,1964-01-03 18:13:50.127045,18,ZAF,162,31877,353,83,06675,H,1,61,2025-06-03 18:13:50.127045,20250603,OG006,6,16-18,1
2013,20130,30146,30146,94212889,44,1100,3,11,EP02,2,MOD03,3,106,3,1900,19,1,5,2012,101.6,2025-03-04 18:13:50.136044,20250304,0,N,1,S,27,SLV,50477358V,1977-04-28 18:13:50.136044,15,CAN,244,28749,381,100,44831,M,2,48,2025-06-03 18:13:50.136044,20250603,OG006,6,19-21,2
2023,20230,30147,30147,17927298,37,300,10,3,EP05,5,MOD01,1,12,4,2200,22,1,2,2023,10.7,2025-02-27 18:13:50.145045,20250227,1,S,1,S,39,HUN,68700217E,1997-01-17 18:13:50.145045,68,GRC,250,14039,54,8,03362,H,1,28,2025-06-03 18:13:50.145045,20250603,OG004,4,26-30,4
2019,20190,30148,30148,404729,98,1600,6,16,EP02,2,MOD03,3,70,3,100,1,4,5,2019,69.6,2024-06-11 18:13:50.154034,20240611,0,N,1,S,92,ERI,01277063B,1998-01-18 18:13:50.154034,78,GNQ,2,15766,85,8,41489,H,1,27,2025-06-03 18:13:50.154034,20250603,OG006,6,31-40,5
2015,20150,30149,30149,41178850,22,500,3,5,EP01,1,MOD01,1,57,1,4600,46,4,5,2011,38.2,2024-11-30 18:13:50.163044,20241130,1,S,1,S,23,GTM,73936385X,1984-02-25 18:13:50.163044,29,ZWE,371,43767,357,28,01889,H,1,41,2025-06-03 18:13:50.163044,20250603,OG003,3,31-40,5
2024,20240,30150,30150,29314711,49,2300,3,23,EP04,4,MOD01,1,64,2,2000,20,4,1,2022,41.5,2025-01-20 18:13:50.172045,20250120,1,S,1,S,84,BWA,88610158J,1991-12-26 18:13:50.172045,95,NLD,456,08445,225,41,39728,H,1,33,2025-06-03 18:13:50.172045,20250603,OG004,4,51-65,7
2020,20200,30151,30151,44039203,70,1800,8,18,EP01,1,MOD05,5,83,3,4100,41,3,4,2015,61.4,2025-02-05 18:13:50.181035,20250205,1,S,1,S,72,GNB,01051238T,1983-01-13 18:13:50.181035,7,AUT,436,46687,130,8,14602,H,1,42,2025-06-03 18:13:50.181035,20250603,OG004,4,51-65,7
2015,20150,30152,30152,27133023,65,1200,7,12,EP06,6,MOD01,1,95,2,1900,19,4,5,2010,42.9,2025-05-13 18:13:50.192026,20250513,1,S,1,S,17,URY,14388899F,1959-10-03 18:13:50.192026,2,COG,433,08647,334,62,11886,M,2,65,2025-06-03 18:13:50.192026,20250603,OG001,1,31-40,5
2021,20210,30153,30153,61310453,87,2200,7,22,EP01,1,MOD02,2,42,3,3200,32,5,3,2016,23.3,2024-12-16 18:13:50.202025,20241216,1,S,1,S,84,BWA,34074517V,1968-09-22 18:13:50.203029,4,CUB,117,27782,396,21,15251,H,1,56,2025-06-03 18:13:50.203029,20250603,OG001,1,51-65,7
2016,20160,30154,30154,40526484,8,1400,8,14,EP06,6,MOD03,3,103,2,1300,13,1,3,2015,18.1,2024-06-24 18:13:50.212028,20240624,0,N,1,S,93,CHL,86863375B,2000-12-07 18:13:50.212028,53,KGZ,293,47901,86,8,52818,M,2,24,2025-06-03 18:13:50.212028,20250603,OG002,2,26-30,4
2018,20180,30155,30155,48258264,15,2200,7,22,EP06,6,MOD03,3,100,1,2300,23,3,3,2013,93.5,2024-11-19 18:13:50.223041,20241119,1,S,1,S,99,KWT,70568566N,1959-11-09 18:13:50.223041,88,ESP,409,03737,217,90,46456,M,2,65,2025-06-03 18:13:50.223041,20250603,OG006,6,31-40,5
2020,20200,30156,30156,916723,1,2500,4,25,EP04,4,MOD05,5,117,3,2700,27,2,4,2016,47.5,2024-07-02 18:13:50.233040,20240702,0,N,1,S,18,ZAF,71870728Y,1988-09-29 18:13:50.233040,20,TGO,285,45464,238,62,47022,H,1,36,2025-06-03 18:13:50.233040,20250603,OG002,2,16-18,1
2017,20170,30157,30157,44039203,70,2300,3,23,EP06,6,MOD05,5,56,3,4100,41,3,3,2017,37.9,2025-05-09 18:13:50.242049,20250509,0,N,1,S,74,SRB,01051238T,1966-02-05 18:13:50.242049,20,TGO,363,02848,203,8,02171,H,1,59,2025-06-03 18:13:50.242049,20250603,OG004,4,22-25,3
2012,20120,30158,30158,91313946,51,1500,6,15,EP05,5,MOD01,1,25,1,3400,34,4,4,2011,23.4,2025-02-04 18:13:50.252050,20250204,0,N,1,S,25,PHL,61839826W,1980-03-22 18:13:50.252050,36,TUN,106,49263,419,88,30825,H,1,45,2025-06-03 18:13:50.252050,20250603,OG008,8,51-65,7
2016,20160,30159,30159,81300905,41,2300,3,23,EP02,2,MOD04,4,94,3,4900,49,3,2,2013,84.9,2025-05-18 18:13:50.261027,20250518,1,S,1,S,76,COM,14293968C,1965-04-05 18:13:50.261027,79,NAM,461,49921,176,8,05800,H,1,60,2025-06-03 18:13:50.261027,20250603,OG008,8,31-40,5
2024,20240,30160,30160,404729,98,900,10,9,EP04,4,MOD02,2,100,3,4100,41,1,3,2019,65.6,2024-08-19 18:13:50.271028,20240819,1,S,1,S,38,PAK,01277063B,1977-03-18 18:13:50.271028,74,SRB,249,11178,43,8,32021,H,1,48,2025-06-03 18:13:50.271028,20250603,OG007,7,16-18,1
2017,20170,30161,30161,29314711,49,1400,8,14,EP06,6,MOD03,3,111,3,2600,26,5,1,2015,82.9,2025-02-17 18:13:50.282032,20250217,0,N,1,S,99,KWT,88610158J,1972-03-07 18:13:50.282032,53,KGZ,50,18511,11,8,16004,H,1,53,2025-06-03 18:13:50.282032,20250603,OG004,4,DESC,10
2013,20130,30162,30162,92981826,16,1300,3,13,EP06,6,MOD04,4,110,3,1600,16,1,3,2009,95.6,2025-02-11 18:13:50.292044,20250211,1,S,1,S,68,GRC,24628733B,1992-10-05 18:13:50.292044,41,MOZ,248,05085,54,8,09262,H,1,32,2025-06-03 18:13:50.292044,20250603,OG001,1,19-21,2
2017,20170,30163,30163,35105069,13,300,10,3,EP05,5,MOD03,3,64,3,1700,17,2,1,2012,23.1,2024-07-27 18:13:50.303048,20240727,1,S,1,S,29,ZWE,95342836Q,1996-09-18 18:13:50.303048,54,MRT,422,10907,211,77,13542,M,2,28,2025-06-03 18:13:50.303048,20250603,OG007,7,NC,9
2012,20120,30164,30164,33214247,50,2900,10,29,EP03,3,MOD03,3,114,2,1300,13,1,3,2009,76.2,2025-03-24 18:13:50.314050,20250324,1,S,1,S,3,ISL,19956046G,1998-10-03 18:13:50.314050,70,BRN,21,46334,411,94,47692,M,2,26,2025-06-03 18:13:50.314050,20250603,OG008,8,31-40,5
2014,20140,30165,30165,48557943,58,2800,9,28,EP03,3,MOD03,3,71,3,400,4,1,2,2009,39.2,2024-07-05 18:13:50.323050,20240705,1,S,1,S,68,GRC,93564651F,1965-12-18 18:13:50.323050,69,TZA,290,45155,225,41,39937,H,1,59,2025-06-03 18:13:50.323050,20250603,OG002,2,22-25,3
2020,20200,30166,30166,62464258,21,2100,9,21,EP04,4,MOD05,5,19,4,800,8,1,1,2017,10.5,2024-12-18 18:13:50.332049,20241218,0,N,1,S,67,SVN,73540331Q,1970-04-13 18:13:50.332049,32,THA,15,19379,64,8,30333,H,1,55,2025-06-03 18:13:50.332049,20250603,OG007,7,19-21,2
2010,20100,30167,30167,404729,98,800,2,8,EP05,5,MOD01,1,110,4,1600,16,3,2,2009,37.6,2025-03-06 18:13:50.340058,20250306,0,N,1,S,93,CHL,01277063B,1986-08-01 18:13:50.340058,54,MRT,345,05537,152,8,28345,H,1,38,2025-06-03 18:13:50.340058,20250603,OG008,8,51-65,7
2020,20200,30168,30168,10482769,59,2900,10,29,EP06,6,MOD03,3,15,1,4400,44,5,2,2016,13.3,2025-01-21 18:13:50.349048,20250121,1,S,1,S,55,SMR,93982807T,1993-06-30 18:13:50.349048,9,ARG,15,02105,2,8,28956,H,1,31,2025-06-03 18:13:50.349048,20250603,OG005,5,DESC,10
2023,20230,30169,30169,34152669,97,200,6,2,EP03,3,MOD05,5,48,1,2200,22,5,1,2019,35.3,2024-08-11 18:13:50.359057,20240811,0,N,1,S,69,TZA,29750017T,1978-04-23 18:13:50.359057,42,SWE,259,27135,294,47,35252,M,2,47,2025-06-03 18:13:50.359057,20250603,OG005,5,DESC,10
2023,20230,30170,30170,49330907,33,2600,9,26,EP02,2,MOD04,4,112,3,1200,12,3,2,2019,36.2,2024-10-24 18:13:50.368048,20241024,0,N,1,S,55,SMR,48408621S,1979-04-03 18:13:50.368048,29,ZWE,10,52223,179,8,40674,H,1,46,2025-06-03 18:13:50.368048,20250603,OG006,6,19-21,2
2022,20220,30171,30171,27133023,65,400,4,4,EP06,6,MOD01,1,60,1,4800,48,5,1,2020,17.0,2024-07-21 18:13:50.377040,20240721,0,N,1,S,36,TUN,14388899F,1973-02-23 18:13:50.377040,48,ATG,418,28360,153,8,37392,M,2,52,2025-06-03 18:13:50.377040,20250603,OG001,1,26-30,4
2016,20160,30172,30172,63193474,46,100,10,1,EP06,6,MOD01,1,36,2,2000,20,2,4,2012,35.2,2025-04-12 18:13:50.386038,20250412,0,N,1,S,43,TWN,31142626M,1965-08-23 18:13:50.386038,1,ESP,60,40466,355,18,38294,H,1,59,2025-06-03 18:13:50.386038,20250603,OG007,7,DESC,10
2021,20210,30173,30173,48557943,58,2300,3,23,EP04,4,MOD05,5,111,4,2800,28,4,3,2020,39.6,2024-09-04 18:13:50.395057,20240904,0,N,1,S,13,MCO,93564651F,1987-05-10 18:13:50.395057,26,MNG,343,01573,35,8,47378,H,1,38,2025-06-03 18:13:50.395057,20250603,OG006,6,22-25,3
2020,20200,30174,30174,97077009,94,800,2,8,EP06,6,MOD03,3,48,3,2800,28,3,2,2018,13.4,2024-09-24 18:13:50.404058,20240924,0,N,1,S,20,TGO,84577590N,1965-08-03 18:13:50.404058,4,CUB,56,30748,237,83,21743,M,2,59,2025-06-03 18:13:50.404058,20250603,OG007,7,DESC,10
2011,20110,30175,30175,15601471,73,1400,8,14,EP05,5,MOD04,4,47,2,900,9,2,3,2006,10.5,2025-05-06 18:13:50.412056,20250506,1,S,1,S,65,KOR,79660334H,1965-11-22 18:13:50.412056,76,COM,258,14138,38,8,47618,M,2,59,2025-06-03 18:13:50.412056,20250603,OG003,3,NC,9
2012,20120,30176,30176,73717007,45,2600,9,26,EP05,5,MOD01,1,21,1,1300,13,3,2,2009,19.9,2025-05-26 18:13:50.423048,20250526,1,S,1,S,53,KGZ,66296194M,2002-03-25 18:13:50.423048,62,DMA,192,12023,89,8,09851,M,2,23,2025-06-03 18:13:50.423048,20250603,OG003,3,19-21,2
2021,20210,30177,30177,59791674,81,3000,5,30,EP01,1,MOD04,4,17,2,3600,36,3,2,2016,16.5,2025-05-27 18:13:50.433042,20250527,0,N,1,S,65,KOR,57905072L,1985-11-19 18:13:50.433042,4,CUB,241,46469,110,8,37250,M,2,39,2025-06-03 18:13:50.433042,20250603,OG007,7,19-21,2
2017,20170,30178,30178,60858653,83,2900,10,29,EP01,1,MOD02,2,66,4,3400,34,4,3,2015,64.4,2025-03-22 18:13:50.441038,20250322,0,N,1,S,2,COG,77219034F,1973-05-24 18:13:50.441038,98,COL,400,15985,15,8,46793,M,2,52,2025-06-03 18:13:50.441038,20250603,OG003,3,DESC,10
2010,20100,30179,30179,53143336,96,2700,3,27,EP05,5,MOD01,1,50,3,200,2,1,3,2010,14.1,2025-04-06 18:13:50.451043,20250406,0,N,1,S,26,MNG,37454589D,1958-04-14 18:13:50.451043,52,EST,408,14179,277,18,14974,M,2,67,2025-06-03 18:13:50.451043,20250603,OG001,1,NC,9
2010,20100,30180,30180,51482483,3,2200,7,22,EP02,2,MOD02,2,12,4,1200,12,3,3,2007,12.0,2024-08-21 18:13:50.460050,20240821,1,S,0,N,1,ESP,64039106E,2000-06-29 18:13:50.460050,54,MRT,67,32386,100,8,26299,H,1,24,2025-06-03 18:13:50.460050,20250603,OG003,3,>65,8
2012,20120,30181,30181,27133023,65,800,2,8,EP06,6,MOD05,5,120,3,4300,43,5,2,2011,80.6,2025-03-08 18:13:50.469058,20250308,0,N,1,S,71,LSO,14388899F,1972-10-25 18:13:50.469058,19,CMR,97,35686,43,8,51646,M,2,52,2025-06-03 18:13:50.469058,20250603,OG003,3,16-18,1
2017,20170,30182,30182,29246218,99,3000,5,30,EP06,6,MOD05,5,86,4,4500,45,5,5,2017,17.7,2024-08-23 18:13:50.478058,20240823,0,N,1,S,41,MOZ,24241541R,1979-02-27 18:13:50.478058,59,BRA,148,25980,433,43,44114,M,2,46,2025-06-03 18:13:50.478058,20250603,OG002,2,DESC,10
2014,20140,30183,30183,78176558,9,500,3,5,EP02,2,MOD03,3,53,1,1000,10,3,3,2009,48.6,2025-03-08 18:13:50.486596,20250308,0,N,1,S,81,EGY,24310690N,1990-04-13 18:13:50.486596,17,URY,188,37461,171,8,18480,H,1,35,2025-06-03 18:13:50.486596,20250603,OG004,4,31-40,5
2012,20120,30184,30184,59961498,55,3000,5,30,EP01,1,MOD03,3,75,1,2900,29,5,4,2011,31.1,2024-10-27 18:13:50.495715,20241027,1,S,1,S,47,PRT,24065965F,1997-02-19 18:13:50.495715,56,LIE,270,35778,89,8,18524,M,2,28,2025-06-03 18:13:50.495715,20250603,OG004,4,22-25,3
2015,20150,30185,30185,97077009,94,200,6,2,EP05,5,MOD05,5,118,3,4300,43,4,2,2013,99.1,2024-12-03 18:13:50.504716,20241203,0,N,1,S,69,TZA,84577590N,1968-05-05 18:13:50.504716,15,CAN,214,18477,478,91,08524,M,2,57,2025-06-03 18:13:50.504716,20250603,OG002,2,26-30,4
2014,20140,30186,30186,20560218,39,2100,9,21,EP01,1,MOD03,3,79,1,200,2,5,3,2011,73.9,2025-03-02 18:13:50.512715,20250302,0,N,1,S,100,VUT,97401489P,1973-07-25 18:13:50.512715,10,VCT,495,34011,344,55,39402,H,1,51,2025-06-03 18:13:50.512715,20250603,OG008,8,16-18,1
2022,20220,30187,30187,90297353,92,1000,8,10,EP06,6,MOD05,5,102,3,3000,30,2,4,2019,96.0,2025-01-10 18:13:50.521716,20250110,0,N,1,S,68,GRC,23253672M,1974-02-26 18:13:50.521716,88,ESP,347,35582,269,44,13072,H,1,51,2025-06-03 18:13:50.522709,20250603,OG006,6,>65,8
2019,20190,30188,30188,15759274,30,3000,5,30,EP03,3,MOD02,2,107,2,300,3,5,5,2017,10.1,2024-12-25 18:13:50.531699,20241225,1,S,1,S,15,CAN,06231203C,1966-11-10 18:13:50.531699,9,ARG,450,05506,459,85,46314,M,2,58,2025-06-03 18:13:50.531699,20250603,OG006,6,DESC,10
2014,20140,30189,30189,29246218,99,2800,9,28,EP02,2,MOD03,3,17,3,1100,11,2,4,2013,17.0,2025-05-09 18:13:50.540707,20250509,1,S,1,S,83,BEL,24241541R,1957-02-20 18:13:50.540707,60,RUS,204,45978,293,43,16623,M,2,68,2025-06-03 18:13:50.540707,20250603,OG002,2,31-40,5
2018,20180,30190,30190,96223100,76,2600,9,26,EP01,1,MOD01,1,55,2,800,8,3,4,2014,53.8,2025-01-04 18:13:50.549706,20250104,1,S,1,S,81,EGY,96915579L,1982-10-05 18:13:50.549706,98,COL,380,01199,456,80,37168,H,1,42,2025-06-03 18:13:50.549706,20250603,OG007,7,DESC,10
2023,20230,30191,30191,21436829,23,300,10,3,EP03,3,MOD04,4,26,1,2700,27,1,1,2022,17.6,2025-02-23 18:13:50.559262,20250223,0,N,1,S,74,SRB,46785445H,1971-04-18 18:13:50.559262,30,HND,337,22688,265,36,30533,M,2,54,2025-06-03 18:13:50.559262,20250603,OG004,4,41-50,6
2017,20170,30192,30192,90297353,92,1000,8,10,EP01,1,MOD03,3,49,3,4500,45,4,2,2012,32.0,2024-12-11 18:13:50.568256,20241211,1,S,1,S,43,TWN,23253672M,1970-09-13 18:13:50.568256,73,GHA,442,01496,149,8,37924,H,1,54,2025-06-03 18:13:50.568256,20250603,OG001,1,26-30,4
2023,20230,30193,30193,53143336,96,400,4,4,EP05,5,MOD02,2,104,1,1400,14,4,1,2023,52.9,2024-08-26 18:13:50.577268,20240826,1,S,1,S,51,AND,37454589D,1990-09-12 18:13:50.577268,43,TWN,137,25502,41,8,03506,M,2,34,2025-06-03 18:13:50.577268,20250603,OG003,3,NC,9
2020,20200,30194,30194,96223100,76,1700,6,17,EP06,6,MOD04,4,54,3,1200,12,3,5,2019,32.0,2024-08-29 18:13:50.586250,20240829,0,N,1,S,34,AUS,96915579L,1992-07-26 18:13:50.586250,93,CHL,83,07952,210,59,29634,H,1,32,2025-06-03 18:13:50.586250,20250603,OG007,7,19-21,2
2010,20100,30195,30195,75721444,60,1700,6,17,EP05,5,MOD04,4,60,3,3700,37,1,2,2008,47.3,2025-04-21 18:13:50.595259,20250421,1,S,1,S,93,CHL,37416724W,1986-01-05 18:13:50.595259,25,PHL,277,45110,21,8,34932,M,2,39,2025-06-03 18:13:50.595259,20250603,OG003,3,NC,9
2012,20120,30196,30196,87735896,14,1500,6,15,EP04,4,MOD04,4,75,1,1300,13,5,1,2012,18.3,2024-10-14 18:13:50.604269,20241014,1,S,1,S,38,PAK,44089268Q,1986-05-04 18:13:50.604269,17,URY,13,45551,228,36,39287,M,2,39,2025-06-03 18:13:50.604269,20250603,OG006,6,NC,9
2020,20200,30197,30197,2921981,95,1400,8,14,EP02,2,MOD05,5,10,4,3700,37,5,5,2016,10.0,2024-06-26 18:13:50.613263,20240626,0,N,1,S,50,NZL,17518636L,1957-11-28 18:13:50.613263,89,KEN,435,04345,320,13,34144,M,2,67,2025-06-03 18:13:50.613263,20250603,OG004,4,41-50,6
2020,20200,30198,30198,61310453,87,1900,7,19,EP01,1,MOD03,3,113,2,800,8,5,1,2016,77.1,2025-05-13 18:13:50.622259,20250513,1,S,1,S,97,GAB,34074517V,1996-12-10 18:13:50.622259,12,ITA,109,51037,127,8,31259,H,1,28,2025-06-03 18:13:50.622259,20250603,OG003,3,51-65,7
2013,20130,30199,30199,61066203,40,2700,3,27,EP05,5,MOD01,1,12,3,4600,46,2,3,2010,11.9,2025-03-27 18:13:50.631262,20250327,1,S,1,S,26,MNG,02503926P,2001-08-31 18:13:50.631262,26,MNG,422,11522,330,2,28575,M,2,23,2025-06-03 18:13:50.631262,20250603,OG008,8,19-21,2
2023,20230,30200,30200,72029307,67,2700,3,27,EP03,3,MOD03,3,31,2,1800,18,5,3,2018,29.6,2024-10-17 18:13:50.640268,20241017,0,N,1,S,19,CMR,50714611W,1966-10-19 18:13:50.640268,71,LSO,410,18185,185,8,18597,H,1,58,2025-06-03 18:13:50.640268,20250603,OG006,6,22-25,3
2021,20210,30201,30201,92083242,25,2800,9,28,EP06,6,MOD03,3,66,1,700,7,2,4,2020,53.7,2024-08-31 18:13:50.648262,20240831,0,N,1,S,25,PHL,56093204E,1978-10-14 18:13:50.648262,34,AUS,335,43152,38,8,44543,H,1,46,2025-06-03 18:13:50.648262,20250603,OG001,1,NC,9
2024,20240,30202,30202,17709269,84,1200,7,12,EP02,2,MOD04,4,102,4,1800,18,1,1,2023,65.5,2024-10-31 18:13:50.657259,20241031,1,S,1,S,61,CHN,04384279L,1960-12-21 18:13:50.657259,1,ESP,309,40452,400,73,24849,H,1,64,2025-06-03 18:13:50.657259,20250603,OG008,8,19-21,2
2010,20100,30203,30203,87735896,14,800,2,8,EP04,4,MOD01,1,14,2,1600,16,4,1,2007,12.5,2024-09-22 18:13:50.668269,20240922,1,S,1,S,18,ZAF,44089268Q,1982-05-11 18:13:50.668269,32,THA,40,52525,16,8,03848,M,2,43,2025-06-03 18:13:50.668269,20250603,OG003,3,NC,9
2011,20110,30204,30204,31611127,4,700,5,7,EP02,2,MOD01,1,42,3,500,5,2,1,2008,41.5,2024-08-30 18:13:50.677256,20240830,1,S,1,S,60,RUS,51801704T,1973-02-27 18:13:50.677256,27,SLV,148,42782,196,8,41189,H,1,52,2025-06-03 18:13:50.677256,20250603,OG001,1,DESC,10
2020,20200,30205,30205,48557943,58,1200,7,12,EP01,1,MOD04,4,83,4,200,2,4,2,2015,15.3,2025-02-01 18:13:50.685104,20250201,1,S,1,S,63,UZB,93564651F,1987-09-15 18:13:50.686103,89,KEN,203,10684,216,22,09194,H,1,37,2025-06-03 18:13:50.686103,20250603,OG005,5,DESC,10
2011,20110,30206,30206,75721444,60,2600,9,26,EP06,6,MOD05,5,117,4,3000,30,3,4,2010,56.7,2024-11-17 18:13:50.694113,20241117,0,N,1,S,91,QAT,37416724W,1993-01-26 18:13:50.694113,91,QAT,463,51966,387,89,03965,M,2,32,2025-06-03 18:13:50.694113,20250603,OG005,5,51-65,7
2020,20200,30207,30207,39599276,32,900,10,9,EP04,4,MOD04,4,111,3,600,6,5,4,2019,32.1,2024-07-29 18:13:50.703211,20240729,1,S,1,S,30,HND,00886008W,1995-11-10 18:13:50.703211,45,NOR,278,30648,7,8,02906,M,2,29,2025-06-03 18:13:50.703211,20250603,OG008,8,26-30,4
2011,20110,30208,30208,33214247,50,2400,5,24,EP04,4,MOD05,5,50,4,600,6,3,5,2007,12.8,2024-08-03 18:13:50.711563,20240803,0,N,1,S,57,MLI,19956046G,1983-04-05 18:13:50.711563,53,KGZ,363,08861,211,77,12706,M,2,42,2025-06-03 18:13:50.711563,20250603,OG008,8,31-40,5
2024,20240,30209,30209,92981826,16,600,9,6,EP05,5,MOD02,2,15,2,4600,46,4,4,2019,12.1,2024-11-30 18:13:50.720216,20241130,0,N,1,S,77,NGA,24628733B,1978-11-11 18:13:50.720216,21,VNM,380,31622,351,17,03147,H,1,46,2025-06-03 18:13:50.720216,20250603,OG002,2,26-30,4
2020,20200,30210,30210,75721444,60,2600,9,26,EP05,5,MOD02,2,20,2,1500,15,2,2,2016,12.1,2024-06-13 18:13:50.729201,20240613,1,S,1,S,38,PAK,37416724W,1972-10-03 18:13:50.729201,60,RUS,215,30004,440,16,51825,M,2,52,2025-06-03 18:13:50.729201,20250603,OG001,1,26-30,4
2012,20120,30211,30211,2921981,95,500,3,5,EP04,4,MOD02,2,81,2,2200,22,2,4,2011,46.1,2024-11-28 18:13:50.738203,20241128,1,S,1,S,60,RUS,17518636L,1965-06-23 18:13:50.738203,38,PAK,287,13053,320,13,19385,M,2,59,2025-06-03 18:13:50.738203,20250603,OG007,7,>65,8
2017,20170,30212,30212,70890196,56,1800,8,18,EP03,3,MOD01,1,29,4,1500,15,5,3,2012,22.7,2025-04-28 18:13:50.746211,20250428,1,S,1,S,20,TGO,75692459B,1992-12-28 18:13:50.746211,52,EST,16,48726,453,66,04706,H,1,32,2025-06-03 18:13:50.746211,20250603,OG006,6,22-25,3
2015,20150,30213,30213,97077009,94,800,2,8,EP01,1,MOD04,4,94,4,1500,15,1,2,2014,77.6,2024-07-12 18:13:50.755211,20240712,1,S,1,S,58,BGR,84577590N,2000-07-26 18:13:50.755211,5,SWZ,488,28793,115,8,20388,M,2,24,2025-06-03 18:13:50.755211,20250603,OG006,6,22-25,3
2015,20150,30214,30214,50147077,42,300,10,3,EP01,1,MOD02,2,31,1,4400,44,4,2,2013,12.6,2025-03-02 18:13:50.764216,20250302,1,S,1,S,49,BIH,56218501S,1988-07-31 18:13:50.764216,68,GRC,393,46332,300,83,14037,H,1,36,2025-06-03 18:13:50.765224,20250603,OG002,2,DESC,10
2016,20160,30215,30215,29246218,99,2400,5,24,EP01,1,MOD01,1,119,1,3900,39,4,1,2011,80.4,2024-11-18 18:13:50.773230,20241118,0,N,0,N,1,ESP,24241541R,1972-04-04 18:13:50.773230,95,NLD,38,19579,309,39,22949,M,2,53,2025-06-03 18:13:50.773230,20250603,OG001,1,16-18,1
2014,20140,30216,30216,35835371,6,700,5,7,EP05,5,MOD05,5,82,1,2400,24,3,5,2013,27.2,2024-12-30 18:13:50.784231,20241230,1,S,1,S,87,MWI,61825128R,1969-02-21 18:13:50.784231,16,BLR,352,15517,186,8,24772,H,1,56,2025-06-03 18:13:50.785222,20250603,OG001,1,19-21,2
2017,20170,30217,30217,64180488,38,2200,7,22,EP05,5,MOD03,3,10,2,3700,37,4,3,2016,10.0,2024-10-19 18:13:50.793221,20241019,0,N,1,S,23,GTM,65918033X,1996-07-24 18:13:50.793221,35,IRQ,127,26434,218,5,21334,M,2,28,2025-06-03 18:13:50.793221,20250603,OG004,4,31-40,5
2022,20220,30218,30218,87735896,14,800,2,8,EP06,6,MOD04,4,91,3,2300,23,4,1,2020,21.8,2025-05-03 18:13:50.803231,20250503,0,N,1,S,3,ISL,44089268Q,1979-07-20 18:13:50.803231,28,KAZ,240,36023,63,8,48790,M,2,45,2025-06-03 18:13:50.803231,20250603,OG006,6,DESC,10
2016,20160,30219,30219,35002007,2,1200,7,12,EP05,5,MOD04,4,18,2,1600,16,4,5,2012,15.5,2025-05-21 18:13:50.812343,20250521,1,S,1,S,33,LBR,67908740K,1970-06-29 18:13:50.812343,69,TZA,409,02848,443,34,30064,H,1,54,2025-06-03 18:13:50.812343,20250603,OG006,6,>65,8
2012,20120,30220,30220,44039203,70,2300,3,23,EP01,1,MOD05,5,115,2,4400,44,1,4,2010,75.9,2024-09-29 18:13:50.821231,20240929,1,S,1,S,7,AUT,01051238T,1997-05-18 18:13:50.821231,60,RUS,275,27302,259,36,01511,H,1,28,2025-06-03 18:13:50.821231,20250603,OG001,1,DESC,10
2010,20100,30221,30221,35002007,2,2600,9,26,EP03,3,MOD01,1,60,4,3000,30,1,3,2005,17.6,2025-04-13 18:13:50.830225,20250413,1,S,1,S,89,KEN,67908740K,1958-05-27 18:13:50.830225,76,COM,83,18446,343,55,21242,H,1,67,2025-06-03 18:13:50.830225,20250603,OG007,7,DESC,10
2017,20170,30222,30222,69839059,71,1400,8,14,EP03,3,MOD01,1,92,1,3700,37,3,3,2014,56.1,2024-09-28 18:13:50.839241,20240928,1,S,1,S,63,UZB,28258673E,1968-11-11 18:13:50.839241,6,UKR,34,11109,362,18,25449,H,1,56,2025-06-03 18:13:50.839241,20250603,OG004,4,19-21,2
2019,20190,30223,30223,92981826,16,2500,4,25,EP01,1,MOD01,1,92,3,3900,39,3,3,2015,66.0,2024-07-13 18:13:50.848224,20240713,0,N,1,S,58,BGR,24628733B,1998-10-26 18:13:50.848224,15,CAN,402,29620,108,8,26466,H,1,26,2025-06-03 18:13:50.848224,20250603,OG004,4,26-30,4
2022,20220,30224,30224,69839059,71,300,10,3,EP01,1,MOD02,2,95,3,1800,18,4,3,2020,75.5,2025-03-13 18:13:50.856231,20250313,1,S,1,S,26,MNG,28258673E,1963-05-24 18:13:50.856231,75,PRY,43,39621,450,42,19187,H,1,62,2025-06-03 18:13:50.856231,20250603,OG002,2,22-25,3
2020,20200,30225,30225,21436829,23,2100,9,21,EP06,6,MOD05,5,66,1,3600,36,3,5,2019,26.1,2025-05-31 18:13:50.865222,20250531,1,S,1,S,53,KGZ,46785445H,1985-11-30 18:13:50.865222,5,SWZ,5,10324,173,8,45137,M,2,39,2025-06-03 18:13:50.865222,20250603,OG002,2,31-40,5
2024,20240,30226,30226,94429826,27,2100,9,21,EP05,5,MOD01,1,27,2,900,9,2,2,2024,23.9,2024-08-01 18:13:50.874232,20240801,1,S,1,S,99,KWT,36937854S,1983-05-25 18:13:50.874232,33,LBR,373,43605,406,20,04637,M,2,42,2025-06-03 18:13:50.874232,20250603,OG002,2,16-18,1
2022,20220,30227,30227,68886959,85,2600,9,26,EP02,2,MOD05,5,14,2,200,2,1,1,2022,11.4,2024-08-14 18:13:50.883230,20240814,1,S,1,S,100,VUT,78819148B,1984-02-04 18:13:50.883230,63,UZB,175,14354,162,8,09106,H,1,41,2025-06-03 18:13:50.883230,20250603,OG004,4,51-65,7
2017,20170,30228,30228,87735896,14,1200,7,12,EP04,4,MOD02,2,83,4,2500,25,5,5,2015,59.4,2024-09-12 18:13:50.894223,20240912,0,N,1,S,32,THA,44089268Q,1983-02-23 18:13:50.894223,24,BLZ,81,05586,366,62,50081,M,2,42,2025-06-03 18:13:50.894223,20250603,OG004,4,22-25,3
2017,20170,30229,30229,41178850,22,1000,8,10,EP04,4,MOD02,2,77,3,2000,20,2,1,2014,41.7,2024-09-07 18:13:50.904235,20240907,1,S,1,S,19,CMR,73936385X,1988-11-17 18:13:50.904235,36,TUN,6,10728,203,8,32191,H,1,36,2025-06-03 18:13:50.904235,20250603,OG004,4,>65,8
2014,20140,30230,30230,97023650,10,2300,3,23,EP03,3,MOD03,3,42,3,3800,38,3,2,2012,23.8,2025-03-20 18:13:50.912221,20250320,1,S,1,S,32,THA,33119079E,1961-02-09 18:13:50.912221,69,TZA,494,12009,302,38,07146,H,1,64,2025-06-03 18:13:50.912221,20250603,OG006,6,>65,8
2024,20240,30231,30231,35105069,13,1400,8,14,EP05,5,MOD02,2,88,1,1900,19,5,3,2021,46.5,2024-11-30 18:13:50.947221,20241130,0,N,1,S,36,TUN,95342836Q,1979-07-10 18:13:50.948235,68,GRC,333,20373,445,11,50975,M,2,45,2025-06-03 18:13:50.948235,20250603,OG002,2,NC,9
2014,20140,30232,30232,29246218,99,2800,9,28,EP05,5,MOD03,3,41,1,100,1,1,5,2012,12.8,2025-03-31 18:13:50.956230,20250331,0,N,1,S,14,DEU,24241541R,1959-04-30 18:13:50.956230,52,EST,237,39324,96,8,39157,M,2,66,2025-06-03 18:13:50.956230,20250603,OG004,4,22-25,3
2022,20220,30233,30233,15601471,73,1500,6,15,EP03,3,MOD04,4,111,3,1600,16,3,5,2018,50.0,2025-02-20 18:13:50.965222,20250220,0,N,1,S,71,LSO,79660334H,1978-08-14 18:13:50.965222,69,TZA,176,17380,39,8,23021,M,2,46,2025-06-03 18:13:50.965222,20250603,OG002,2,26-30,4
2014,20140,30234,30234,72144402,47,500,3,5,EP02,2,MOD05,5,102,1,3600,36,4,1,2013,26.8,2024-07-01 18:13:50.974231,20240701,0,N,1,S,71,LSO,55110475Z,1976-08-09 18:13:50.974231,46,MDV,462,09914,32,8,35802,M,2,48,2025-06-03 18:13:50.974231,20250603,OG006,6,>65,8
2014,20140,30235,30235,81300905,41,100,10,1,EP01,1,MOD04,4,61,2,600,6,1,5,2013,56.6,2025-04-18 18:13:50.983288,20250418,0,N,1,S,69,TZA,14293968C,1968-07-25 18:13:50.983288,42,SWE,459,44639,319,5,31275,H,1,56,2025-06-03 18:13:50.983288,20250603,OG002,2,22-25,3
2024,20240,30236,30236,62464258,21,200,6,2,EP03,3,MOD01,1,98,3,2100,21,5,5,2021,34.8,2025-06-01 18:13:50.992249,20250601,0,N,1,S,89,KEN,73540331Q,1968-11-02 18:13:50.992249,92,ERI,262,01427,102,8,28667,H,1,56,2025-06-03 18:13:50.992249,20250603,OG007,7,19-21,2
2021,20210,30237,30237,35835371,6,1600,6,16,EP02,2,MOD05,5,23,1,1100,11,3,4,2019,21.7,2025-03-01 18:13:51.001230,20250301,0,N,1,S,32,THA,61825128R,1978-07-29 18:13:51.001230,21,VNM,101,52519,394,38,29075,H,1,46,2025-06-03 18:13:51.001230,20250603,OG005,5,>65,8
2023,20230,30238,30238,39599276,32,1700,6,17,EP06,6,MOD01,1,38,1,600,6,1,5,2018,21.8,2025-03-14 18:13:51.009231,20250314,1,S,1,S,41,MOZ,00886008W,1992-10-24 18:13:51.009231,94,UGA,34,07640,369,6,51309,M,2,32,2025-06-03 18:13:51.009231,20250603,OG007,7,51-65,7
2024,20240,30239,30239,41178850,22,1700,6,17,EP01,1,MOD05,5,48,4,1300,13,4,1,2022,46.5,2025-03-29 18:13:51.019217,20250329,1,S,1,S,77,NGA,73936385X,1994-09-25 18:13:51.019217,78,GNQ,323,07013,197,8,32190,H,1,30,2025-06-03 18:13:51.019217,20250603,OG001,1,16-18,1
2016,20160,30240,30240,54414096,24,400,4,4,EP01,1,MOD03,3,47,4,2100,21,4,1,2016,29.9,2024-11-14 18:13:51.028217,20241114,0,N,1,S,27,SLV,87717535C,1973-09-09 18:13:51.028217,52,EST,444,18355,107,8,47243,H,1,51,2025-06-03 18:13:51.028217,20250603,OG006,6,DESC,10
2017,20170,30241,30241,34152669,97,900,10,9,EP03,3,MOD05,5,43,2,3700,37,3,5,2012,23.8,2025-05-31 18:13:51.037231,20250531,1,S,1,S,25,PHL,29750017T,1986-03-28 18:13:51.037231,19,CMR,172,03303,62,8,52072,M,2,39,2025-06-03 18:13:51.037231,20250603,OG002,2,51-65,7
2024,20240,30242,30242,61310453,87,2300,3,23,EP03,3,MOD01,1,61,3,4500,45,3,1,2019,30.1,2024-07-27 18:13:51.046231,20240727,1,S,1,S,95,NLD,34074517V,1963-01-10 18:13:51.046231,8,HTI,368,09473,319,5,19977,H,1,62,2025-06-03 18:13:51.046231,20250603,OG002,2,26-30,4
2024,20240,30243,30243,59791674,81,700,5,7,EP05,5,MOD02,2,75,1,2400,24,2,3,2019,32.4,2024-12-12 18:13:51.055230,20241212,1,S,1,S,29,ZWE,57905072L,2000-03-03 18:13:51.055230,82,PAN,120,11442,404,36,20680,M,2,25,2025-06-03 18:13:51.055230,20250603,OG008,8,51-65,7
2018,20180,30244,30244,62464258,21,1200,7,12,EP02,2,MOD01,1,94,2,400,4,4,5,2014,74.6,2024-11-16 18:13:51.064254,20241116,1,S,1,S,86,BHR,73540331Q,1972-03-31 18:13:51.064254,40,TUV,400,18636,414,7,31741,H,1,53,2025-06-03 18:13:51.064254,20250603,OG001,1,19-21,2
2020,20200,30245,30245,97077009,94,2700,3,27,EP01,1,MOD02,2,120,2,1100,11,1,1,2019,111.7,2024-08-06 18:13:51.073768,20240806,1,S,1,S,66,CAF,84577590N,1978-02-23 18:13:51.073768,75,PRY,98,52386,43,8,14778,M,2,47,2025-06-03 18:13:51.073768,20250603,OG005,5,NC,9
2016,20160,30246,30246,63193474,46,400,4,4,EP03,3,MOD03,3,14,4,3400,34,1,2,2012,13.7,2024-10-18 18:13:51.082664,20241018,0,N,1,S,58,BGR,31142626M,1979-04-16 18:13:51.082664,12,ITA,287,27177,255,72,08028,H,1,46,2025-06-03 18:13:51.082664,20250603,OG005,5,DESC,10
2016,20160,30247,30247,75721444,60,2100,9,21,EP03,3,MOD03,3,70,4,3300,33,1,5,2014,43.1,2025-04-24 18:13:51.091690,20250424,1,S,1,S,63,UZB,37416724W,1997-08-10 18:13:51.091690,68,GRC,34,25015,182,8,50990,M,2,27,2025-06-03 18:13:51.091690,20250603,OG008,8,41-50,6
2022,20220,30248,30248,48557943,58,1200,7,12,EP03,3,MOD02,2,71,1,3000,30,3,3,2022,13.0,2024-12-27 18:13:51.100298,20241227,1,S,1,S,78,GNQ,93564651F,1963-10-06 18:13:51.100298,18,ZAF,408,34548,176,8,12047,H,1,61,2025-06-03 18:13:51.100298,20250603,OG001,1,DESC,10
2013,20130,30249,30249,61066203,40,3000,5,30,EP04,4,MOD05,5,90,3,2000,20,4,2,2010,17.6,2025-01-22 18:13:51.110295,20250122,0,N,1,S,49,BIH,02503926P,1958-03-05 18:13:51.110295,30,HND,53,25289,462,93,26164,M,2,67,2025-06-03 18:13:51.110295,20250603,OG001,1,DESC,10
2013,20130,30250,30250,64180488,38,2500,4,25,EP06,6,MOD05,5,120,4,2200,22,1,1,2012,61.7,2025-02-28 18:13:51.121307,20250228,0,N,1,S,30,HND,65918033X,1992-05-16 18:13:51.121307,47,PRT,116,49672,108,8,50101,M,2,33,2025-06-03 18:13:51.121307,20250603,OG007,7,22-25,3
2021,20210,30251,30251,44241559,7,1200,7,12,EP01,1,MOD02,2,22,3,100,1,5,4,2016,17.0,2025-01-31 18:13:51.134295,20250131,1,S,1,S,20,TGO,68230047H,1981-10-29 18:13:51.134295,12,ITA,226,28478,105,8,41310,M,2,43,2025-06-03 18:13:51.134295,20250603,OG006,6,22-25,3
2018,20180,30252,30252,1534878,12,100,10,1,EP06,6,MOD01,1,25,2,300,3,1,5,2016,24.3,2024-11-25 18:13:51.144289,20241125,1,S,1,S,56,LIE,02843959D,1975-04-30 18:13:51.144289,74,SRB,221,45563,23,8,17281,H,1,50,2025-06-03 18:13:51.144289,20250603,OG001,1,41-50,6
2017,20170,30253,30253,21436829,23,1000,8,10,EP05,5,MOD03,3,39,4,3900,39,4,2,2017,24.5,2024-07-13 18:13:51.155292,20240713,1,S,1,S,7,AUT,46785445H,1972-04-24 18:13:51.155292,32,THA,260,52348,409,29,46601,M,2,53,2025-06-03 18:13:51.155292,20250603,OG004,4,31-40,5
2019,20190,30254,30254,73504237,63,1000,8,10,EP01,1,MOD04,4,16,1,400,4,4,5,2015,15.8,2025-04-03 18:13:51.167296,20250403,0,N,1,S,54,MRT,58911352A,1960-06-05 18:13:51.167296,70,BRN,374,21992,220,11,19605,H,1,65,2025-06-03 18:13:51.167296,20250603,OG001,1,41-50,6
2013,20130,30255,30255,15601471,73,2200,7,22,EP01,1,MOD04,4,17,4,2300,23,5,5,2008,13.9,2025-01-08 18:13:51.177299,20250108,1,S,1,S,86,BHR,79660334H,1999-10-02 18:13:51.177299,95,NLD,158,07103,323,69,40715,M,2,25,2025-06-03 18:13:51.177299,20250603,OG003,3,41-50,6
2018,20180,30256,30256,72029307,67,1000,8,10,EP02,2,MOD05,5,82,2,4400,44,2,2,2018,50.0,2025-01-18 18:13:51.187288,20250118,0,N,1,S,43,TWN,50714611W,2002-03-05 18:13:51.187288,53,KGZ,25,50435,34,8,10889,H,1,23,2025-06-03 18:13:51.187288,20250603,OG004,4,>65,8
2011,20110,30257,30257,59959826,5,2900,10,29,EP03,3,MOD02,2,37,1,600,6,3,1,2008,27.2,2025-01-12 18:13:51.199291,20250112,1,S,1,S,49,BIH,62265676F,1963-12-19 18:13:51.199291,32,THA,138,29934,11,8,42308,M,2,61,2025-06-03 18:13:51.199291,20250603,OG003,3,31-40,5
2016,20160,30258,30258,59791674,81,2900,10,29,EP04,4,MOD02,2,84,4,1300,13,4,4,2014,23.8,2024-06-11 18:13:51.211292,20240611,0,N,1,S,67,SVN,57905072L,1973-10-05 18:13:51.211292,73,GHA,285,38230,147,8,36880,M,2,51,2025-06-03 18:13:51.211292,20250603,OG007,7,26-30,4
2018,20180,30259,30259,82493631,34,2400,5,24,EP04,4,MOD02,2,85,1,2300,23,2,1,2014,50.0,2024-09-04 18:13:51.224294,20240904,1,S,1,S,35,IRQ,18233984K,1985-01-31 18:13:51.224294,48,ATG,70,26190,126,8,47730,M,2,40,2025-06-03 18:13:51.224294,20250603,OG006,6,NC,9
2016,20160,30260,30260,55757342,86,300,10,3,EP06,6,MOD04,4,54,4,1100,11,1,2,2014,41.4,2025-05-10 18:13:51.234295,20250510,0,N,1,S,92,ERI,58078361A,1977-11-28 18:13:51.234295,7,AUT,466,42392,229,58,15264,H,1,47,2025-06-03 18:13:51.234295,20250603,OG001,1,22-25,3
2020,20200,30261,30261,41738753,28,1600,6,16,EP03,3,MOD01,1,43,2,1400,14,4,1,2015,19.0,2025-01-04 18:13:51.245289,20250104,1,S,1,S,100,VUT,77725228V,1995-10-03 18:13:51.245289,4,CUB,206,31211,135,8,05364,M,2,29,2025-06-03 18:13:51.245289,20250603,OG007,7,41-50,6
2011,20110,30262,30262,8338186,18,500,3,5,EP02,2,MOD03,3,12,3,1000,10,4,5,2008,10.3,2024-08-16 18:13:51.256291,20240816,1,S,1,S,9,ARG,82634351C,1990-11-11 18:13:51.256291,18,ZAF,96,11265,374,12,23302,H,1,34,2025-06-03 18:13:51.256291,20250603,OG005,5,16-18,1
2011,20110,30263,30263,94457890,57,1000,8,10,EP05,5,MOD03,3,38,3,500,5,3,5,2006,26.5,2024-09-15 18:13:51.266290,20240915,0,N,1,S,22,FIN,37526547T,1969-04-05 18:13:51.266290,63,UZB,466,07502,158,8,40677,H,1,56,2025-06-03 18:13:51.266290,20250603,OG004,4,26-30,4
2021,20210,30264,30264,89628735,19,2100,9,21,EP06,6,MOD02,2,87,4,2800,28,4,5,2019,46.9,2025-05-06 18:13:51.275290,20250506,0,N,1,S,68,GRC,75183046W,1971-09-13 18:13:51.275290,95,NLD,406,18025,134,8,01268,H,1,53,2025-06-03 18:13:51.275290,20250603,OG008,8,41-50,6
2012,20120,30265,30265,61310453,87,1800,8,18,EP06,6,MOD01,1,64,4,5000,50,3,1,2007,28.7,2024-07-03 18:13:51.285293,20240703,0,N,1,S,55,SMR,34074517V,1991-10-13 18:13:51.285293,58,BGR,296,09370,277,18,44846,H,1,33,2025-06-03 18:13:51.285293,20250603,OG007,7,31-40,5
2013,20130,30266,30266,61310453,87,400,4,4,EP02,2,MOD02,2,105,3,900,9,4,1,2009,98.2,2025-02-25 18:13:51.295290,20250225,1,S,1,S,22,FIN,34074517V,1969-01-02 18:13:51.295290,50,NZL,17,13213,152,8,21913,H,1,56,2025-06-03 18:13:51.295290,20250603,OG003,3,26-30,4
2022,20220,30267,30267,27568520,75,1600,6,16,EP01,1,MOD04,4,66,4,3700,37,5,3,2017,14.9,2024-09-20 18:13:51.305851,20240920,0,N,1,S,72,GNB,71478596R,1960-07-01 18:13:51.305851,19,CMR,166,19387,12,8,41359,M,2,64,2025-06-03 18:13:51.305851,20250603,OG004,4,>65,8
2014,20140,30268,30268,72144402,47,1400,8,14,EP05,5,MOD01,1,114,2,2700,27,2,5,2013,69.9,2024-09-27 18:13:51.315856,20240927,0,N,1,S,37,SLB,55110475Z,1992-12-06 18:13:51.315856,24,BLZ,14,51169,212,81,21287,M,2,32,2025-06-03 18:13:51.316855,20250603,OG006,6,31-40,5
2022,20220,30269,30269,97077009,94,2300,3,23,EP06,6,MOD04,4,59,3,3800,38,2,5,2019,37.7,2024-09-03 18:13:51.325856,20240903,1,S,1,S,72,GNB,84577590N,1972-09-14 18:13:51.325856,51,AND,113,02832,286,42,21931,M,2,52,2025-06-03 18:13:51.325856,20250603,OG008,8,31-40,5
2013,20130,30270,30270,15601471,73,1500,6,15,EP04,4,MOD01,1,51,2,1300,13,3,2,2009,23.3,2025-03-23 18:13:51.336855,20250323,1,S,1,S,86,BHR,79660334H,1969-09-24 18:13:51.336855,8,HTI,498,30059,245,67,44286,M,2,55,2025-06-03 18:13:51.336855,20250603,OG007,7,16-18,1
2018,20180,30271,30271,69839059,71,200,6,2,EP03,3,MOD04,4,28,1,700,7,5,3,2018,22.9,2025-02-27 18:13:51.348860,20250227,1,S,1,S,51,AND,28258673E,2002-12-26 18:13:51.348860,37,SLB,36,43488,375,10,40203,H,1,22,2025-06-03 18:13:51.348860,20250603,OG003,3,>65,8
2013,20130,30272,30272,68886959,85,2400,5,24,EP01,1,MOD02,2,45,2,3700,37,5,3,2008,39.1,2024-08-19 18:13:51.358856,20240819,0,N,1,S,76,COM,78819148B,1986-08-20 18:13:51.359859,61,CHN,62,12639,446,65,31767,H,1,38,2025-06-03 18:13:51.359859,20250603,OG004,4,51-65,7
2014,20140,30273,30273,55813853,43,2800,9,28,EP03,3,MOD05,5,107,3,3100,31,2,2,2011,17.5,2024-10-27 18:13:51.369852,20241027,1,S,1,S,8,HTI,63159996H,1978-11-08 18:13:51.369852,84,BWA,36,32052,340,32,27778,M,2,46,2025-06-03 18:13:51.369852,20250603,OG002,2,31-40,5
2020,20200,30274,30274,72144402,47,400,4,4,EP04,4,MOD04,4,80,4,3000,30,5,3,2015,58.9,2024-08-08 18:13:51.382855,20240808,0,N,1,S,92,ERI,55110475Z,1971-03-02 18:13:51.382855,49,BIH,285,10195,334,62,26875,M,2,54,2025-06-03 18:13:51.382855,20250603,OG001,1,22-25,3
2013,20130,30275,30275,44039203,70,600,9,6,EP05,5,MOD01,1,95,1,3000,30,3,1,2009,57.8,2024-10-29 18:13:51.395850,20241029,0,N,1,S,45,NOR,01051238T,1978-11-18 18:13:51.395850,20,TGO,78,02289,62,8,25160,H,1,46,2025-06-03 18:13:51.395850,20250603,OG003,3,22-25,3
2022,20220,30276,30276,44241559,7,400,4,4,EP02,2,MOD01,1,12,4,4900,49,3,4,2021,10.2,2024-08-12 18:13:51.406856,20240812,1,S,1,S,44,YEM,68230047H,1971-03-31 18:13:51.406856,18,ZAF,82,35665,86,8,33744,M,2,54,2025-06-03 18:13:51.406856,20250603,OG004,4,16-18,1
2011,20110,30277,30277,54414096,24,2600,9,26,EP05,5,MOD05,5,101,3,3600,36,5,1,2009,54.7,2024-10-16 18:13:51.417815,20241016,0,N,1,S,56,LIE,87717535C,1967-05-10 18:13:51.417815,32,THA,10,17170,151,8,17593,H,1,58,2025-06-03 18:13:51.417815,20250603,OG006,6,16-18,1
2019,20190,30278,30278,27133023,65,1400,8,14,EP05,5,MOD05,5,68,3,1500,15,2,3,2015,46.4,2024-07-16 18:13:51.426674,20240716,1,S,1,S,25,PHL,14388899F,1986-04-13 18:13:51.426674,28,KAZ,237,42490,303,11,12005,M,2,39,2025-06-03 18:13:51.426674,20250603,OG006,6,16-18,1
2018,20180,30279,30279,97023650,10,2300,3,23,EP03,3,MOD04,4,75,3,1600,16,2,1,2016,12.5,2024-10-14 18:13:51.435681,20241014,1,S,1,S,89,KEN,33119079E,1979-09-04 18:13:51.435681,83,BEL,178,29025,285,88,46912,H,1,45,2025-06-03 18:13:51.435681,20250603,OG001,1,22-25,3
2022,20220,30280,30280,70532309,54,700,5,7,EP04,4,MOD02,2,118,2,600,6,4,4,2022,63.5,2024-10-06 18:13:51.444682,20241006,0,N,1,S,65,KOR,43799371B,1957-04-18 18:13:51.444682,99,KWT,277,26029,487,18,12277,M,2,68,2025-06-03 18:13:51.444682,20250603,OG001,1,19-21,2
2019,20190,30281,30281,20112846,68,100,10,1,EP06,6,MOD03,3,10,3,1200,12,5,4,2015,10.0,2024-09-18 18:13:51.452912,20240918,0,N,1,S,59,BRA,25457387K,1970-10-20 18:13:51.453679,64,FSM,71,11241,258,93,16801,H,1,54,2025-06-03 18:13:51.453679,20250603,OG006,6,16-18,1
2024,20240,30282,30282,27568520,75,900,10,9,EP05,5,MOD01,1,39,1,2700,27,3,4,2022,19.7,2024-11-30 18:13:51.463683,20241130,1,S,1,S,51,AND,71478596R,1986-08-30 18:13:51.463683,77,NGA,77,20010,276,21,25466,M,2,38,2025-06-03 18:13:51.463683,20250603,OG006,6,NC,9
2019,20190,30283,30283,59302835,72,2100,9,21,EP04,4,MOD05,5,33,1,900,9,4,3,2015,27.8,2025-04-16 18:13:51.472685,20250416,1,S,1,S,26,MNG,62266093X,1998-01-08 18:13:51.472685,10,VCT,271,10410,335,43,31053,M,2,27,2025-06-03 18:13:51.472685,20250603,OG002,2,16-18,1
2014,20140,30284,30284,59959826,5,300,10,3,EP04,4,MOD02,2,47,3,3600,36,2,3,2012,14.6,2025-03-01 18:13:51.483685,20250301,1,S,1,S,78,GNQ,62265676F,1972-04-08 18:13:51.483685,92,ERI,158,01052,438,97,36400,M,2,53,2025-06-03 18:13:51.483685,20250603,OG003,3,22-25,3
2023,20230,30285,30285,22083803,69,500,3,5,EP05,5,MOD02,2,108,2,1500,15,2,4,2019,46.3,2024-12-02 18:13:51.494103,20241202,1,S,1,S,57,MLI,57177514C,1966-09-20 18:13:51.494103,95,NLD,38,50862,77,8,26254,H,1,58,2025-06-03 18:13:51.494779,20250603,OG007,7,16-18,1
2023,20230,30286,30286,69839059,71,500,3,5,EP01,1,MOD02,2,104,3,4100,41,5,3,2018,47.4,2024-06-16 18:13:51.502760,20240616,0,N,1,S,31,MUS,28258673E,1972-07-02 18:13:51.502760,6,UKR,108,02834,277,18,39242,H,1,52,2025-06-03 18:13:51.502760,20250603,OG005,5,51-65,7
2012,20120,30287,30287,916723,1,100,10,1,EP02,2,MOD02,2,40,3,2000,20,5,1,2012,35.7,2025-04-15 18:13:51.513766,20250415,0,N,1,S,83,BEL,71870728Y,1976-01-03 18:13:51.513766,99,KWT,323,18614,418,46,17999,H,1,49,2025-06-03 18:13:51.513766,20250603,OG007,7,31-40,5
2021,20210,30288,30288,41178850,22,1900,7,19,EP06,6,MOD04,4,50,4,1600,16,5,3,2018,18.7,2024-06-19 18:13:51.522760,20240619,0,N,1,S,17,URY,73936385X,1965-11-23 18:13:51.522760,97,GAB,412,09095,426,18,35245,H,1,59,2025-06-03 18:13:51.522760,20250603,OG005,5,16-18,1
2017,20170,30289,30289,59959826,5,2900,10,29,EP05,5,MOD01,1,96,2,4600,46,5,4,2017,13.9,2024-06-11 18:13:51.531770,20240611,0,N,1,S,86,BHR,62265676F,1969-07-27 18:13:51.531770,6,UKR,136,45808,102,8,24526,M,2,55,2025-06-03 18:13:51.531770,20250603,OG007,7,NC,9
2022,20220,30290,30290,7467311,82,2900,10,29,EP02,2,MOD03,3,115,2,3800,38,4,4,2018,53.5,2024-07-31 18:13:51.541778,20240731,0,N,1,S,53,KGZ,36887676T,2001-02-24 18:13:51.541778,82,PAN,27,49910,449,43,47773,M,2,24,2025-06-03 18:13:51.541778,20250603,OG003,3,>65,8
2019,20190,30291,30291,63193474,46,600,9,6,EP01,1,MOD05,5,117,2,500,5,4,5,2014,79.0,2024-10-11 18:13:51.550764,20241011,0,N,1,S,84,BWA,31142626M,1961-08-14 18:13:51.550764,3,ISL,395,42240,139,8,36355,H,1,63,2025-06-03 18:13:51.550764,20250603,OG008,8,NC,9
2014,20140,30292,30292,67447155,26,3000,5,30,EP06,6,MOD03,3,38,3,2400,24,4,3,2009,33.1,2024-10-03 18:13:51.559772,20241003,1,S,1,S,72,GNB,89964235B,1998-10-08 18:13:51.559772,50,NZL,102,25045,484,11,08771,H,1,26,2025-06-03 18:13:51.559772,20250603,OG006,6,DESC,10
2012,20120,30293,30293,75686878,88,2600,9,26,EP05,5,MOD03,3,98,3,4800,48,4,3,2012,95.6,2024-08-23 18:13:51.570758,20240823,0,N,1,S,77,NGA,13395962A,2002-09-21 18:13:51.570758,19,CMR,312,21090,326,16,17906,H,1,22,2025-06-03 18:13:51.570758,20250603,OG001,1,31-40,5
2022,20220,30294,30294,91307681,74,1700,6,17,EP05,5,MOD04,4,55,2,400,4,1,4,2022,22.0,2024-11-06 18:13:51.578777,20241106,0,N,1,S,68,GRC,19182553R,1995-03-06 18:13:51.578777,10,VCT,61,30014,58,8,37184,M,2,30,2025-06-03 18:13:51.578777,20250603,OG005,5,NC,9
2023,20230,30295,30295,73504237,63,1400,8,14,EP02,2,MOD05,5,113,3,1200,12,5,2,2021,11.7,2024-09-19 18:13:51.587768,20240919,1,S,1,S,94,UGA,58911352A,1961-10-14 18:13:51.587768,85,NER,117,18579,128,8,10225,H,1,63,2025-06-03 18:13:51.587768,20250603,OG001,1,41-50,6
2024,20240,30296,30296,76890296,11,200,6,2,EP06,6,MOD04,4,29,4,2900,29,2,4,2023,13.3,2024-09-17 18:13:51.598765,20240917,0,N,1,S,34,AUS,03067383B,1968-01-16 18:13:51.598765,59,BRA,273,49033,198,8,44265,M,2,57,2025-06-03 18:13:51.598765,20250603,OG001,1,NC,9
2022,20220,30297,30297,54414096,24,1100,3,11,EP01,1,MOD02,2,60,3,2700,27,2,4,2022,11.7,2024-10-08 18:13:51.608760,20241008,1,S,1,S,76,COM,87717535C,1958-05-22 18:13:51.608760,92,ERI,350,45120,255,72,48093,H,1,67,2025-06-03 18:13:51.608760,20250603,OG004,4,NC,9
2016,20160,30298,30298,81300905,41,1900,7,19,EP03,3,MOD05,5,34,2,500,5,5,4,2011,17.4,2025-05-10 18:13:51.619380,20250510,1,S,1,S,31,MUS,14293968C,1994-04-27 18:13:51.619380,76,COM,374,18911,497,50,17913,H,1,31,2025-06-03 18:13:51.619380,20250603,OG008,8,>65,8
2018,20180,30299,30299,1534878,12,1900,7,19,EP05,5,MOD01,1,11,1,2500,25,2,1,2017,10.0,2024-06-03 18:13:51.628701,20240603,0,N,1,S,84,BWA,02843959D,1971-01-18 18:13:51.628701,44,YEM,38,20781,66,8,50374,H,1,54,2025-06-03 18:13:51.628701,20250603,OG005,5,DESC,10
2023,20230,30300,30300,61310453,87,300,10,3,EP01,1,MOD02,2,67,1,1800,18,2,1,2023,58.7,2025-04-25 18:13:51.637884,20250425,1,S,1,S,92,ERI,34074517V,1973-02-28 18:13:51.637884,90,TTO,173,37421,131,8,31807,H,1,52,2025-06-03 18:13:51.637884,20250603,OG003,3,26-30,4
