ID_CURSO_ACADEMICO_NK,ID_ACUERDO_BILATERAL_NK,ID_AREA_ESTUDIOS_NK,ID_NIVEL_ESTUDIOS_NK,ID_CURSO_ACADEMICO,ID_ACUERDO_BILATERAL,ID_AREA_ESTUDIOS_MOVILIDAD,ID_NIVEL_ESTUDIOS_MOVILIDAD,IN_OUT,ID_UNIVERSIDAD_ACUERDO,ID_PAIS_UNIVERSIDAD_ACUERDO,ID_COLECTIVO_MOVILIDAD,ID_CURSO_INICIO_VIGENCIA,ID_CURSO_FIN_VIGENCIA,ID_FECHA_REFERENCIA,DURACION_ESTANCIA_ALUMNOS,DURACION_ESTANCIA_DOCENTES,HORAS_CLASE_SEMANA,FECHA_CARGA,ID_PROGRAMA_MOVILIDAD,ID_IDIOMA_NIVEL_PRINCIPAL,ID_IDIOMA_NIVEL_SECUNDARIO,ID_CENTRO,ID_FECHA_CARGA,ID_COLECTIVO_NK,ID_PROGRAMA_MOVILIDAD_NK,ID_UNIVERSIDAD_DESTINO_NK,ID_CURSO_ACADEMICO_INICIO_NK,ID_CURSO_ACADEMICO_FIN_NK,ENTRADA_SALIDA,COD_PLAZA_OFERTADA,COLECTIVO_OFERTA,ID_CENTRO_NK,ID_IDIOMA_1_NK,ID_NIVEL_IDIOMA_1_NK,ID_IDIOMA_2_NK,ID_NIVEL_IDIOMA_2_NK,ID_ALUMNO,ID_ALUMNO_NIP_NK,FLG_OFERTA_ALUMNOS,FLG_OFERTA_DOCENTES,FECHA_REFERENCIA,FLG_PLAZA_FICTICIA
2011,2011-7797,19,GRADO2,20110,6,19,5,OUT,59,54,4,20140,20170,20250511,6,4,4,2025-05-24 13:47:10.380687,2,11,20,9,20250524,RE,20,590,2014,2017,S,PLAZA-20-270,PAS,900,2,5,4,2,576,27167,0,0,2025-05-11 13:47:10.380687,1
2024,2017-4595,17,GRADO,20240,14,17,1,OUT,5,7,1,20220,20220,20240924,10,3,12,2025-05-24 13:47:10.385684,1,14,11,26,20250524,ST,10,50,2022,2022,S,PLAZA-10-455,PDI,2600,3,2,2,5,974,74931,0,1,2024-09-24 13:47:10.385684,0
2021,2017-2269,2,GRADO1,20210,1,2,4,IN,21,41,2,20200,20230,20240711,5,2,5,2025-05-24 13:47:10.390683,2,18,1,16,20250524,TE,20,210,2020,2023,E,PLAZA-20-346,PAS,1600,3,6,1,1,207,50128,0,0,2024-07-11 13:47:10.390683,0
2018,2017-2269,16,POSGR,20180,1,16,6,OUT,96,12,1,20240,20240,20240725,12,3,8,2025-05-24 13:47:10.400685,10,10,11,24,20250524,ST,100,960,2024,2024,S,PLAZA-100-496,MIXTO,2400,2,4,2,5,183,74837,1,1,2024-07-25 13:47:10.400685,0
2024,2013-5451,1,DOCTO,20240,2,1,3,OUT,81,81,4,20120,20140,20241117,12,3,7,2025-05-24 13:47:10.405685,4,16,16,34,20250524,RE,40,810,2012,2014,S,PLAZA-40-722,ESTUDIANTES,3400,3,4,3,4,100,16040,1,0,2024-11-17 13:47:10.405685,1
2015,2013-5451,8,GRADO1,20150,2,8,4,OUT,100,80,2,20230,20230,20250225,5,1,10,2025-05-24 13:47:10.412684,6,8,4,49,20250524,TE,60,1000,2023,2023,S,PLAZA-60-114,ESTUDIANTES,4900,2,2,1,4,132,48635,1,0,2025-02-25 13:47:10.412684,0
2023,2016-6507,18,OTHER,20230,16,18,8,IN,71,5,1,20130,20150,20241017,10,4,8,2025-05-24 13:47:10.417684,3,10,3,32,20250524,ST,30,710,2013,2015,E,PLAZA-30-607,PDI,3200,2,4,1,3,798,93214,0,1,2024-10-17 13:47:10.417684,1
2021,2018-9947,17,POSGR,20210,13,17,6,IN,3,46,4,20130,20150,20250120,9,5,5,2025-05-24 13:47:10.422689,7,2,6,16,20250524,RE,70,30,2013,2015,E,PLAZA-70-228,ESTUDIANTES,1600,1,2,1,6,975,58737,1,0,2025-01-20 13:47:10.422689,0
2019,2018-9947,15,SHORT,20190,13,15,7,IN,76,95,2,20180,20220,20241219,9,3,15,2025-05-24 13:47:10.427685,10,3,11,42,20250524,TE,100,760,2018,2022,E,PLAZA-100-316,ESTUDIANTES,4200,1,3,2,5,368,35808,1,0,2024-12-19 13:47:10.427685,1
2010,2018-9947,9,GRADO1,20100,13,9,4,IN,16,7,3,20160,20160,20240810,12,3,13,2025-05-24 13:47:10.432684,9,20,1,47,20250524,TR,90,160,2016,2016,E,PLAZA-90-884,PAS,4700,4,2,1,1,985,39128,0,0,2024-08-10 13:47:10.432684,0
2018,2020-8022,4,DOCTO,20180,20,4,3,IN,72,56,1,20190,20200,20241113,10,2,14,2025-05-24 13:47:10.439683,8,15,12,46,20250524,ST,80,720,2019,2020,E,PLAZA-80-541,ESTUDIANTES,4600,3,3,2,6,572,46976,1,0,2024-11-13 13:47:10.439683,1
2023,2013-5451,8,POSGR,20230,2,8,6,IN,30,17,4,20100,20220,20250201,5,3,9,2025-05-24 13:47:10.444685,7,19,16,14,20250524,RE,70,300,2010,2022,E,PLAZA-70-173,PDI,1400,4,1,3,4,844,94083,0,1,2025-02-01 13:47:10.444685,0
2013,2016-1444,6,GRADO2,20130,19,6,5,IN,2,13,2,20130,20130,20240601,5,5,10,2025-05-24 13:47:10.448684,2,17,4,25,20250524,TE,20,20,2013,2013,E,PLAZA-20-310,ESTUDIANTES,2500,3,5,1,4,536,68337,1,0,2024-06-01 13:47:10.448684,1
2018,2017-2269,2,POSGR,20180,1,2,6,OUT,46,57,4,20140,20140,20241015,6,4,8,2025-05-24 13:47:10.455684,6,12,12,9,20250524,RE,60,460,2014,2014,S,PLAZA-60-234,PDI,900,2,6,2,6,960,15818,0,1,2024-10-15 13:47:10.455684,1
2013,2016-6507,19,DOCTO,20130,16,19,3,IN,84,61,3,20150,20220,20250404,6,5,8,2025-05-24 13:47:10.462684,4,5,10,17,20250524,TR,40,840,2015,2022,E,PLAZA-40-631,ESTUDIANTES,1700,1,5,2,4,920,72631,1,0,2025-04-04 13:47:10.462684,1
2012,2018-9947,12,DOCTO,20120,13,12,3,IN,45,90,2,20150,20230,20240906,12,2,2,2025-05-24 13:47:10.467684,3,8,18,44,20250524,TE,30,450,2015,2023,E,PLAZA-30-511,ESTUDIANTES,4400,2,2,3,6,979,73919,1,0,2024-09-06 13:47:10.467684,1
2012,2016-3503,8,GRADO1,20120,5,8,4,IN,5,76,4,20120,20170,20240825,5,5,9,2025-05-24 13:47:10.471684,9,17,14,49,20250524,RE,90,50,2012,2017,E,PLAZA-90-337,ESTUDIANTES,4900,3,5,3,2,633,19333,1,0,2024-08-25 13:47:10.471684,1
2023,2012-3471,8,GRADO1,20230,4,8,4,IN,10,7,4,20120,20190,20241215,9,3,15,2025-05-24 13:47:10.476683,6,12,10,43,20250524,RE,60,100,2012,2019,E,PLAZA-60-786,PDI,4300,2,6,2,4,115,43537,0,1,2024-12-15 13:47:10.476683,0
2014,2017-2269,5,GRADO,20140,1,5,1,OUT,2,61,3,20220,20240,20240620,9,3,8,2025-05-24 13:47:10.482799,3,17,14,35,20250524,TR,30,20,2022,2024,S,PLAZA-30-143,PAS,3500,3,5,3,2,114,43743,0,0,2024-06-20 13:47:10.482799,0
2014,2014-7389,1,GRADO2,20140,12,1,5,IN,99,19,4,20140,20200,20241219,5,2,12,2025-05-24 13:47:10.488528,5,2,19,36,20250524,RE,50,990,2014,2020,E,PLAZA-50-952,PAS,3600,1,2,4,1,64,68113,0,0,2024-12-19 13:47:10.488528,1
2023,2015-9849,9,SHORT,20230,3,9,7,IN,52,62,1,20120,20150,20250510,9,5,3,2025-05-24 13:47:10.492527,3,16,10,8,20250524,ST,30,520,2012,2015,E,PLAZA-30-297,PAS,800,3,4,2,4,214,57158,0,0,2025-05-10 13:47:10.492527,1
2013,2017-2269,12,GRADO,20130,1,12,1,IN,91,46,4,20230,20230,20240915,9,1,7,2025-05-24 13:47:10.499532,10,9,5,27,20250524,RE,100,910,2023,2023,E,PLAZA-100-827,PAS,2700,2,3,1,5,921,51503,0,0,2024-09-15 13:47:10.499532,1
2011,2012-9751,2,OTHER,20110,18,2,8,OUT,32,93,1,20230,20240,20240706,12,1,10,2025-05-24 13:47:10.504529,8,11,10,5,20250524,ST,80,320,2023,2024,S,PLAZA-80-217,ESTUDIANTES,500,2,5,2,4,359,93328,1,0,2024-07-06 13:47:10.504529,1
2018,2016-8956,5,GRADO,20180,15,5,1,OUT,59,57,3,20100,20100,20250421,12,1,13,2025-05-24 13:47:10.509527,5,17,16,6,20250524,TR,50,590,2010,2010,S,PLAZA-50-254,MIXTO,600,3,5,3,4,65,76669,1,1,2025-04-21 13:47:10.509527,1
2019,2017-2269,4,SHORT,20190,1,4,7,OUT,54,64,1,20140,20230,20241112,9,3,16,2025-05-24 13:47:10.515529,6,13,3,22,20250524,ST,60,540,2014,2023,S,PLAZA-60-263,PAS,2200,3,1,1,3,96,73738,0,0,2024-11-12 13:47:10.514528,1
2012,2018-9947,3,GRADO1,20120,13,3,4,OUT,35,65,4,20130,20210,20240809,5,4,14,2025-05-24 13:47:10.519546,5,14,3,17,20250524,RE,50,350,2013,2021,S,PLAZA-50-355,PDI,1700,3,2,1,3,487,25534,0,1,2024-08-09 13:47:10.519546,0
2013,2021-3704,3,POSGR,20130,17,3,6,OUT,50,60,2,20210,20230,20250220,9,1,5,2025-05-24 13:47:10.524545,4,13,4,22,20250524,TE,40,500,2021,2023,S,PLAZA-40-147,MIXTO,2200,3,1,1,4,150,26047,1,1,2025-02-20 13:47:10.524545,1
2024,2016-8956,2,OTHER,20240,15,2,8,IN,50,87,2,20160,20160,20240616,10,3,12,2025-05-24 13:47:10.529647,8,3,15,16,20250524,TE,80,500,2016,2016,E,PLAZA-80-154,PDI,1600,1,3,3,3,198,40133,0,1,2024-06-16 13:47:10.529647,0
2016,2012-3471,14,GRADO2,20160,4,14,5,IN,41,71,1,20230,20240,20250509,9,2,13,2025-05-24 13:47:10.535662,6,20,6,38,20250524,ST,60,410,2023,2024,E,PLAZA-60-315,PDI,3800,4,2,1,6,598,84948,0,1,2025-05-09 13:47:10.535662,0
2010,2016-2020,10,GRADO,20100,8,10,1,IN,36,36,1,20110,20230,20250114,5,4,9,2025-05-24 13:47:10.539661,5,11,9,31,20250524,ST,50,360,2011,2023,E,PLAZA-50-263,MIXTO,3100,2,5,2,3,442,53517,1,1,2025-01-14 13:47:10.539661,0
2016,2018-9947,1,GRADO1,20160,13,1,4,IN,2,58,3,20100,20230,20250503,9,2,3,2025-05-24 13:47:10.544661,1,18,17,20,20250524,TR,10,20,2010,2023,E,PLAZA-10-480,PDI,2000,3,6,3,5,574,97269,0,1,2025-05-03 13:47:10.544661,1
2017,2017-2269,14,MASTER,20170,1,14,2,IN,81,90,3,20220,20220,20240814,5,2,11,2025-05-24 13:47:10.550914,2,4,3,36,20250524,TR,20,810,2022,2022,E,PLAZA-20-398,MIXTO,3600,1,4,1,3,573,54210,1,1,2024-08-14 13:47:10.550914,1
2018,2017-2269,15,MASTER,20180,1,15,2,OUT,26,49,1,20220,20230,20250417,5,3,14,2025-05-24 13:47:10.556914,6,18,14,16,20250524,ST,60,260,2022,2023,S,PLAZA-60-892,PDI,1600,3,6,3,2,463,72175,0,1,2025-04-17 13:47:10.556914,1
2018,2012-3471,6,DOCTO,20180,4,6,3,IN,32,13,2,20240,20240,20241125,6,3,18,2025-05-24 13:47:10.562949,6,5,11,34,20250524,TE,60,320,2024,2024,E,PLAZA-60-754,PAS,3400,1,5,2,5,449,28176,0,0,2024-11-25 13:47:10.562949,0
2012,2013-5451,8,POSGR,20120,2,8,6,IN,81,56,3,20170,20180,20241109,6,1,12,2025-05-24 13:47:10.568531,5,9,19,11,20250524,TR,50,810,2017,2018,E,PLAZA-50-823,ESTUDIANTES,1100,2,3,4,1,271,93388,1,0,2024-11-09 13:47:10.568531,0
2024,2016-1444,8,POSGR,20240,19,8,6,OUT,7,3,2,20100,20160,20250211,5,3,8,2025-05-24 13:47:10.574155,6,18,11,32,20250524,TE,60,70,2010,2016,S,PLAZA-60-135,PDI,3200,3,6,2,5,516,70204,0,1,2025-02-11 13:47:10.574155,0
2013,2015-9890,14,GRADO1,20130,7,14,4,IN,32,99,3,20160,20190,20241103,9,3,9,2025-05-24 13:47:10.578714,1,4,10,35,20250524,TR,10,320,2016,2019,E,PLAZA-10-976,ESTUDIANTES,3500,1,4,2,4,803,59323,1,0,2024-11-03 13:47:10.578714,1
2016,2015-9890,8,DOCTO,20160,7,8,3,OUT,14,61,1,20200,20210,20250505,9,1,18,2025-05-24 13:47:10.585828,2,3,19,14,20250524,ST,20,140,2020,2021,S,PLAZA-20-647,PDI,1400,1,3,4,1,435,55584,0,1,2025-05-05 13:47:10.585828,1
2016,2016-6507,4,GRADO,20160,16,4,1,IN,62,11,1,20150,20240,20250329,10,3,15,2025-05-24 13:47:10.590844,4,8,10,40,20250524,ST,40,620,2015,2024,E,PLAZA-40-768,ESTUDIANTES,4000,2,2,2,4,389,74438,1,0,2025-03-29 13:47:10.590844,1
2010,2015-9849,2,SHORT,20100,3,2,7,OUT,23,57,2,20130,20220,20250107,12,5,7,2025-05-24 13:47:10.596247,8,14,10,45,20250524,TE,80,230,2013,2022,S,PLAZA-80-982,PDI,4500,3,2,2,4,885,38574,0,1,2025-01-07 13:47:10.596247,0
2021,2015-9849,9,POSGR,20210,3,9,6,OUT,46,24,2,20180,20230,20241128,12,4,9,2025-05-24 13:47:10.601254,9,1,8,27,20250524,TE,90,460,2018,2023,S,PLAZA-90-777,PDI,2700,1,1,2,2,678,32538,0,1,2024-11-28 13:47:10.601254,1
2018,2014-7389,10,GRADO,20180,12,10,1,IN,4,51,4,20180,20210,20241106,6,3,19,2025-05-24 13:47:10.606265,7,17,10,6,20250524,RE,70,40,2018,2021,E,PLAZA-70-663,PAS,600,3,5,2,4,164,45570,0,0,2024-11-06 13:47:10.606265,1
2017,2021-3704,8,MASTER,20170,17,8,2,IN,89,91,1,20210,20210,20240720,5,5,16,2025-05-24 13:47:10.610274,4,6,16,40,20250524,ST,40,890,2021,2021,E,PLAZA-40-835,MIXTO,4000,1,6,3,4,385,36721,1,1,2024-07-20 13:47:10.610274,1
2012,2023-7883,14,OTHER,20120,9,14,8,IN,83,91,4,20160,20180,20240608,6,3,3,2025-05-24 13:47:10.615285,4,17,15,5,20250524,RE,40,830,2016,2018,E,PLAZA-40-790,ESTUDIANTES,500,3,5,3,3,396,41888,1,0,2024-06-08 13:47:10.615285,1
2023,2013-5451,10,GRADO2,20230,2,10,5,OUT,40,34,1,20160,20220,20241006,6,1,11,2025-05-24 13:47:10.620294,7,9,11,33,20250524,ST,70,400,2016,2022,S,PLAZA-70-664,PAS,3300,2,3,2,5,319,29037,0,0,2024-10-06 13:47:10.620294,1
2023,2016-6507,12,POSGR,20230,16,12,6,IN,8,63,2,20240,20240,20240602,5,2,15,2025-05-24 13:47:10.628294,8,13,9,10,20250524,TE,80,80,2024,2024,E,PLAZA-80-920,PAS,1000,3,1,2,3,292,75016,0,0,2024-06-02 13:47:10.628294,0
2019,2016-8956,4,POSGR,20190,15,4,6,OUT,97,43,2,20170,20230,20241224,9,1,18,2025-05-24 13:47:10.633294,7,2,14,18,20250524,TE,70,970,2017,2023,S,PLAZA-70-782,MIXTO,1800,1,2,3,2,303,10267,1,1,2024-12-24 13:47:10.633294,1
2022,2016-6507,15,GRADO,20220,16,15,1,IN,18,69,2,20180,20180,20241114,6,5,3,2025-05-24 13:47:10.638285,10,17,19,28,20250524,TE,100,180,2018,2018,E,PLAZA-100-358,MIXTO,2800,3,5,4,1,444,85265,1,1,2024-11-14 13:47:10.638285,1
2015,2020-8022,15,DOCTO,20150,20,15,3,IN,88,79,2,20200,20240,20240815,5,1,7,2025-05-24 13:47:10.643294,9,3,20,44,20250524,TE,90,880,2020,2024,E,PLAZA-90-441,PAS,4400,1,3,4,2,224,31439,0,0,2024-08-15 13:47:10.643294,1
2020,2011-7797,9,GRADO,20200,6,9,1,IN,92,27,3,20240,20240,20250522,9,5,19,2025-05-24 13:47:10.649294,2,7,6,25,20250524,TR,20,920,2024,2024,E,PLAZA-20-830,PDI,2500,2,1,1,6,59,74641,0,1,2025-05-22 13:47:10.649294,1
2012,2023-7883,9,DOCTO,20120,9,9,3,OUT,69,72,3,20230,20240,20240903,10,2,5,2025-05-24 13:47:10.657294,7,16,12,31,20250524,TR,70,690,2023,2024,S,PLAZA-70-238,PAS,3100,3,4,2,6,600,26574,0,0,2024-09-03 13:47:10.657294,0
2020,2012-3471,7,GRADO2,20200,4,7,5,OUT,24,77,1,20100,20180,20241103,5,5,6,2025-05-24 13:47:10.662294,4,16,9,36,20250524,ST,40,240,2010,2018,S,PLAZA-40-735,PAS,3600,3,4,2,3,620,42682,0,0,2024-11-03 13:47:10.662294,1
2019,2013-5451,2,POSGR,20190,2,2,6,OUT,96,22,4,20240,20240,20250111,10,1,15,2025-05-24 13:47:10.670294,7,19,2,46,20250524,RE,70,960,2024,2024,S,PLAZA-70-645,ESTUDIANTES,4600,4,1,1,2,954,18959,1,0,2025-01-11 13:47:10.670294,1
2018,2023-7883,14,SHORT,20180,9,14,7,IN,81,39,3,20160,20210,20240607,6,5,3,2025-05-24 13:47:10.675294,10,19,4,11,20250524,TR,100,810,2016,2021,E,PLAZA-100-175,MIXTO,1100,4,1,1,4,289,46553,1,1,2024-06-07 13:47:10.675294,0
2017,2022-1320,14,GRADO1,20170,10,14,4,IN,89,86,1,20240,20240,20240619,6,5,14,2025-05-24 13:47:10.684294,2,3,11,16,20250524,ST,20,890,2024,2024,E,PLAZA-20-748,PAS,1600,1,3,2,5,425,46740,0,0,2024-06-19 13:47:10.684294,1
2019,2016-3503,5,GRADO2,20190,5,5,5,IN,99,49,2,20150,20210,20250519,12,5,7,2025-05-24 13:47:10.689294,6,1,18,6,20250524,TE,60,990,2015,2021,E,PLAZA-60-682,PAS,600,1,1,3,6,766,94151,0,0,2025-05-19 13:47:10.689294,0
2019,2017-4595,17,DOCTO,20190,14,17,3,IN,79,10,2,20210,20220,20240930,12,3,19,2025-05-24 13:47:10.696285,7,17,2,46,20250524,TE,70,790,2021,2022,E,PLAZA-70-489,MIXTO,4600,3,5,1,2,283,36695,1,1,2024-09-30 13:47:10.696285,1
2015,2016-6507,13,MASTER,20150,16,13,2,OUT,58,41,3,20190,20210,20240831,6,4,16,2025-05-24 13:47:10.704548,1,12,4,20,20250524,TR,10,580,2019,2021,S,PLAZA-10-923,PAS,2000,2,6,1,4,348,30018,0,0,2024-08-31 13:47:10.704548,0
2021,2012-9751,1,GRADO1,20210,18,1,4,IN,72,10,3,20170,20240,20240721,9,3,3,2025-05-24 13:47:10.711030,10,18,16,12,20250524,TR,100,720,2017,2024,E,PLAZA-100-912,ESTUDIANTES,1200,3,6,3,4,754,52709,1,0,2024-07-21 13:47:10.711030,1
2013,2016-2020,11,GRADO,20130,8,11,1,IN,79,79,3,20100,20150,20250219,9,2,9,2025-05-24 13:47:10.716025,3,13,3,45,20250524,TR,30,790,2010,2015,E,PLAZA-30-458,PDI,4500,3,1,1,3,231,79622,0,1,2025-02-19 13:47:10.716025,0
2011,2016-3503,12,MASTER,20110,5,12,2,IN,71,37,1,20240,20240,20241013,10,3,17,2025-05-24 13:47:10.723031,2,18,1,10,20250524,ST,20,710,2024,2024,E,PLAZA-20-259,MIXTO,1000,3,6,1,1,181,94245,1,1,2024-10-13 13:47:10.723031,1
2024,2015-9849,10,POSGR,20240,3,10,6,IN,90,66,1,20120,20150,20240812,9,2,8,2025-05-24 13:47:10.729015,5,11,7,40,20250524,ST,50,900,2012,2015,E,PLAZA-50-669,PDI,4000,2,5,2,1,544,25870,0,1,2024-08-12 13:47:10.729015,0
2016,2014-7389,10,SHORT,20160,12,10,7,OUT,7,95,2,20140,20200,20250301,9,5,11,2025-05-24 13:47:10.734022,10,4,10,16,20250524,TE,100,70,2014,2020,S,PLAZA-100-548,PAS,1600,1,4,2,4,331,91061,0,0,2025-03-01 13:47:10.734022,0
2024,2014-7389,5,GRADO,20240,12,5,1,OUT,27,47,1,20230,20240,20250117,12,2,4,2025-05-24 13:47:10.740030,3,15,6,20,20250524,ST,30,270,2023,2024,S,PLAZA-30-887,ESTUDIANTES,2000,3,3,1,6,392,17232,1,0,2025-01-17 13:47:10.740030,0
2010,2016-3503,7,GRADO1,20100,5,7,4,IN,21,29,1,20220,20220,20240608,5,4,8,2025-05-24 13:47:10.745031,3,6,20,26,20250524,ST,30,210,2022,2022,E,PLAZA-30-164,PAS,2600,1,6,4,2,670,64114,0,0,2024-06-08 13:47:10.745031,1
2017,2013-5451,9,OTHER,20170,2,9,8,OUT,50,90,3,20220,20240,20250213,5,4,13,2025-05-24 13:47:10.752058,3,11,20,14,20250524,TR,30,500,2022,2024,S,PLAZA-30-379,MIXTO,1400,2,5,4,2,375,99909,1,1,2025-02-13 13:47:10.752058,1
2023,2011-7797,18,POSGR,20230,6,18,6,OUT,100,79,4,20100,20100,20250409,6,4,11,2025-05-24 13:47:10.758067,7,19,14,12,20250524,RE,70,1000,2010,2010,S,PLAZA-70-634,PDI,1200,4,1,3,2,117,62294,0,1,2025-04-09 13:47:10.758067,0
2013,2021-3704,8,SHORT,20130,17,8,7,OUT,24,11,2,20240,20240,20241116,12,2,20,2025-05-24 13:47:10.766059,3,11,11,47,20250524,TE,30,240,2024,2024,S,PLAZA-30-460,PAS,4700,2,5,2,5,367,37315,0,0,2024-11-16 13:47:10.766059,0
2013,2015-9849,18,GRADO,20130,3,18,1,IN,87,67,1,20140,20190,20250201,9,1,18,2025-05-24 13:47:10.770958,7,1,16,15,20250524,ST,70,870,2014,2019,E,PLAZA-70-860,ESTUDIANTES,1500,1,1,3,4,701,17967,1,0,2025-02-01 13:47:10.770958,1
2017,2017-1096,13,GRADO1,20170,11,13,4,OUT,96,85,3,20220,20220,20250203,12,5,9,2025-05-24 13:47:10.775962,8,13,17,22,20250524,TR,80,960,2022,2022,S,PLAZA-80-712,MIXTO,2200,3,1,3,5,560,48449,1,1,2025-02-03 13:47:10.775962,0
2011,2023-7883,20,GRADO,20110,9,20,1,IN,2,43,4,20190,20230,20240625,9,2,13,2025-05-24 13:47:10.780552,4,14,3,24,20250524,RE,40,20,2019,2023,E,PLAZA-40-318,ESTUDIANTES,2400,3,2,1,3,118,13357,1,0,2024-06-25 13:47:10.780552,0
2024,2016-3503,16,SHORT,20240,5,16,7,IN,82,46,4,20140,20190,20240601,10,1,18,2025-05-24 13:47:10.786553,10,16,8,34,20250524,RE,100,820,2014,2019,E,PLAZA-100-756,PAS,3400,3,4,2,2,18,36001,0,0,2024-06-01 13:47:10.786553,1
2014,2015-9890,15,SHORT,20140,7,15,7,OUT,63,31,4,20110,20170,20240809,9,2,4,2025-05-24 13:47:10.791552,9,13,15,5,20250524,RE,90,630,2011,2017,S,PLAZA-90-219,PAS,500,3,1,3,3,894,43420,0,0,2024-08-09 13:47:10.791552,0
2010,2022-1320,8,GRADO,20100,10,8,1,OUT,28,70,4,20150,20190,20240610,6,4,7,2025-05-24 13:47:10.796552,7,8,18,17,20250524,RE,70,280,2015,2019,S,PLAZA-70-594,MIXTO,1700,2,2,3,6,52,77744,1,1,2024-06-10 13:47:10.796552,0
2017,2011-7797,13,GRADO2,20170,6,13,5,IN,33,1,1,20120,20240,20250112,12,5,13,2025-05-24 13:47:10.802554,3,9,17,18,20250524,ST,30,330,2012,2024,E,PLAZA-30-834,MIXTO,1800,2,3,3,5,810,36550,1,1,2025-01-12 13:47:10.802554,0
2015,2016-8956,13,POSGR,20150,15,13,6,OUT,57,1,2,20230,20230,20250324,6,5,16,2025-05-24 13:47:10.813520,1,15,18,45,20250524,TE,10,570,2023,2023,S,PLAZA-10-915,PAS,4500,3,3,3,6,830,18119,0,0,2025-03-24 13:47:10.813520,1
2014,2018-9947,18,SHORT,20140,13,18,7,OUT,85,67,4,20150,20230,20240818,6,3,18,2025-05-24 13:47:10.818891,7,7,13,31,20250524,RE,70,850,2015,2023,S,PLAZA-70-508,PAS,3100,2,1,3,1,18,13755,0,0,2024-08-18 13:47:10.818891,0
2021,2021-3704,3,GRADO,20210,17,3,1,IN,30,46,4,20130,20230,20250213,12,2,7,2025-05-24 13:47:10.823920,10,16,15,8,20250524,RE,100,300,2013,2023,E,PLAZA-100-567,PDI,800,3,4,3,3,931,50534,0,1,2025-02-13 13:47:10.823920,0
2014,2017-2269,8,GRADO1,20140,1,8,4,IN,80,27,4,20130,20200,20240906,6,1,19,2025-05-24 13:47:10.828929,5,18,5,25,20250524,RE,50,800,2013,2020,E,PLAZA-50-365,ESTUDIANTES,2500,3,6,1,5,508,36903,1,0,2024-09-06 13:47:10.828929,1
2019,2011-7797,14,OTHER,20190,6,14,8,IN,42,38,1,20220,20240,20240611,10,5,5,2025-05-24 13:47:10.833918,10,18,20,21,20250524,ST,100,420,2022,2024,E,PLAZA-100-306,PAS,2100,3,6,4,2,486,59345,0,0,2024-06-11 13:47:10.833918,0
2010,2016-1444,1,SHORT,20100,19,1,7,IN,17,58,3,20180,20220,20250214,9,1,10,2025-05-24 13:47:10.838938,4,6,18,1,20250524,TR,40,170,2018,2022,E,PLAZA-40-305,PDI,100,1,6,3,6,407,15516,0,1,2025-02-14 13:47:10.838938,0
2010,2016-8956,16,SHORT,20100,15,16,7,OUT,100,54,4,20230,20240,20241203,9,5,4,2025-05-24 13:47:10.845921,7,15,20,46,20250524,RE,70,1000,2023,2024,S,PLAZA-70-561,MIXTO,4600,3,3,4,2,222,61169,1,1,2024-12-03 13:47:10.845921,0
2010,2020-8022,20,POSGR,20100,20,20,6,OUT,2,55,2,20190,20200,20241020,5,3,6,2025-05-24 13:47:10.850938,6,4,6,4,20250524,TE,60,20,2019,2020,S,PLAZA-60-336,PAS,400,1,4,1,6,41,72498,0,0,2024-10-20 13:47:10.850938,0
2024,2011-7797,7,OTHER,20240,6,7,8,IN,35,18,4,20200,20200,20250111,10,4,14,2025-05-24 13:47:10.855929,5,10,16,10,20250524,RE,50,350,2020,2020,E,PLAZA-50-985,PAS,1000,2,4,3,4,83,85525,0,0,2025-01-11 13:47:10.855929,1
2015,2015-9890,4,GRADO2,20150,7,4,5,OUT,23,39,3,20130,20230,20240625,5,2,15,2025-05-24 13:47:10.860937,6,20,18,6,20250524,TR,60,230,2013,2023,S,PLAZA-60-185,PDI,600,4,2,3,6,343,77650,0,1,2024-06-25 13:47:10.860937,1
2021,2023-7883,7,POSGR,20210,9,7,6,IN,26,94,1,20180,20230,20250508,9,4,18,2025-05-24 13:47:10.865928,9,9,9,23,20250524,ST,90,260,2018,2023,E,PLAZA-90-879,PDI,2300,2,3,2,3,691,79613,0,1,2025-05-08 13:47:10.865928,0
2022,2016-8956,13,GRADO1,20220,15,13,4,OUT,44,46,1,20230,20240,20250322,9,4,15,2025-05-24 13:47:10.871929,5,5,18,41,20250524,ST,50,440,2023,2024,S,PLAZA-50-841,MIXTO,4100,1,5,3,6,235,29287,1,1,2025-03-22 13:47:10.870937,0
2020,2016-2020,16,GRADO,20200,8,16,1,IN,90,8,4,20180,20220,20240617,12,2,15,2025-05-24 13:47:10.876937,5,2,2,17,20250524,RE,50,900,2018,2022,E,PLAZA-50-583,ESTUDIANTES,1700,1,2,1,2,633,44165,1,0,2024-06-17 13:47:10.876937,0
2013,2016-1444,17,GRADO,20130,19,17,1,OUT,80,13,2,20230,20230,20240712,5,3,5,2025-05-24 13:47:10.881928,10,10,4,20,20250524,TE,100,800,2023,2023,S,PLAZA-100-958,MIXTO,2000,2,4,1,4,133,50701,1,1,2024-07-12 13:47:10.881928,0
2022,2012-3471,17,DOCTO,20220,4,17,3,IN,64,91,1,20190,20190,20250118,12,1,12,2025-05-24 13:47:10.886938,6,14,10,23,20250524,ST,60,640,2019,2019,E,PLAZA-60-404,PAS,2300,3,2,2,4,354,31354,0,0,2025-01-18 13:47:10.886938,0
2017,2012-3471,5,GRADO,20170,4,5,1,OUT,94,91,1,20110,20230,20250124,12,2,2,2025-05-24 13:47:10.891929,3,18,17,24,20250524,ST,30,940,2011,2023,S,PLAZA-30-636,PAS,2400,3,6,3,5,634,94288,0,0,2025-01-24 13:47:10.891929,0
2021,2013-5451,12,SHORT,20210,2,12,7,IN,46,42,1,20150,20180,20250427,6,2,13,2025-05-24 13:47:10.895937,5,13,11,3,20250524,ST,50,460,2015,2018,E,PLAZA-50-911,ESTUDIANTES,300,3,1,2,5,108,63177,1,0,2025-04-27 13:47:10.895937,0
2022,2017-1096,3,GRADO2,20220,11,3,5,OUT,76,27,2,20240,20240,20240928,12,4,10,2025-05-24 13:47:10.902957,7,19,6,21,20250524,TE,70,760,2024,2024,S,PLAZA-70-467,ESTUDIANTES,2100,4,1,1,6,806,61446,1,0,2024-09-28 13:47:10.902957,1
2023,2016-6507,18,GRADO2,20230,16,18,5,OUT,33,73,1,20170,20220,20241009,6,2,16,2025-05-24 13:47:10.907948,4,5,11,26,20250524,ST,40,330,2017,2022,S,PLAZA-40-271,ESTUDIANTES,2600,1,5,2,5,125,89509,1,0,2024-10-09 13:47:10.907948,0
2021,2016-3503,14,DOCTO,20210,5,14,3,IN,65,16,2,20230,20230,20241214,6,1,18,2025-05-24 13:47:10.916957,4,11,14,44,20250524,TE,40,650,2023,2023,E,PLAZA-40-706,PAS,4400,2,5,3,2,201,92088,0,0,2024-12-14 13:47:10.916957,0
2021,2013-5451,12,DOCTO,20210,2,12,3,IN,57,4,1,20110,20220,20241015,6,3,15,2025-05-24 13:47:10.921599,1,15,2,48,20250524,ST,10,570,2011,2022,E,PLAZA-10-820,ESTUDIANTES,4800,3,3,1,2,213,21785,1,0,2024-10-15 13:47:10.921599,1
2015,2017-1096,4,DOCTO,20150,11,4,3,OUT,22,42,2,20150,20220,20240920,6,3,11,2025-05-24 13:47:10.927315,10,10,7,27,20250524,TE,100,220,2015,2022,S,PLAZA-100-932,MIXTO,2700,2,4,2,1,743,55688,1,1,2024-09-20 13:47:10.927315,1
2023,2016-6507,8,MASTER,20230,16,8,2,OUT,74,97,2,20230,20240,20250107,5,5,18,2025-05-24 13:47:10.935092,7,1,13,10,20250524,TE,70,740,2023,2024,S,PLAZA-70-793,MIXTO,1000,1,1,3,1,325,97942,1,1,2025-01-07 13:47:10.935092,0
2024,2016-8956,15,MASTER,20240,15,15,2,OUT,18,41,1,20240,20240,20240603,5,2,20,2025-05-24 13:47:10.955175,6,11,2,38,20250524,ST,60,180,2024,2024,S,PLAZA-60-338,PAS,3800,2,5,1,2,735,89748,0,0,2024-06-03 13:47:10.955175,0
2010,2011-7797,10,POSGR,20100,6,10,6,IN,78,32,4,20210,20240,20241002,12,3,6,2025-05-24 13:47:10.961175,5,2,8,40,20250524,RE,50,780,2021,2024,E,PLAZA-50-214,ESTUDIANTES,4000,1,2,2,2,229,43464,1,0,2024-10-02 13:47:10.961175,0
2022,2011-7797,18,POSGR,20220,6,18,6,OUT,48,95,1,20200,20210,20250519,12,4,18,2025-05-24 13:47:10.966175,10,12,7,2,20250524,ST,100,480,2020,2021,S,PLAZA-100-805,MIXTO,200,2,6,2,1,319,95182,1,1,2025-05-19 13:47:10.966175,0
2021,2016-8956,14,GRADO1,20210,15,14,4,IN,52,55,2,20220,20230,20240818,12,1,20,2025-05-24 13:47:10.973193,10,9,17,29,20250524,TE,100,520,2022,2023,E,PLAZA-100-970,PAS,2900,2,3,3,5,208,72824,0,0,2024-08-18 13:47:10.973193,1
2019,2016-1444,20,POSGR,20190,19,20,6,IN,91,30,2,20150,20180,20241126,5,3,5,2025-05-24 13:47:10.978678,4,9,14,38,20250524,TE,40,910,2015,2018,E,PLAZA-40-965,PAS,3800,2,3,3,2,424,97517,0,0,2024-11-26 13:47:10.978678,0
2013,2018-9947,14,GRADO,20130,13,14,1,IN,63,16,2,20130,20170,20240625,5,2,14,2025-05-24 13:47:10.982678,8,18,4,44,20250524,TE,80,630,2013,2017,E,PLAZA-80-475,PAS,4400,3,6,1,4,425,37505,0,0,2024-06-25 13:47:10.982678,1
2015,2018-9947,14,GRADO1,20150,13,14,4,IN,32,86,3,20130,20210,20241028,12,2,7,2025-05-24 13:47:10.988277,7,14,12,4,20250524,TR,70,320,2013,2021,E,PLAZA-70-686,ESTUDIANTES,400,3,2,2,6,90,12792,1,0,2024-10-28 13:47:10.988277,0
2020,2012-9751,1,DOCTO,20200,18,1,3,OUT,6,48,1,20150,20160,20240528,5,3,13,2025-05-24 13:47:10.992278,5,14,10,23,20250524,ST,50,60,2015,2016,S,PLAZA-50-137,MIXTO,2300,3,2,2,4,666,56911,1,1,2024-05-28 13:47:10.992278,1
2020,2017-2269,15,SHORT,20200,1,15,7,IN,18,20,4,20150,20150,20240622,6,4,1,2025-05-24 13:47:10.997289,1,4,11,6,20250524,RE,10,180,2015,2015,E,PLAZA-10-551,MIXTO,600,1,4,2,5,726,61871,1,1,2024-06-22 13:47:10.997289,0
2023,2011-7797,7,GRADO1,20230,6,7,4,OUT,47,82,3,20100,20230,20250510,6,1,9,2025-05-24 13:47:11.003289,10,2,14,32,20250524,TR,100,470,2010,2023,S,PLAZA-100-267,MIXTO,3200,1,2,3,2,515,21689,1,1,2025-05-10 13:47:11.002290,1
2023,2021-3704,7,GRADO2,20230,17,7,5,OUT,27,51,4,20240,20240,20250226,10,4,14,2025-05-24 13:47:11.009809,9,4,2,4,20250524,RE,90,270,2024,2024,S,PLAZA-90-830,PDI,400,1,4,1,2,775,87094,0,1,2025-02-26 13:47:11.009809,1
2019,2017-1096,10,OTHER,20190,11,10,8,OUT,62,85,3,20220,20240,20250106,10,2,10,2025-05-24 13:47:11.014809,10,14,3,3,20250524,TR,100,620,2022,2024,S,PLAZA-100-185,ESTUDIANTES,300,3,2,1,3,734,82509,1,0,2025-01-06 13:47:11.014809,1
2018,2018-9947,12,OTHER,20180,13,12,8,OUT,73,38,2,20150,20170,20241110,10,3,13,2025-05-24 13:47:11.020333,3,1,4,32,20250524,TE,30,730,2015,2017,S,PLAZA-30-198,ESTUDIANTES,3200,1,1,1,4,165,54561,1,0,2024-11-10 13:47:11.020333,0
2021,2015-9890,12,GRADO2,20210,7,12,5,OUT,64,31,1,20130,20220,20250325,10,4,8,2025-05-24 13:47:11.026336,5,18,2,50,20250524,ST,50,640,2013,2022,S,PLAZA-50-594,ESTUDIANTES,5000,3,6,1,2,984,13431,1,0,2025-03-25 13:47:11.026336,0
2014,2022-1320,8,MASTER,20140,10,8,2,OUT,9,11,2,20170,20180,20241203,9,2,14,2025-05-24 13:47:11.031526,5,2,11,35,20250524,TE,50,90,2017,2018,S,PLAZA-50-637,MIXTO,3500,1,2,2,5,988,66305,1,1,2024-12-03 13:47:11.031526,1
2014,2016-2020,18,MASTER,20140,8,18,2,IN,19,26,2,20140,20180,20250504,9,4,16,2025-05-24 13:47:11.036929,1,13,10,9,20250524,TE,10,190,2014,2018,E,PLAZA-10-752,PDI,900,3,1,2,4,735,52744,0,1,2025-05-04 13:47:11.036929,0
2021,2018-9947,3,GRADO2,20210,13,3,5,OUT,34,58,3,20190,20240,20241230,10,3,16,2025-05-24 13:47:11.043115,5,17,18,4,20250524,TR,50,340,2019,2024,S,PLAZA-50-811,PDI,400,3,5,3,6,183,98169,0,1,2024-12-30 13:47:11.043115,0
2012,2016-8956,18,MASTER,20120,15,18,2,OUT,67,32,1,20240,20240,20241224,9,4,11,2025-05-24 13:47:11.050115,2,14,20,8,20250524,ST,20,670,2024,2024,S,PLAZA-20-168,ESTUDIANTES,800,3,2,4,2,777,40445,1,0,2024-12-24 13:47:11.050115,0
2024,2021-3704,2,GRADO1,20240,17,2,4,OUT,93,54,3,20210,20230,20250217,5,5,14,2025-05-24 13:47:11.056115,7,1,18,31,20250524,TR,70,930,2021,2023,S,PLAZA-70-248,PAS,3100,1,1,3,6,670,70073,0,0,2025-02-17 13:47:11.056115,0
2024,2022-1320,14,MASTER,20240,10,14,2,OUT,4,1,3,20200,20240,20240830,12,2,2,2025-05-24 13:47:11.063118,5,20,1,3,20250524,TR,50,40,2020,2024,S,PLAZA-50-620,PAS,300,4,2,1,1,517,85205,0,0,2024-08-30 13:47:11.063118,1
2019,2022-1320,4,GRADO2,20190,10,4,5,OUT,12,86,3,20180,20190,20240715,5,3,7,2025-05-24 13:47:11.068118,10,14,5,18,20250524,TR,100,120,2018,2019,S,PLAZA-100-290,MIXTO,1800,3,2,1,5,19,55730,1,1,2024-07-15 13:47:11.068118,0
2011,2017-1096,6,GRADO2,20110,11,6,5,IN,33,17,4,20230,20240,20250328,9,3,10,2025-05-24 13:47:11.074115,5,20,19,14,20250524,RE,50,330,2023,2024,E,PLAZA-50-122,ESTUDIANTES,1400,4,2,4,1,76,28417,1,0,2025-03-28 13:47:11.074115,1
2023,2020-8022,19,POSGR,20230,20,19,6,IN,56,45,4,20240,20240,20250327,9,3,1,2025-05-24 13:47:11.079118,6,4,14,34,20250524,RE,60,560,2024,2024,E,PLAZA-60-809,MIXTO,3400,1,4,3,2,212,99282,1,1,2025-03-27 13:47:11.079118,0
2012,2012-3471,14,OTHER,20120,4,14,8,OUT,75,37,2,20180,20200,20250420,6,3,1,2025-05-24 13:47:11.085115,7,15,14,46,20250524,TE,70,750,2018,2020,S,PLAZA-70-399,PDI,4600,3,3,3,2,13,83229,0,1,2025-04-20 13:47:11.085115,0
2021,2014-7389,5,SHORT,20210,12,5,7,OUT,99,35,2,20110,20170,20240718,10,2,10,2025-05-24 13:47:11.090115,6,5,1,28,20250524,TE,60,990,2011,2017,S,PLAZA-60-191,PAS,2800,1,5,1,1,433,69493,0,0,2024-07-18 13:47:11.090115,1
2021,2017-1096,10,POSGR,20210,11,10,6,IN,85,26,1,20240,20240,20250426,10,2,5,2025-05-24 13:47:11.098127,10,18,16,27,20250524,ST,100,850,2024,2024,E,PLAZA-100-997,PAS,2700,3,6,3,4,358,83377,0,0,2025-04-26 13:47:11.098127,0
2011,2015-9890,14,OTHER,20110,7,14,8,IN,48,23,1,20100,20240,20250420,5,1,6,2025-05-24 13:47:11.103116,3,10,3,44,20250524,ST,30,480,2010,2024,E,PLAZA-30-943,PDI,4400,2,4,1,3,362,40979,0,1,2025-04-20 13:47:11.103116,1
2021,2013-5451,16,GRADO,20210,2,16,1,IN,61,28,1,20240,20240,20250416,6,5,1,2025-05-24 13:47:11.111114,7,2,5,7,20250524,ST,70,610,2024,2024,E,PLAZA-70-705,PDI,700,1,2,1,5,456,72541,0,1,2025-04-16 13:47:11.111114,0
2019,2016-3503,11,GRADO1,20190,5,11,4,OUT,92,100,3,20230,20230,20241212,12,3,4,2025-05-24 13:47:11.119114,7,1,19,22,20250524,TR,70,920,2023,2023,S,PLAZA-70-217,PDI,2200,1,1,4,1,216,15784,0,1,2024-12-12 13:47:11.119114,0
2010,2023-7883,2,GRADO,20100,9,2,1,OUT,85,25,2,20130,20210,20240915,6,3,1,2025-05-24 13:47:11.124121,3,14,5,1,20250524,TE,30,850,2013,2021,S,PLAZA-30-672,ESTUDIANTES,100,3,2,1,5,386,61828,1,0,2024-09-15 13:47:11.124121,1
2014,2016-8956,11,GRADO2,20140,15,11,5,IN,20,65,2,20130,20220,20250521,6,2,9,2025-05-24 13:47:11.130114,10,18,5,43,20250524,TE,100,200,2013,2022,E,PLAZA-100-450,PDI,4300,3,6,1,5,480,76506,0,1,2025-05-21 13:47:11.130114,0
2021,2017-1096,15,GRADO2,20210,11,15,5,IN,74,75,1,20210,20210,20240813,9,4,4,2025-05-24 13:47:11.135117,1,15,4,39,20250524,ST,10,740,2021,2021,E,PLAZA-10-833,PAS,3900,3,3,1,4,149,40538,0,0,2024-08-13 13:47:11.135117,0
2014,2016-3503,5,POSGR,20140,5,5,6,OUT,43,36,2,20120,20120,20240804,10,3,15,2025-05-24 13:47:11.140118,3,4,10,22,20250524,TE,30,430,2012,2012,S,PLAZA-30-480,PDI,2200,1,4,2,4,937,23780,0,1,2024-08-04 13:47:11.140118,1
2021,2023-7883,15,POSGR,20210,9,15,6,IN,56,68,2,20180,20240,20250510,9,1,14,2025-05-24 13:47:11.146063,3,20,14,15,20250524,TE,30,560,2018,2024,E,PLAZA-30-645,PAS,1500,4,2,3,2,529,61860,0,0,2025-05-10 13:47:11.146063,0
2015,2013-5451,19,MASTER,20150,2,19,2,OUT,54,86,2,20230,20230,20240809,9,4,9,2025-05-24 13:47:11.153058,2,17,2,46,20250524,TE,20,540,2023,2023,S,PLAZA-20-221,PAS,4600,3,5,1,2,212,50576,0,0,2024-08-09 13:47:11.153058,1
2024,2022-1320,2,GRADO2,20240,10,2,5,IN,3,100,1,20240,20240,20250519,5,2,11,2025-05-24 13:47:11.159063,1,15,3,37,20250524,ST,10,30,2024,2024,E,PLAZA-10-722,MIXTO,3700,3,3,1,3,570,43989,1,1,2025-05-19 13:47:11.159063,1
2022,2022-1320,19,OTHER,20220,10,19,8,IN,68,88,4,20220,20240,20250520,9,3,18,2025-05-24 13:47:11.165637,10,11,17,38,20250524,RE,100,680,2022,2024,E,PLAZA-100-171,MIXTO,3800,2,5,3,5,427,85512,1,1,2025-05-20 13:47:11.164641,0
2013,2014-7389,6,GRADO,20130,12,6,1,OUT,15,9,3,20200,20210,20241219,9,5,19,2025-05-24 13:47:11.170637,6,8,1,49,20250524,TR,60,150,2020,2021,S,PLAZA-60-887,PDI,4900,2,2,1,1,171,93990,0,1,2024-12-19 13:47:11.170637,1
2017,2018-9947,19,GRADO2,20170,13,19,5,IN,67,10,4,20100,20180,20240530,6,5,7,2025-05-24 13:47:11.176218,1,12,20,40,20250524,RE,10,670,2010,2018,E,PLAZA-10-949,MIXTO,4000,2,6,4,2,72,26379,1,1,2024-05-30 13:47:11.176218,0
2020,2016-1444,13,OTHER,20200,19,13,8,IN,46,30,1,20190,20200,20240601,9,4,6,2025-05-24 13:47:11.181147,5,1,7,15,20250524,ST,50,460,2019,2020,E,PLAZA-50-421,MIXTO,1500,1,1,2,1,802,85665,1,1,2024-06-01 13:47:11.181147,1
2013,2021-3704,11,GRADO1,20130,17,11,4,IN,12,17,1,20150,20200,20240930,12,2,2,2025-05-24 13:47:11.186457,8,7,12,1,20250524,ST,80,120,2015,2020,E,PLAZA-80-600,PAS,100,2,1,2,6,367,53923,0,0,2024-09-30 13:47:11.185947,0
2019,2022-1320,8,GRADO,20190,10,8,1,IN,54,40,3,20100,20170,20240803,10,2,4,2025-05-24 13:47:11.191299,10,11,12,45,20250524,TR,100,540,2010,2017,E,PLAZA-100-308,MIXTO,4500,2,5,2,6,273,20331,1,1,2024-08-03 13:47:11.191299,1
2020,2012-9751,5,POSGR,20200,18,5,6,IN,95,68,1,20160,20170,20250507,10,1,14,2025-05-24 13:47:11.196226,8,18,5,4,20250524,ST,80,950,2016,2017,E,PLAZA-80-777,MIXTO,400,3,6,1,5,270,31166,1,1,2025-05-07 13:47:11.196226,0
2016,2015-9849,14,MASTER,20160,3,14,2,IN,45,42,4,20240,20240,20241209,5,2,6,2025-05-24 13:47:11.210074,3,4,4,35,20250524,RE,30,450,2024,2024,E,PLAZA-30-577,MIXTO,3500,1,4,1,4,201,48623,1,1,2024-12-09 13:47:11.210074,1
2012,2017-2269,15,POSGR,20120,1,15,6,IN,36,66,1,20210,20230,20240720,9,1,18,2025-05-24 13:47:11.216190,3,15,7,11,20250524,ST,30,360,2021,2023,E,PLAZA-30-785,MIXTO,1100,3,3,2,1,630,83833,1,1,2024-07-20 13:47:11.216190,0
2016,2020-8022,11,GRADO1,20160,20,11,4,IN,68,21,1,20150,20230,20240826,6,5,17,2025-05-24 13:47:11.220999,8,17,2,42,20250524,ST,80,680,2015,2023,E,PLAZA-80-397,ESTUDIANTES,4200,3,5,1,2,218,42466,1,0,2024-08-26 13:47:11.220999,0
2016,2011-7797,11,GRADO1,20160,6,11,4,IN,84,46,1,20180,20180,20250501,6,3,20,2025-05-24 13:47:11.225691,2,16,9,3,20250524,ST,20,840,2018,2018,E,PLAZA-20-965,PDI,300,3,4,2,3,843,94376,0,1,2025-05-01 13:47:11.225691,0
2011,2016-6507,15,GRADO,20110,16,15,1,IN,45,18,1,20170,20230,20240831,9,3,9,2025-05-24 13:47:11.231784,3,14,18,33,20250524,ST,30,450,2017,2023,E,PLAZA-30-667,PAS,3300,3,2,3,6,353,17305,0,0,2024-08-31 13:47:11.231784,0
2012,2016-2020,15,SHORT,20120,8,15,7,IN,36,24,3,20210,20230,20241222,5,2,9,2025-05-24 13:47:11.237769,10,17,12,45,20250524,TR,100,360,2021,2023,E,PLAZA-100-672,ESTUDIANTES,4500,3,5,2,6,451,25493,1,0,2024-12-22 13:47:11.237769,0
2022,2012-9751,20,GRADO2,20220,18,20,5,OUT,85,19,2,20160,20220,20240926,5,5,4,2025-05-24 13:47:11.242784,4,12,6,31,20250524,TE,40,850,2016,2022,S,PLAZA-40-968,MIXTO,3100,2,6,1,6,618,14578,1,1,2024-09-26 13:47:11.242784,1
2016,2016-6507,20,OTHER,20160,16,20,8,IN,48,29,1,20160,20180,20250301,9,1,5,2025-05-24 13:47:11.248775,2,4,8,2,20250524,ST,20,480,2016,2018,E,PLAZA-20-609,PDI,200,1,4,2,2,848,60993,0,1,2025-03-01 13:47:11.248775,0
2016,2013-5451,3,GRADO,20160,2,3,1,IN,25,17,1,20160,20190,20250506,9,3,11,2025-05-24 13:47:11.253775,2,7,10,30,20250524,ST,20,250,2016,2019,E,PLAZA-20-654,PAS,3000,2,1,2,4,502,35119,0,0,2025-05-06 13:47:11.253775,0
2011,2016-8956,12,MASTER,20110,15,12,2,IN,55,3,4,20190,20200,20240629,10,5,13,2025-05-24 13:47:11.258784,7,20,9,27,20250524,RE,70,550,2019,2020,E,PLAZA-70-367,PDI,2700,4,2,2,3,948,30069,0,1,2024-06-29 13:47:11.258784,0
2020,2016-3503,7,OTHER,20200,5,7,8,IN,31,10,4,20210,20240,20250209,10,4,13,2025-05-24 13:47:11.263935,10,13,10,30,20250524,RE,100,310,2021,2024,E,PLAZA-100-903,ESTUDIANTES,3000,3,1,2,4,304,62130,1,0,2025-02-09 13:47:11.263935,0
2020,2016-2020,9,SHORT,20200,8,9,7,IN,55,12,2,20200,20220,20241209,6,2,20,2025-05-24 13:47:11.269499,6,1,7,35,20250524,TE,60,550,2020,2022,E,PLAZA-60-577,ESTUDIANTES,3500,1,1,2,1,925,83242,1,0,2024-12-09 13:47:11.269499,0
2022,2017-4595,3,SHORT,20220,14,3,7,IN,96,63,1,20240,20240,20240927,5,3,16,2025-05-24 13:47:11.274538,8,14,9,27,20250524,ST,80,960,2024,2024,E,PLAZA-80-364,PDI,2700,3,2,2,3,861,34544,0,1,2024-09-27 13:47:11.274538,0
2021,2020-8022,11,MASTER,20210,20,11,2,OUT,22,80,2,20110,20190,20250313,10,3,9,2025-05-24 13:47:11.279530,10,8,3,11,20250524,TE,100,220,2011,2019,S,PLAZA-100-721,ESTUDIANTES,1100,2,2,1,3,788,75319,1,0,2025-03-13 13:47:11.279530,0
2021,2017-4595,15,DOCTO,20210,14,15,3,IN,29,38,4,20110,20120,20250203,6,3,15,2025-05-24 13:47:11.284088,7,1,9,15,20250524,RE,70,290,2011,2012,E,PLAZA-70-969,PDI,1500,1,1,2,3,178,27874,0,1,2025-02-03 13:47:11.284088,0
2016,2016-2020,11,OTHER,20160,8,11,8,IN,38,72,4,20180,20180,20241118,12,4,7,2025-05-24 13:47:11.289071,7,18,6,24,20250524,RE,70,380,2018,2018,E,PLAZA-70-396,MIXTO,2400,3,6,1,6,176,72137,1,1,2024-11-18 13:47:11.289071,0
2017,2017-4595,18,GRADO2,20170,14,18,5,IN,12,30,2,20150,20220,20241021,10,1,4,2025-05-24 13:47:11.294069,7,5,12,2,20250524,TE,70,120,2015,2022,E,PLAZA-70-805,PAS,200,1,5,2,6,750,42734,0,0,2024-10-21 13:47:11.294069,1
2010,2017-4595,8,OTHER,20100,14,8,8,IN,5,29,2,20220,20230,20250508,10,3,13,2025-05-24 13:47:11.299079,6,14,14,35,20250524,TE,60,50,2022,2023,E,PLAZA-60-128,PDI,3500,3,2,3,2,334,19956,0,1,2025-05-08 13:47:11.299079,1
2010,2015-9890,13,MASTER,20100,7,13,2,IN,56,22,1,20210,20220,20250407,5,5,1,2025-05-24 13:47:11.305088,2,19,6,12,20250524,ST,20,560,2021,2022,E,PLAZA-20-716,ESTUDIANTES,1200,4,1,1,6,913,34585,1,0,2025-04-07 13:47:11.305088,0
2024,2015-9849,17,SHORT,20240,3,17,7,OUT,79,92,3,20110,20140,20250501,6,5,19,2025-05-24 13:47:11.310071,5,11,13,37,20250524,TR,50,790,2011,2014,S,PLAZA-50-791,ESTUDIANTES,3700,2,5,3,1,118,13910,1,0,2025-05-01 13:47:11.310071,1
2023,2022-1320,19,GRADO,20230,10,19,1,OUT,31,88,3,20220,20230,20240805,6,3,8,2025-05-24 13:47:11.317087,7,17,12,15,20250524,TR,70,310,2022,2023,S,PLAZA-70-987,PAS,1500,3,5,2,6,932,10738,0,0,2024-08-05 13:47:11.317087,0
2010,2012-9751,5,GRADO1,20100,18,5,4,OUT,57,10,4,20170,20200,20241225,5,2,14,2025-05-24 13:47:11.322087,7,11,5,21,20250524,RE,70,570,2017,2020,S,PLAZA-70-117,PDI,2100,2,5,1,5,126,85417,0,1,2024-12-25 13:47:11.322087,1
2015,2011-7797,18,GRADO2,20150,6,18,5,OUT,19,21,1,20170,20230,20250429,10,1,12,2025-05-24 13:47:11.327088,5,1,10,36,20250524,ST,50,190,2017,2023,S,PLAZA-50-352,PAS,3600,1,1,2,4,361,47674,0,0,2025-04-29 13:47:11.327088,1
2011,2016-2020,7,GRADO,20110,8,7,1,IN,71,48,1,20190,20210,20250430,12,1,15,2025-05-24 13:47:11.333082,8,19,15,4,20250524,ST,80,710,2019,2021,E,PLAZA-80-382,PDI,400,4,1,3,3,759,73383,0,1,2025-04-30 13:47:11.333082,0
2020,2015-9849,14,GRADO2,20200,3,14,5,IN,2,64,3,20220,20240,20241213,5,4,19,2025-05-24 13:47:11.338079,2,1,1,27,20250524,TR,20,20,2022,2024,E,PLAZA-20-784,MIXTO,2700,1,1,1,1,401,80396,1,1,2024-12-13 13:47:11.338079,1
2016,2016-3503,6,MASTER,20160,5,6,2,IN,70,65,3,20200,20220,20250502,5,1,18,2025-05-24 13:47:11.345093,7,8,2,21,20250524,TR,70,700,2020,2022,E,PLAZA-70-978,PAS,2100,2,2,1,2,576,31983,0,0,2025-05-02 13:47:11.345093,0
2017,2018-9947,6,MASTER,20170,13,6,2,OUT,50,57,4,20220,20220,20250206,6,2,4,2025-05-24 13:47:11.352072,5,19,4,21,20250524,RE,50,500,2022,2022,S,PLAZA-50-798,PDI,2100,4,1,1,4,455,89292,0,1,2025-02-06 13:47:11.352072,0
2024,2018-9947,15,POSGR,20240,13,15,6,OUT,34,100,1,20190,20240,20250227,5,4,12,2025-05-24 13:47:11.358069,1,9,7,9,20250524,ST,10,340,2019,2024,S,PLAZA-10-265,MIXTO,900,2,3,2,1,187,57047,1,1,2025-02-27 13:47:11.357080,1
2016,2014-7389,6,SHORT,20160,12,6,7,IN,5,2,3,20220,20230,20240812,5,3,7,2025-05-24 13:47:11.364076,5,16,15,7,20250524,TR,50,50,2022,2023,E,PLAZA-50-300,PDI,700,3,4,3,3,708,27442,0,1,2024-08-12 13:47:11.364076,1
2024,2016-2020,12,GRADO1,20240,8,12,4,IN,84,79,1,20240,20240,20241203,6,2,20,2025-05-24 13:47:11.371096,3,9,1,50,20250524,ST,30,840,2024,2024,E,PLAZA-30-776,ESTUDIANTES,5000,2,3,1,1,900,26614,1,0,2024-12-03 13:47:11.371096,0
2013,2016-2020,17,GRADO,20130,8,17,1,IN,100,63,3,20100,20190,20240718,6,3,7,2025-05-24 13:47:11.377573,6,8,12,25,20250524,TR,60,1000,2010,2019,E,PLAZA-60-309,PAS,2500,2,2,2,6,106,18597,0,0,2024-07-18 13:47:11.377573,0
2024,2012-3471,3,OTHER,20240,4,3,8,IN,14,48,4,20120,20210,20240608,6,5,18,2025-05-24 13:47:11.384010,3,8,6,25,20250524,RE,30,140,2012,2021,E,PLAZA-30-748,PDI,2500,2,2,1,6,693,77778,0,1,2024-06-08 13:47:11.384010,1
2013,2015-9849,19,MASTER,20130,3,19,2,OUT,48,76,4,20240,20240,20250115,9,5,8,2025-05-24 13:47:11.397035,3,13,6,19,20250524,RE,30,480,2024,2024,S,PLAZA-30-432,MIXTO,1900,3,1,1,6,297,66674,1,1,2025-01-15 13:47:11.397035,1
2018,2016-3503,16,DOCTO,20180,5,16,3,OUT,2,14,2,20240,20240,20241120,9,3,12,2025-05-24 13:47:11.409302,6,10,5,49,20250524,TE,60,20,2024,2024,S,PLAZA-60-676,PAS,4900,2,4,1,5,786,88686,0,0,2024-11-20 13:47:11.409302,1
2014,2017-2269,4,SHORT,20140,1,4,7,OUT,60,24,2,20130,20180,20250515,5,4,5,2025-05-24 13:47:11.414303,4,19,6,49,20250524,TE,40,600,2013,2018,S,PLAZA-40-718,PAS,4900,4,1,1,6,272,18057,0,0,2025-05-15 13:47:11.414303,0
2021,2021-3704,19,OTHER,20210,17,19,8,OUT,45,58,2,20130,20230,20250406,5,3,13,2025-05-24 13:47:11.419303,9,11,3,35,20250524,TE,90,450,2013,2023,S,PLAZA-90-307,PAS,3500,2,5,1,3,380,56637,0,0,2025-04-06 13:47:11.418302,1
2010,2021-3704,12,GRADO2,20100,17,12,5,IN,47,20,2,20240,20240,20250320,12,2,13,2025-05-24 13:47:11.426302,9,18,12,36,20250524,TE,90,470,2024,2024,E,PLAZA-90-413,PAS,3600,3,6,2,6,26,71332,0,0,2025-03-20 13:47:11.426302,0
2011,2012-9751,11,DOCTO,20110,18,11,3,IN,9,78,1,20160,20200,20240709,10,3,8,2025-05-24 13:47:11.431303,7,3,3,9,20250524,ST,70,90,2016,2020,E,PLAZA-70-794,PDI,900,1,3,1,3,329,21281,0,1,2024-07-09 13:47:11.431303,0
2024,2017-1096,17,GRADO1,20240,11,17,4,OUT,13,72,4,20120,20240,20241108,5,4,14,2025-05-24 13:47:11.436303,2,11,10,45,20250524,RE,20,130,2012,2024,S,PLAZA-20-636,ESTUDIANTES,4500,2,5,2,4,176,87323,1,0,2024-11-08 13:47:11.436303,1
2012,2016-2020,6,GRADO1,20120,8,6,4,IN,99,59,3,20240,20240,20250228,12,1,17,2025-05-24 13:47:11.452321,9,4,4,2,20250524,TR,90,990,2024,2024,E,PLAZA-90-708,MIXTO,200,1,4,1,4,17,48465,1,1,2025-02-28 13:47:11.452321,0
2014,2020-8022,15,DOCTO,20140,20,15,3,OUT,13,14,1,20100,20160,20250218,5,1,10,2025-05-24 13:47:11.457424,8,12,15,12,20250524,ST,80,130,2010,2016,S,PLAZA-80-313,MIXTO,1200,2,6,3,3,623,94746,1,1,2025-02-18 13:47:11.457424,0
2015,2016-3503,10,SHORT,20150,5,10,7,OUT,69,62,4,20100,20220,20240912,5,4,9,2025-05-24 13:47:11.463439,6,12,8,18,20250524,RE,60,690,2010,2022,S,PLAZA-60-723,PDI,1800,2,6,2,2,344,25861,0,1,2024-09-12 13:47:11.463439,0
2016,2012-3471,14,GRADO2,20160,4,14,5,IN,18,54,4,20220,20240,20240613,9,1,2,2025-05-24 13:47:11.469436,1,2,10,13,20250524,RE,10,180,2022,2024,E,PLAZA-10-192,MIXTO,1300,1,2,2,4,524,46223,1,1,2024-06-13 13:47:11.469436,1
2016,2016-8956,20,OTHER,20160,15,20,8,OUT,17,60,3,20120,20240,20241118,6,2,14,2025-05-24 13:47:11.474431,5,7,20,3,20250524,TR,50,170,2012,2024,S,PLAZA-50-981,PAS,300,2,1,4,2,354,43361,0,0,2024-11-18 13:47:11.474431,0
2015,2012-9751,2,DOCTO,20150,18,2,3,IN,56,39,2,20230,20240,20240616,9,1,19,2025-05-24 13:47:11.480682,5,6,12,36,20250524,TE,50,560,2023,2024,E,PLAZA-50-503,PDI,3600,1,6,2,6,837,94402,0,1,2024-06-16 13:47:11.480682,1
2015,2023-7883,20,OTHER,20150,9,20,8,OUT,93,70,4,20120,20230,20240906,12,2,3,2025-05-24 13:47:11.485334,10,4,6,41,20250524,RE,100,930,2012,2023,S,PLAZA-100-461,PDI,4100,1,4,1,6,603,47071,0,1,2024-09-06 13:47:11.485334,0
2022,2018-9947,7,GRADO1,20220,13,7,4,OUT,2,89,1,20240,20240,20250408,12,4,20,2025-05-24 13:47:11.491404,7,4,10,23,20250524,ST,70,20,2024,2024,S,PLAZA-70-212,ESTUDIANTES,2300,1,4,2,4,957,68420,1,0,2025-04-08 13:47:11.491404,1
2014,2017-4595,6,MASTER,20140,14,6,2,OUT,4,71,1,20150,20180,20240917,12,1,12,2025-05-24 13:47:11.496599,4,15,9,28,20250524,ST,40,40,2015,2018,S,PLAZA-40-598,PAS,2800,3,3,2,3,466,82321,0,0,2024-09-17 13:47:11.495958,1
2013,2015-9849,3,SHORT,20130,3,3,7,IN,2,100,3,20150,20240,20240927,12,2,11,2025-05-24 13:47:11.501622,2,15,12,33,20250524,TR,20,20,2015,2024,E,PLAZA-20-617,MIXTO,3300,3,3,2,6,837,89593,1,1,2024-09-27 13:47:11.501622,1
2024,2013-5451,2,GRADO2,20240,2,2,5,IN,57,68,2,20130,20140,20241007,12,3,13,2025-05-24 13:47:11.505631,1,10,9,7,20250524,TE,10,570,2013,2014,E,PLAZA-10-204,ESTUDIANTES,700,2,4,2,3,961,91967,1,0,2024-10-07 13:47:11.505631,0
2015,2012-3471,15,GRADO2,20150,4,15,5,OUT,65,49,3,20130,20130,20241227,12,3,8,2025-05-24 13:47:11.510579,7,14,15,11,20250524,TR,70,650,2013,2013,S,PLAZA-70-331,PDI,1100,3,2,3,3,940,63908,0,1,2024-12-27 13:47:11.510579,0
2011,2018-9947,16,GRADO,20110,13,16,1,OUT,24,16,1,20150,20230,20250213,5,2,3,2025-05-24 13:47:11.515580,4,4,2,4,20250524,ST,40,240,2015,2023,S,PLAZA-40-308,PDI,400,1,4,1,2,348,22960,0,1,2025-02-13 13:47:11.515580,1
2014,2016-1444,5,GRADO1,20140,19,5,4,OUT,81,96,2,20160,20180,20250407,5,1,2,2025-05-24 13:47:11.520570,7,10,20,30,20250524,TE,70,810,2016,2018,S,PLAZA-70-688,MIXTO,3000,2,4,4,2,338,14104,1,1,2025-04-07 13:47:11.520570,0
2016,2012-3471,5,DOCTO,20160,4,5,3,IN,48,41,3,20170,20220,20250225,9,5,12,2025-05-24 13:47:11.526570,5,4,19,24,20250524,TR,50,480,2017,2022,E,PLAZA-50-349,PAS,2400,1,4,4,1,895,97619,0,0,2025-02-25 13:47:11.526570,0
2015,2016-2020,16,POSGR,20150,8,16,6,OUT,44,92,1,20140,20230,20240530,10,1,14,2025-05-24 13:47:11.531579,8,20,16,11,20250524,ST,80,440,2014,2023,S,PLAZA-80-480,ESTUDIANTES,1100,4,2,3,4,55,22717,1,0,2024-05-30 13:47:11.531579,0
2017,2012-3471,16,POSGR,20170,4,16,6,IN,38,76,4,20160,20200,20241218,9,2,14,2025-05-24 13:47:11.536579,10,19,1,13,20250524,RE,100,380,2016,2020,E,PLAZA-100-583,PDI,1300,4,1,1,1,791,15504,0,1,2024-12-18 13:47:11.536579,1
2011,2012-3471,20,GRADO2,20110,4,20,5,OUT,23,73,3,20130,20190,20240622,6,5,7,2025-05-24 13:47:11.541570,7,3,16,4,20250524,TR,70,230,2013,2019,S,PLAZA-70-115,MIXTO,400,1,3,3,4,889,25437,1,1,2024-06-22 13:47:11.541570,0
2013,2016-3503,4,GRADO,20130,5,4,1,OUT,40,22,1,20140,20190,20250310,10,2,1,2025-05-24 13:47:11.546579,7,9,1,16,20250524,ST,70,400,2014,2019,S,PLAZA-70-385,MIXTO,1600,2,3,1,1,934,94836,1,1,2025-03-10 13:47:11.546579,1
2014,2018-9947,10,GRADO,20140,13,10,1,OUT,52,81,4,20180,20200,20250203,12,4,6,2025-05-24 13:47:11.551572,3,17,19,13,20250524,RE,30,520,2018,2020,S,PLAZA-30-866,PAS,1300,3,5,4,1,574,52632,0,0,2025-02-03 13:47:11.551572,0
