ID_SOLICITUD_MOVILIDAD_NK,ID_CURSO_ACADEMICO_NK,ID_EXPEDIENTE_ACADEMICO_NK,ID_ALUMNO_NIP_NK,ID_CURSO_ACADEMICO,ID_EXPEDIENTE_ACADEMICO,ID_ALUMNO,ID_PAIS_NACIONALIDAD,ID_SEXO,ID_PLAN_ESTUDIO,ID_TIPO_ESTUDIO,ID_CENTRO,ID_TIPO_ACCESO,ID_AREA_ESTUDIOS_MOVILIDAD,ID_NIVEL_ESTUDIOS_MOVILIDAD,ID_IDIOMA_MOVILIDAD,ID_FECHA_SOLICITUD,ID_RANGO_NOTA_ADMISION,ID_RANGO_CRED_SUPERADOS_PREVIO,ORDEN_PREFERENCIA,FLG_ACEPTADA,FLG_RENUNCIA,ACEPTADA,RENUNCIA,EDAD,DURACION_ESTANCIA,ANOS_CURSADOS,CREDITOS_SUPERADOS,NOTA_ADMISION,FECHA_CARGA,ID_POBLACION_FAMILIAR,ID_PROGRAMA_MOVILIDAD,ID_ESTUDIO,ID_RAMA_CONOCIMIENTO,ID_FECHA_CARGA,ID_EDAD_EST,ID_UNIVERSIDAD_DESTINO,ID_PAIS_UNIVERSIDAD_DESTINO
1100001,2024,1200001,1400001,20240,1300001,1500001,20,1,19,9,37,7,20,2,12,20210701,5,7,2,N,N,0,0,20,11,2,88,5.3,2022-05-22,117,6,44,8,20230710,6,88,94
1100002,2022,1200002,1400002,20220,1300002,1500002,49,1,17,3,49,2,8,4,3,20220121,1,5,3,S,N,1,0,25,5,3,132,12.48,2022-06-04,305,8,14,4,20230813,8,60,95
1100003,2020,1200003,1400003,20200,1300003,1500003,19,1,90,2,6,15,5,6,6,20220607,5,4,5,S,N,1,0,29,4,4,171,10.09,2023-07-27,491,3,37,2,20231231,8,5,29
1100004,2023,1200004,1400004,20230,1300004,1500004,40,2,94,3,35,4,1,4,8,20220812,1,3,2,N,N,0,0,30,9,3,62,7.52,2023-11-30,494,5,30,2,20220405,4,13,52
1100005,2018,1200005,1400005,20180,1300005,1500005,57,1,11,6,35,7,5,3,4,20220922,3,1,4,S,N,1,0,23,7,3,109,10.32,2023-06-11,332,8,47,9,20220128,8,71,34
1100006,2017,1200006,1400006,20170,1300006,1500006,100,2,76,3,21,9,15,6,14,20220321,1,5,1,N,N,0,0,22,8,1,52,7.33,2022-12-10,40,9,43,2,20220616,10,14,48
1100007,2013,1200007,1400007,20130,1300007,1500007,61,2,91,3,36,7,15,2,3,20220612,5,3,5,S,N,1,0,27,5,3,38,13.55,2023-06-05,421,7,44,9,20230715,10,13,44
1100008,2010,1200008,1400008,20100,1300008,1500008,73,1,57,7,7,6,19,2,12,20200420,1,3,3,N,N,0,0,28,8,4,116,8.87,2023-08-01,465,9,44,10,20230528,9,44,78
1100009,2022,1200009,1400009,20220,1300009,1500009,22,1,18,10,41,3,2,2,3,20210920,2,2,3,S,N,1,0,26,3,3,161,10.91,2022-06-30,383,8,16,7,20220114,7,49,5
1100010,2016,1200010,1400010,20160,1300010,1500010,73,1,32,1,15,4,3,4,11,20211118,2,5,1,S,N,1,0,18,11,2,136,10.74,2022-04-29,52,9,3,6,20230820,9,17,45
1100011,2015,1200011,1400011,20150,1300011,1500011,60,1,73,7,49,11,10,1,2,20201115,4,4,3,N,N,0,0,21,7,3,168,13.64,2023-10-24,161,7,17,4,20230806,4,63,54
1100012,2022,1200012,1400012,20220,1300012,1500012,84,2,79,6,42,5,5,6,9,20200128,4,5,4,S,N,1,0,27,7,3,148,12.09,2022-03-07,11,3,7,7,20220121,5,36,98
1100013,2019,1200013,1400013,20190,1300013,1500013,62,2,67,6,2,13,2,4,15,20200724,5,4,3,N,N,0,0,24,10,2,67,10.51,2023-08-08,484,9,33,5,20220112,2,78,57
1100014,2024,1200014,1400014,20240,1300014,1500014,59,1,16,6,33,1,17,6,4,20220510,4,1,2,S,N,1,0,27,12,2,154,5.04,2022-07-18,223,4,12,5,20220430,5,78,18
1100015,2017,1200015,1400015,20170,1300015,1500015,89,1,79,2,35,14,9,6,1,20200214,1,2,3,S,N,1,0,30,4,1,68,9.22,2023-02-15,255,3,1,10,20220603,4,84,62
1100016,2013,1200016,1400016,20130,1300016,1500016,43,2,52,10,3,10,12,1,5,20200426,5,6,1,S,N,1,0,19,11,2,165,9.77,2023-03-04,215,7,45,10,20230929,1,4,22
1100017,2017,1200017,1400017,20170,1300017,1500017,91,2,23,5,49,1,16,4,4,20200726,3,1,3,N,N,0,0,27,3,2,90,12.6,2022-03-02,425,8,20,5,20221126,5,6,82
1100018,2010,1200018,1400018,20100,1300018,1500018,49,2,48,3,41,7,9,8,3,20221211,5,4,4,S,N,1,0,18,6,1,162,9.88,2022-05-19,461,1,22,1,20220518,5,45,87
1100019,2020,1200019,1400019,20200,1300019,1500019,68,2,19,6,32,7,17,3,7,20210809,4,3,5,S,N,1,0,27,7,1,120,12.8,2022-05-16,90,4,9,6,20220604,6,34,60
1100020,2019,1200020,1400020,20190,1300020,1500020,10,1,88,10,38,14,17,7,13,20200911,4,3,5,S,N,1,0,22,4,3,122,11.78,2022-07-19,234,2,28,6,20230217,4,97,69
1100021,2010,1200021,1400021,20100,1300021,1500021,50,1,12,9,49,4,16,2,11,20200319,5,3,4,N,N,0,0,29,10,4,70,6.68,2023-06-22,431,3,2,5,20231218,8,86,60
1100022,2023,1200022,1400022,20230,1300022,1500022,70,2,78,10,16,2,14,5,10,20220701,1,2,3,S,N,1,0,29,12,1,100,7.22,2023-09-01,120,10,10,7,20230511,5,22,51
1100023,2021,1200023,1400023,20210,1300023,1500023,53,2,16,6,49,4,17,5,9,20200926,5,6,4,N,N,0,0,30,10,3,121,10.14,2022-03-31,146,2,1,6,20230127,6,40,84
1100024,2012,1200024,1400024,20120,1300024,1500024,51,1,82,6,19,10,5,6,11,20211203,2,4,2,N,N,0,0,30,8,1,160,13.15,2023-07-03,373,4,20,10,20230820,8,12,42
1100025,2016,1200025,1400025,20160,1300025,1500025,8,1,84,1,33,15,5,6,3,20211210,2,2,5,S,N,1,0,23,12,4,103,8.06,2022-01-03,222,7,17,10,20230618,8,80,66
1100026,2011,1200026,1400026,20110,1300026,1500026,4,1,41,7,24,7,16,1,7,20220327,5,5,5,N,N,0,0,19,6,2,96,10.33,2022-07-23,363,7,45,10,20230418,6,57,84
1100027,2018,1200027,1400027,20180,1300027,1500027,66,1,65,1,10,2,4,5,15,20210425,4,5,4,N,N,0,0,20,6,3,84,5.85,2022-02-24,257,6,35,9,20220203,4,100,58
1100028,2010,1200028,1400028,20100,1300028,1500028,11,1,58,1,29,1,20,2,2,20210106,2,3,2,S,N,1,0,20,5,2,135,13.5,2023-10-01,467,3,47,5,20220629,9,89,33
1100029,2021,1200029,1400029,20210,1300029,1500029,91,1,43,6,23,9,16,5,11,20220327,5,4,1,N,N,0,0,30,11,1,166,5.88,2023-07-23,307,10,15,1,20230903,6,55,68
1100030,2010,1200030,1400030,20100,1300030,1500030,71,1,53,8,5,13,6,3,10,20210729,4,2,3,S,N,1,0,30,5,3,39,8.63,2023-05-12,240,4,28,8,20230422,5,30,83
1100031,2014,1200031,1400031,20140,1300031,1500031,22,1,88,5,20,8,7,7,2,20210721,4,1,1,N,N,0,0,26,6,1,54,7.31,2023-01-14,55,9,41,4,20221002,7,51,96
1100032,2013,1200032,1400032,20130,1300032,1500032,58,2,6,4,9,13,7,6,4,20210916,5,3,2,S,N,1,0,25,7,1,173,6.83,2023-03-12,264,3,44,5,20230426,7,98,52
1100033,2019,1200033,1400033,20190,1300033,1500033,1,1,66,8,21,10,1,3,8,20210331,1,2,2,N,N,0,0,21,10,1,94,12.55,2023-06-27,268,1,40,5,20220626,6,46,11
1100034,2013,1200034,1400034,20130,1300034,1500034,68,2,91,3,41,15,18,8,12,20220325,2,6,3,N,N,0,0,20,8,1,154,5.21,2023-10-16,453,10,35,5,20220918,8,36,26
1100035,2022,1200035,1400035,20220,1300035,1500035,93,1,93,3,7,6,4,6,3,20200623,4,2,5,N,N,0,0,27,4,3,33,11.97,2023-03-22,214,2,5,10,20230110,6,54,77
1100036,2015,1200036,1400036,20150,1300036,1500036,76,1,65,5,47,13,18,7,4,20220417,4,1,5,S,N,1,0,28,11,4,138,11.52,2023-02-15,399,5,14,1,20231118,5,59,43
1100037,2016,1200037,1400037,20160,1300037,1500037,10,2,31,9,4,12,14,6,11,20210209,3,2,4,S,N,1,0,21,8,1,101,13.85,2023-12-30,123,8,30,8,20221127,10,27,58
1100038,2014,1200038,1400038,20140,1300038,1500038,89,2,70,4,43,6,3,2,10,20211016,5,3,4,N,N,0,0,26,8,1,47,12.55,2022-04-09,133,5,38,6,20220121,3,78,30
1100039,2020,1200039,1400039,20200,1300039,1500039,22,2,15,9,28,15,14,6,11,20200927,4,5,3,N,N,0,0,22,10,3,112,10.68,2022-05-07,369,1,29,6,20220625,2,8,56
1100040,2023,1200040,1400040,20230,1300040,1500040,17,1,55,1,9,3,7,6,4,20211129,4,2,3,N,N,0,0,20,3,2,90,6.12,2022-02-13,102,1,25,8,20230719,6,29,92
1100041,2022,1200041,1400041,20220,1300041,1500041,57,2,74,6,25,14,9,8,13,20200613,5,1,2,S,N,1,0,22,5,2,77,8.06,2023-06-25,333,1,47,3,20230225,6,16,85
1100042,2013,1200042,1400042,20130,1300042,1500042,37,2,1,9,6,3,16,4,10,20220713,4,2,1,S,S,1,1,28,3,4,148,8.76,2022-03-07,425,6,5,1,20221209,9,82,100
1100043,2021,1200043,1400043,20210,1300043,1500043,6,2,74,5,38,8,20,8,5,20200717,4,6,1,S,N,1,0,24,9,3,119,12.75,2023-10-21,252,1,40,7,20230105,2,29,96
1100044,2013,1200044,1400044,20130,1300044,1500044,89,2,70,7,44,3,8,8,11,20220528,2,7,3,N,N,0,0,20,12,4,119,9.68,2023-08-13,34,9,19,6,20231016,9,49,26
1100045,2014,1200045,1400045,20140,1300045,1500045,47,2,52,6,37,6,14,6,15,20211125,5,1,2,N,N,0,0,21,8,1,39,11.08,2023-05-20,169,2,37,7,20231124,2,28,21
1100046,2022,1200046,1400046,20220,1300046,1500046,63,2,38,2,15,10,14,1,12,20200630,4,4,5,N,N,0,0,28,9,1,177,7.28,2022-11-28,361,7,13,1,20220525,3,45,5
1100047,2017,1200047,1400047,20170,1300047,1500047,91,1,28,3,36,2,18,2,12,20200711,5,2,5,S,N,1,0,25,6,4,143,12.97,2022-09-29,218,4,18,4,20220202,7,25,80
1100048,2024,1200048,1400048,20240,1300048,1500048,92,2,16,6,2,15,17,5,8,20210929,4,7,3,N,N,0,0,28,11,4,49,12.06,2022-06-25,300,7,12,10,20230708,7,74,3
1100049,2021,1200049,1400049,20210,1300049,1500049,26,1,97,10,10,8,11,5,13,20221121,4,1,2,N,N,0,0,30,7,3,174,9.23,2023-07-17,251,10,41,10,20220425,9,92,99
1100050,2013,1200050,1400050,20130,1300050,1500050,100,1,50,9,49,1,17,6,2,20200504,1,7,5,S,S,1,1,26,5,2,172,12.59,2022-07-06,30,6,45,3,20221120,5,61,37
1100051,2013,1200051,1400051,20130,1300051,1500051,56,1,43,10,15,6,16,2,4,20200304,4,2,1,N,N,0,0,29,3,4,166,10.68,2022-03-01,372,10,33,5,20230802,10,20,47
1100052,2023,1200052,1400052,20230,1300052,1500052,8,1,5,5,45,11,12,3,14,20210925,5,4,4,N,N,0,0,30,6,2,98,8.49,2023-11-16,496,1,42,8,20220524,8,68,98
1100053,2017,1200053,1400053,20170,1300053,1500053,1,1,94,9,37,1,14,3,11,20210810,5,7,3,S,N,1,0,21,6,3,121,11.45,2022-08-07,400,8,16,1,20220830,5,61,50
1100054,2022,1200054,1400054,20220,1300054,1500054,56,1,58,5,17,15,6,1,1,20220602,2,2,1,S,N,1,0,18,6,2,95,7.94,2022-07-10,30,10,17,5,20220614,7,60,68
1100055,2020,1200055,1400055,20200,1300055,1500055,1,1,25,7,30,13,7,6,9,20210126,2,4,1,S,N,1,0,19,6,3,37,8.05,2022-02-19,358,4,4,7,20220413,1,34,10
1100056,2010,1200056,1400056,20100,1300056,1500056,50,1,9,3,33,11,16,4,11,20200326,1,1,3,S,S,1,1,23,8,2,172,7.72,2023-11-18,205,7,43,8,20230110,4,67,85
1100057,2017,1200057,1400057,20170,1300057,1500057,10,2,61,4,13,4,14,1,13,20200111,4,3,5,S,N,1,0,27,5,2,122,11.47,2022-04-11,268,2,8,2,20230930,9,92,2
1100058,2012,1200058,1400058,20120,1300058,1500058,16,2,43,10,24,14,8,3,13,20220811,2,2,1,S,N,1,0,20,4,1,56,7.2,2023-04-24,384,8,31,2,20230929,7,34,27
1100059,2016,1200059,1400059,20160,1300059,1500059,3,1,90,3,20,9,20,1,5,20200526,2,5,1,N,N,0,0,29,8,3,108,7.17,2023-01-02,33,4,17,9,20220427,3,96,47
1100060,2020,1200060,1400060,20200,1300060,1500060,89,1,32,4,31,1,4,1,13,20220505,2,7,3,N,N,0,0,21,5,2,81,8.46,2023-10-11,186,8,48,9,20220307,2,63,96
1100061,2023,1200061,1400061,20230,1300061,1500061,29,2,79,10,18,9,16,3,14,20210321,3,5,5,N,N,0,0,29,5,4,129,10.61,2023-09-03,418,7,38,6,20220203,8,81,22
1100062,2010,1200062,1400062,20100,1300062,1500062,81,2,28,2,42,1,20,8,9,20201224,5,2,4,S,S,1,1,23,12,1,163,12.88,2022-09-04,21,4,31,9,20220912,3,4,69
1100063,2023,1200063,1400063,20230,1300063,1500063,53,1,32,7,27,12,1,1,14,20220204,4,5,1,S,N,1,0,20,10,1,114,5.48,2023-05-07,476,3,30,4,20220904,5,79,20
1100064,2013,1200064,1400064,20130,1300064,1500064,4,2,72,9,1,3,6,8,12,20220831,3,4,4,S,N,1,0,30,9,1,145,10.92,2023-11-21,102,10,21,3,20230408,4,14,56
1100065,2017,1200065,1400065,20170,1300065,1500065,9,1,83,3,22,3,9,4,12,20220528,3,5,5,N,N,0,0,26,3,4,73,6.84,2023-09-11,363,2,40,4,20220515,5,79,63
1100066,2018,1200066,1400066,20180,1300066,1500066,32,1,64,9,4,3,19,7,12,20220701,4,2,5,S,N,1,0,26,6,3,49,5.66,2022-07-26,291,8,35,5,20220624,2,56,82
1100067,2021,1200067,1400067,20210,1300067,1500067,65,1,30,5,3,5,19,2,10,20220505,1,3,4,N,N,0,0,29,11,1,103,11.06,2022-05-21,105,8,2,5,20220105,1,86,100
1100068,2021,1200068,1400068,20210,1300068,1500068,10,1,80,7,9,4,19,8,2,20210606,3,7,4,S,N,1,0,26,8,1,42,10.01,2022-08-13,419,5,31,4,20230427,7,1,76
1100069,2016,1200069,1400069,20160,1300069,1500069,10,2,33,9,20,6,7,4,10,20201203,2,1,3,N,N,0,0,27,12,4,77,12.15,2022-04-15,489,9,22,6,20230811,2,21,90
1100070,2021,1200070,1400070,20210,1300070,1500070,70,1,19,3,17,9,12,3,14,20200423,5,6,2,N,N,0,0,27,5,4,86,7.0,2023-04-22,277,7,34,4,20221115,2,76,70
1100071,2016,1200071,1400071,20160,1300071,1500071,29,2,97,1,38,13,13,1,5,20200215,5,3,5,S,N,1,0,18,12,2,170,7.47,2023-12-25,142,3,33,7,20230702,5,7,33
1100072,2022,1200072,1400072,20220,1300072,1500072,92,2,45,7,40,3,7,8,12,20221124,4,6,2,S,N,1,0,26,6,1,132,7.47,2023-01-17,169,4,24,2,20231122,3,48,35
1100073,2014,1200073,1400073,20140,1300073,1500073,36,1,85,2,33,10,8,6,4,20210430,3,3,4,N,N,0,0,23,10,2,85,6.56,2022-11-25,198,5,8,6,20220226,2,97,9
1100074,2013,1200074,1400074,20130,1300074,1500074,62,2,25,8,18,7,16,2,6,20221017,4,6,4,N,N,0,0,22,6,1,150,5.3,2022-02-22,283,8,9,4,20230106,4,82,48
1100075,2017,1200075,1400075,20170,1300075,1500075,53,2,10,5,14,5,15,6,14,20221224,5,6,2,N,N,0,0,27,7,4,53,12.56,2022-02-07,92,2,34,3,20220821,7,44,47
1100076,2023,1200076,1400076,20230,1300076,1500076,15,2,26,1,22,4,4,3,12,20200512,3,1,5,N,N,0,0,29,4,2,165,11.78,2022-09-11,468,1,32,6,20220309,1,71,50
1100077,2018,1200077,1400077,20180,1300077,1500077,66,2,99,5,15,4,19,1,15,20211212,1,3,1,N,N,0,0,18,8,3,102,10.93,2023-09-12,423,1,50,4,20230920,6,78,78
1100078,2016,1200078,1400078,20160,1300078,1500078,10,2,67,2,50,8,17,1,5,20211108,4,1,1,S,S,1,1,26,6,2,47,6.42,2023-06-13,207,5,48,7,20220922,7,54,91
1100079,2018,1200079,1400079,20180,1300079,1500079,57,1,39,6,21,14,4,5,15,20220103,2,6,2,N,N,0,0,23,8,3,157,10.8,2023-08-27,179,6,18,10,20230928,3,86,31
1100080,2024,1200080,1400080,20240,1300080,1500080,20,1,33,8,20,10,16,5,8,20200304,1,4,3,N,N,0,0,28,8,4,158,11.99,2023-09-30,201,3,44,2,20230105,6,54,73
1100081,2023,1200081,1400081,20230,1300081,1500081,81,1,38,1,23,12,19,1,13,20201010,1,7,2,S,N,1,0,28,11,4,169,6.38,2022-02-16,203,9,22,3,20221116,10,77,86
1100082,2015,1200082,1400082,20150,1300082,1500082,87,2,11,5,16,1,4,2,15,20220126,4,4,2,N,N,0,0,23,7,4,46,11.25,2022-12-14,228,8,33,4,20220814,5,21,55
1100083,2016,1200083,1400083,20160,1300083,1500083,47,2,62,4,49,2,7,6,15,20211204,4,4,3,S,N,1,0,29,7,4,33,6.73,2022-04-22,72,7,46,7,20230221,3,31,89
1100084,2021,1200084,1400084,20210,1300084,1500084,84,1,35,6,22,15,13,6,1,20200416,4,4,3,N,N,0,0,23,5,3,138,6.17,2023-10-22,242,9,44,2,20230425,7,88,19
1100085,2014,1200085,1400085,20140,1300085,1500085,23,1,25,9,50,8,16,3,6,20221023,4,3,5,S,N,1,0,30,11,3,63,12.11,2023-08-17,94,3,29,3,20231002,3,45,52
1100086,2010,1200086,1400086,20100,1300086,1500086,17,2,19,6,5,10,2,8,3,20201202,4,2,1,S,N,1,0,21,7,1,133,11.34,2022-11-14,1,7,47,8,20221017,8,15,5
1100087,2015,1200087,1400087,20150,1300087,1500087,18,2,64,6,6,7,7,8,13,20200928,1,6,4,N,N,0,0,25,10,1,86,9.85,2022-03-20,229,4,29,1,20221202,7,68,43
1100088,2018,1200088,1400088,20180,1300088,1500088,93,2,66,1,45,14,19,7,15,20210103,3,1,1,N,N,0,0,21,3,1,179,10.29,2023-02-24,80,3,44,4,20220331,6,12,29
1100089,2020,1200089,1400089,20200,1300089,1500089,66,2,51,6,24,8,12,5,2,20220112,1,4,1,N,N,0,0,29,8,4,43,9.24,2022-07-04,113,10,42,6,20220326,3,54,51
1100090,2018,1200090,1400090,20180,1300090,1500090,41,2,47,1,5,10,16,8,6,20200801,1,7,2,N,N,0,0,29,7,4,94,13.28,2022-11-18,364,2,47,8,20220709,3,32,76
1100091,2012,1200091,1400091,20120,1300091,1500091,53,1,38,2,46,9,4,3,6,20200107,5,6,2,S,N,1,0,26,6,1,84,11.84,2022-05-14,162,2,17,7,20231115,10,72,1
1100092,2023,1200092,1400092,20230,1300092,1500092,16,2,68,9,48,2,4,2,8,20220903,5,1,2,N,N,0,0,26,6,3,141,13.33,2022-11-09,209,10,18,6,20220530,6,78,53
1100093,2014,1200093,1400093,20140,1300093,1500093,82,2,90,10,7,4,16,4,3,20220711,4,6,2,N,N,0,0,19,3,3,40,12.66,2022-07-29,459,2,33,7,20220903,10,93,97
1100094,2022,1200094,1400094,20220,1300094,1500094,18,2,55,9,11,8,10,2,2,20200912,5,3,2,S,N,1,0,25,6,1,50,10.58,2023-09-30,427,5,26,5,20220214,4,78,33
1100095,2015,1200095,1400095,20150,1300095,1500095,30,2,65,5,37,14,15,1,7,20200402,2,7,5,S,N,1,0,19,4,2,159,12.36,2023-04-10,72,4,3,4,20230202,2,26,91
1100096,2021,1200096,1400096,20210,1300096,1500096,75,1,38,6,27,1,9,1,1,20200429,5,2,3,S,N,1,0,21,3,1,171,10.72,2023-10-23,219,1,38,7,20230116,6,31,51
1100097,2017,1200097,1400097,20170,1300097,1500097,24,2,53,1,36,15,17,7,10,20200831,1,3,3,S,N,1,0,26,4,1,54,12.07,2022-11-26,407,9,18,5,20231005,6,37,2
1100098,2011,1200098,1400098,20110,1300098,1500098,61,1,32,10,4,6,1,8,13,20220104,3,6,3,S,S,1,1,30,12,4,95,9.7,2022-12-01,209,4,13,4,20221201,9,63,12
1100099,2024,1200099,1400099,20240,1300099,1500099,61,2,32,1,34,13,10,4,12,20221018,1,5,2,S,N,1,0,25,8,2,149,9.5,2022-02-23,37,8,24,8,20230318,6,28,5
1100100,2023,1200100,1400100,20230,1300100,1500100,68,2,59,6,45,1,12,4,10,20221226,2,2,3,S,N,1,0,30,5,3,174,13.69,2023-06-13,214,2,43,3,20230213,2,30,25
1100101,2010,1200101,1400101,20100,1300101,1500101,23,2,84,4,32,2,3,3,3,20200522,4,4,3,S,N,1,0,29,6,1,144,9.83,2023-04-29,221,8,29,5,20221218,3,25,74
1100102,2015,1200102,1400102,20150,1300102,1500102,44,2,68,6,14,12,1,7,5,20200217,4,6,4,S,N,1,0,19,5,2,79,9.47,2023-05-09,375,6,20,10,20230723,7,23,62
1100103,2012,1200103,1400103,20120,1300103,1500103,46,1,93,10,25,11,12,5,6,20210707,5,1,5,N,N,0,0,24,5,1,124,12.73,2022-11-23,124,8,43,4,20230808,5,33,72
1100104,2013,1200104,1400104,20130,1300104,1500104,15,2,4,8,35,7,12,4,8,20211118,4,5,5,N,N,0,0,28,10,3,163,5.49,2022-01-07,145,5,15,2,20230304,6,75,73
1100105,2010,1200105,1400105,20100,1300105,1500105,4,2,53,6,13,12,2,6,12,20220403,5,2,1,S,N,1,0,20,4,3,113,11.15,2023-10-06,393,6,49,8,20231231,7,83,40
1100106,2022,1200106,1400106,20220,1300106,1500106,79,1,40,10,45,2,20,8,3,20210310,4,7,4,S,N,1,0,21,6,2,148,11.35,2023-05-17,487,8,50,9,20230825,9,12,49
1100107,2011,1200107,1400107,20110,1300107,1500107,65,1,20,3,4,5,17,4,3,20221031,1,2,2,S,N,1,0,25,5,1,70,5.89,2022-12-24,102,4,32,6,20220804,2,71,57
1100108,2018,1200108,1400108,20180,1300108,1500108,33,1,75,9,48,15,10,8,4,20201224,1,7,4,S,N,1,0,21,5,4,92,7.84,2023-02-18,284,3,41,2,20221031,3,15,40
1100109,2016,1200109,1400109,20160,1300109,1500109,85,2,93,7,43,13,20,1,11,20221211,2,5,1,N,N,0,0,30,6,3,44,13.82,2023-05-11,154,4,46,3,20231010,9,30,80
1100110,2018,1200110,1400110,20180,1300110,1500110,47,1,25,3,34,11,11,3,1,20200527,5,2,3,S,N,1,0,22,3,4,97,12.35,2022-04-19,267,6,11,6,20221216,6,41,100
1100111,2017,1200111,1400111,20170,1300111,1500111,83,1,27,3,35,3,7,5,8,20200214,1,6,4,S,S,1,1,30,6,4,114,5.92,2022-06-14,166,7,34,6,20220210,3,25,85
1100112,2014,1200112,1400112,20140,1300112,1500112,97,2,89,10,43,2,8,5,14,20220925,4,1,4,S,N,1,0,18,11,2,180,8.71,2022-09-26,110,9,11,8,20231029,9,58,9
1100113,2023,1200113,1400113,20230,1300113,1500113,61,1,84,7,36,11,1,7,14,20200222,4,6,1,S,N,1,0,18,12,4,149,13.0,2022-10-23,475,1,38,8,20220506,5,73,44
1100114,2018,1200114,1400114,20180,1300114,1500114,99,2,31,7,27,9,6,4,8,20200315,1,4,2,S,S,1,1,30,7,1,111,6.1,2022-09-26,480,7,17,8,20230331,3,44,6
1100115,2023,1200115,1400115,20230,1300115,1500115,93,1,88,6,12,15,11,6,6,20220525,3,7,3,N,N,0,0,18,3,1,124,12.48,2022-01-12,406,5,43,7,20230806,5,52,51
1100116,2018,1200116,1400116,20180,1300116,1500116,62,1,61,8,20,9,14,8,3,20210519,5,5,1,S,N,1,0,28,8,4,73,5.57,2023-06-01,357,5,3,7,20221119,1,40,16
1100117,2019,1200117,1400117,20190,1300117,1500117,13,1,18,5,23,5,19,5,3,20220623,4,1,5,S,N,1,0,27,8,2,173,7.71,2023-08-04,267,1,9,2,20230604,5,60,9
1100118,2010,1200118,1400118,20100,1300118,1500118,51,1,1,4,33,13,3,6,6,20221003,2,2,4,N,N,0,0,18,3,1,92,10.7,2022-01-22,239,7,30,3,20220308,8,92,75
1100119,2024,1200119,1400119,20240,1300119,1500119,42,2,39,4,9,8,5,6,3,20221029,2,6,4,N,N,0,0,21,6,2,83,8.84,2023-09-01,318,5,4,6,20220919,8,39,65
1100120,2021,1200120,1400120,20210,1300120,1500120,65,2,40,1,45,1,19,4,15,20201004,5,2,3,N,N,0,0,26,10,2,94,10.45,2023-02-25,210,5,45,3,20230813,6,93,52
1100121,2024,1200121,1400121,20240,1300121,1500121,92,1,10,9,45,9,10,2,8,20221229,5,3,2,S,N,1,0,27,8,1,98,13.73,2022-05-31,354,1,42,10,20221110,1,99,92
1100122,2018,1200122,1400122,20180,1300122,1500122,19,1,17,1,25,4,1,7,8,20200222,1,4,2,N,N,0,0,21,11,4,65,12.92,2022-11-23,208,10,10,7,20230817,8,90,93
1100123,2010,1200123,1400123,20100,1300123,1500123,34,2,70,4,8,8,13,7,5,20200731,1,4,2,S,N,1,0,30,5,3,95,12.59,2023-12-12,231,9,5,2,20220412,2,4,60
1100124,2012,1200124,1400124,20120,1300124,1500124,48,2,18,3,37,15,8,6,3,20210930,1,5,1,N,N,0,0,26,8,3,86,5.34,2023-08-29,380,10,3,4,20230709,8,100,85
1100125,2020,1200125,1400125,20200,1300125,1500125,85,1,29,10,38,10,16,3,8,20200316,4,2,1,N,N,0,0,25,5,4,71,10.49,2023-08-12,368,8,19,6,20220531,4,58,77
1100126,2016,1200126,1400126,20160,1300126,1500126,75,2,56,10,28,13,11,2,8,20200402,3,3,5,N,N,0,0,20,12,1,81,9.44,2023-12-26,5,10,15,6,20230625,7,8,4
1100127,2022,1200127,1400127,20220,1300127,1500127,96,1,82,4,4,6,3,6,14,20211224,2,6,5,S,N,1,0,23,5,3,96,5.19,2022-03-08,357,4,11,9,20230805,4,68,82
1100128,2011,1200128,1400128,20110,1300128,1500128,32,2,50,8,25,5,4,1,13,20200613,1,2,4,N,N,0,0,28,5,3,103,10.85,2023-03-07,356,6,4,6,20230426,5,85,87
1100129,2010,1200129,1400129,20100,1300129,1500129,92,2,24,2,46,3,2,4,14,20200720,1,5,4,N,N,0,0,19,4,2,129,7.35,2022-11-19,170,8,27,7,20230613,2,8,77
1100130,2024,1200130,1400130,20240,1300130,1500130,11,2,70,5,10,11,15,3,13,20220324,1,6,1,N,N,0,0,30,10,3,62,13.65,2022-10-03,238,7,9,8,20220130,5,61,82
1100131,2024,1200131,1400131,20240,1300131,1500131,14,2,66,2,8,8,16,3,3,20211113,2,7,5,S,N,1,0,28,9,3,72,5.3,2022-06-14,261,9,12,10,20230608,2,15,31
1100132,2016,1200132,1400132,20160,1300132,1500132,16,1,99,9,11,4,5,7,2,20211212,1,3,2,N,N,0,0,22,4,4,58,6.84,2022-08-13,133,10,31,4,20220907,1,29,79
1100133,2024,1200133,1400133,20240,1300133,1500133,11,1,44,4,10,3,8,2,4,20220118,3,2,5,S,N,1,0,28,9,2,125,5.6,2023-11-02,47,6,9,2,20220402,4,80,39
1100134,2011,1200134,1400134,20110,1300134,1500134,97,2,73,2,8,13,3,3,8,20220202,1,2,5,S,N,1,0,26,12,2,177,10.18,2022-11-30,50,3,22,9,20230101,5,7,1
1100135,2013,1200135,1400135,20130,1300135,1500135,60,2,93,3,36,7,10,3,15,20200903,1,4,3,N,N,0,0,29,6,3,171,13.43,2022-01-19,249,6,19,9,20220906,5,70,61
1100136,2011,1200136,1400136,20110,1300136,1500136,21,1,74,8,33,4,18,8,7,20221228,5,2,2,N,N,0,0,30,3,4,46,5.13,2022-07-27,48,3,12,10,20230419,3,96,72
1100137,2012,1200137,1400137,20120,1300137,1500137,37,1,77,6,38,1,8,3,4,20211229,2,3,2,S,N,1,0,19,10,4,155,8.19,2023-05-13,294,9,10,7,20231211,4,68,44
1100138,2023,1200138,1400138,20230,1300138,1500138,36,1,92,7,20,9,12,5,7,20201115,3,6,4,N,N,0,0,27,12,2,169,5.22,2022-08-03,237,8,24,10,20221102,6,14,4
1100139,2012,1200139,1400139,20120,1300139,1500139,77,1,41,1,6,9,2,5,1,20220316,1,1,5,N,N,0,0,24,3,1,152,13.24,2022-02-24,92,7,27,7,20220519,2,60,74
1100140,2012,1200140,1400140,20120,1300140,1500140,56,2,85,7,31,9,18,8,15,20221230,4,3,1,S,N,1,0,29,5,2,180,9.9,2023-11-07,197,10,18,4,20221214,3,51,13
1100141,2011,1200141,1400141,20110,1300141,1500141,70,1,83,7,24,1,18,2,12,20210703,4,7,3,N,N,0,0,28,10,1,118,11.74,2023-09-29,215,8,36,6,20220409,5,91,88
1100142,2019,1200142,1400142,20190,1300142,1500142,33,1,58,7,37,5,9,6,7,20210303,3,3,2,N,N,0,0,30,3,4,167,9.5,2023-12-13,482,7,15,10,20230914,3,65,44
1100143,2012,1200143,1400143,20120,1300143,1500143,71,1,37,2,11,13,17,8,12,20220224,3,7,3,S,N,1,0,24,9,3,72,13.94,2023-04-23,389,7,31,5,20220131,7,31,76
1100144,2019,1200144,1400144,20190,1300144,1500144,82,2,49,8,41,5,20,3,9,20200402,5,6,1,N,N,0,0,22,8,3,78,8.52,2023-04-03,306,2,44,2,20230221,5,72,100
1100145,2023,1200145,1400145,20230,1300145,1500145,96,2,35,3,45,15,4,8,1,20200418,1,6,1,N,N,0,0,22,9,2,141,8.95,2023-11-18,55,4,32,4,20230712,3,33,23
1100146,2010,1200146,1400146,20100,1300146,1500146,83,2,42,3,35,5,11,7,15,20210816,2,5,4,S,N,1,0,23,9,3,60,11.41,2023-07-27,434,3,28,5,20230803,5,57,91
1100147,2012,1200147,1400147,20120,1300147,1500147,69,2,91,4,27,6,2,5,15,20210424,5,3,5,N,N,0,0,24,8,1,69,7.98,2023-11-08,297,8,27,1,20231019,8,31,85
1100148,2013,1200148,1400148,20130,1300148,1500148,61,1,57,10,32,10,6,1,9,20210602,1,2,5,N,N,0,0,25,12,1,136,6.24,2022-09-20,232,8,17,7,20230328,9,78,82
1100149,2018,1200149,1400149,20180,1300149,1500149,53,1,97,10,6,2,20,6,13,20200920,1,4,3,N,N,0,0,18,6,1,99,6.39,2023-04-08,34,10,21,7,20220601,2,36,87
1100150,2018,1200150,1400150,20180,1300150,1500150,61,2,21,8,9,6,6,1,1,20200414,1,6,5,S,N,1,0,23,3,4,95,7.45,2022-01-03,330,2,43,2,20230930,5,4,48
1100151,2023,1200151,1400151,20230,1300151,1500151,3,1,23,8,35,7,18,8,14,20200822,3,7,4,N,N,0,0,27,4,1,113,13.38,2022-04-02,425,3,3,3,20220612,2,38,64
1100152,2024,1200152,1400152,20240,1300152,1500152,66,1,22,1,15,10,8,8,4,20200222,2,3,3,S,N,1,0,20,3,3,137,6.97,2022-07-31,381,8,12,7,20220130,9,60,3
1100153,2023,1200153,1400153,20230,1300153,1500153,11,1,64,6,12,5,1,6,10,20210101,4,6,2,S,N,1,0,18,6,4,100,13.01,2022-04-07,496,4,18,2,20220217,7,47,52
1100154,2014,1200154,1400154,20140,1300154,1500154,100,1,32,6,41,12,15,7,11,20220313,1,1,2,N,N,0,0,30,7,3,70,6.11,2023-03-26,426,8,26,3,20220526,4,33,4
1100155,2021,1200155,1400155,20210,1300155,1500155,23,2,43,8,13,5,7,4,10,20201231,1,1,1,N,N,0,0,28,12,2,89,7.72,2023-04-10,11,1,17,6,20220115,6,26,86
1100156,2017,1200156,1400156,20170,1300156,1500156,97,2,43,10,9,15,12,3,3,20220527,5,2,5,S,S,1,1,20,8,2,136,8.83,2023-08-31,390,5,17,6,20230523,1,48,9
1100157,2019,1200157,1400157,20190,1300157,1500157,70,2,31,3,48,6,12,5,7,20200225,5,4,5,S,N,1,0,21,10,1,139,13.97,2022-06-16,385,10,10,5,20220320,5,54,69
1100158,2010,1200158,1400158,20100,1300158,1500158,43,1,56,10,14,6,6,1,11,20220119,4,7,4,N,N,0,0,25,12,1,56,10.23,2022-02-07,208,8,13,3,20230103,8,41,26
1100159,2020,1200159,1400159,20200,1300159,1500159,63,2,5,8,11,12,17,4,5,20221105,5,5,2,N,N,0,0,27,9,2,118,9.65,2022-01-04,473,8,9,6,20220701,4,94,63
1100160,2021,1200160,1400160,20210,1300160,1500160,18,1,77,3,27,3,11,8,14,20200224,4,2,1,S,N,1,0,27,8,2,72,11.09,2022-02-16,413,1,14,3,20220612,9,100,18
1100161,2023,1200161,1400161,20230,1300161,1500161,34,2,84,7,47,13,17,2,15,20200803,4,5,1,N,N,0,0,27,6,4,124,9.2,2022-01-16,80,1,2,8,20220312,2,42,95
1100162,2024,1200162,1400162,20240,1300162,1500162,22,1,14,1,38,10,7,6,1,20210517,4,3,3,N,N,0,0,21,9,4,144,11.53,2023-02-20,296,3,26,4,20221211,6,12,47
1100163,2023,1200163,1400163,20230,1300163,1500163,97,2,21,2,49,14,10,8,7,20200803,1,7,2,S,N,1,0,22,8,2,180,6.72,2022-03-31,169,3,2,10,20220821,4,20,96
1100164,2024,1200164,1400164,20240,1300164,1500164,17,1,98,7,26,15,11,5,1,20200601,3,6,5,S,N,1,0,30,10,4,72,13.69,2022-03-03,1,7,32,6,20221024,2,44,81
1100165,2014,1200165,1400165,20140,1300165,1500165,99,1,64,2,43,3,17,3,6,20220716,4,4,2,S,N,1,0,19,3,4,145,5.54,2022-10-31,99,1,47,9,20220904,5,4,100
1100166,2022,1200166,1400166,20220,1300166,1500166,58,2,93,5,13,3,8,6,10,20200901,1,1,1,S,N,1,0,18,8,1,148,12.52,2022-03-23,346,6,48,7,20220102,3,75,79
1100167,2013,1200167,1400167,20130,1300167,1500167,92,1,46,7,2,9,18,5,5,20210114,3,5,2,S,N,1,0,25,6,3,80,5.1,2022-10-22,427,4,2,9,20231109,8,35,91
1100168,2012,1200168,1400168,20120,1300168,1500168,31,1,13,6,28,15,8,1,14,20220418,2,1,1,S,N,1,0,28,11,3,169,6.89,2022-12-21,293,9,42,5,20230802,8,62,90
1100169,2024,1200169,1400169,20240,1300169,1500169,53,1,17,6,13,10,15,5,14,20210316,5,3,2,S,N,1,0,27,3,1,74,6.35,2022-09-05,465,10,12,8,20220630,6,41,27
1100170,2017,1200170,1400170,20170,1300170,1500170,92,1,49,9,48,11,14,2,11,20220519,5,1,5,N,N,0,0,29,11,2,58,9.47,2022-11-02,460,2,45,8,20230215,4,60,68
1100171,2019,1200171,1400171,20190,1300171,1500171,92,1,18,3,19,12,12,7,8,20220319,1,3,1,S,N,1,0,30,6,1,164,12.19,2022-01-09,94,8,26,9,20230305,9,90,29
1100172,2019,1200172,1400172,20190,1300172,1500172,69,2,79,3,14,13,7,5,2,20210211,1,6,4,S,N,1,0,28,3,4,57,13.69,2022-09-12,286,10,42,9,20220326,3,57,28
1100173,2023,1200173,1400173,20230,1300173,1500173,23,2,1,4,26,1,9,8,6,20220408,2,6,2,S,N,1,0,25,8,4,104,12.15,2022-04-14,324,2,37,5,20220523,8,54,75
1100174,2012,1200174,1400174,20120,1300174,1500174,38,1,28,3,25,8,7,8,5,20211017,5,4,1,S,N,1,0,27,4,3,117,13.35,2022-06-08,121,10,25,8,20221024,9,10,9
1100175,2023,1200175,1400175,20230,1300175,1500175,85,2,40,5,18,3,10,7,14,20201002,5,1,2,N,N,0,0,29,11,3,92,9.87,2023-12-22,139,8,6,8,20221205,1,31,37
1100176,2020,1200176,1400176,20200,1300176,1500176,79,1,16,9,38,10,8,6,5,20220528,2,7,5,S,N,1,0,25,12,2,118,10.22,2022-06-03,243,5,26,5,20220824,4,53,88
1100177,2011,1200177,1400177,20110,1300177,1500177,11,2,26,9,42,14,10,5,14,20220619,2,7,4,N,N,0,0,21,3,2,83,10.85,2023-02-10,441,5,33,4,20231126,9,67,55
1100178,2011,1200178,1400178,20110,1300178,1500178,77,2,41,5,46,4,5,2,9,20210911,5,1,2,N,N,0,0,25,12,2,158,10.23,2022-09-25,205,10,31,5,20220224,7,10,36
1100179,2011,1200179,1400179,20110,1300179,1500179,80,1,64,1,19,6,11,5,5,20211116,1,5,3,N,N,0,0,20,4,3,151,11.04,2023-11-02,272,7,13,4,20231224,4,100,78
1100180,2023,1200180,1400180,20230,1300180,1500180,69,1,1,9,26,13,13,2,7,20210503,5,5,2,N,N,0,0,30,6,1,118,6.16,2022-04-20,42,5,34,4,20220605,2,49,87
1100181,2021,1200181,1400181,20210,1300181,1500181,50,1,58,3,1,15,8,5,2,20201031,1,2,2,N,N,0,0,19,4,4,85,9.77,2022-06-26,107,10,42,5,20230927,10,75,47
1100182,2015,1200182,1400182,20150,1300182,1500182,2,1,78,3,5,14,5,8,9,20200609,4,2,3,N,N,0,0,19,10,2,75,5.38,2022-11-30,428,4,15,9,20220612,5,12,60
1100183,2016,1200183,1400183,20160,1300183,1500183,44,2,74,5,8,15,16,3,15,20210924,4,6,5,S,N,1,0,18,10,2,169,9.27,2022-03-29,171,10,46,9,20220809,7,3,82
1100184,2023,1200184,1400184,20230,1300184,1500184,69,1,8,3,48,5,10,3,3,20220615,1,1,3,S,N,1,0,28,4,3,176,8.09,2023-11-25,59,6,28,8,20230515,6,89,29
1100185,2010,1200185,1400185,20100,1300185,1500185,97,1,9,7,36,13,13,3,9,20200807,4,5,3,S,S,1,1,20,5,1,41,9.3,2022-08-23,268,7,24,6,20220602,7,94,57
1100186,2022,1200186,1400186,20220,1300186,1500186,60,2,63,7,26,9,15,2,5,20210507,3,7,2,S,N,1,0,20,9,4,87,11.57,2023-11-27,20,10,49,3,20230702,7,48,50
1100187,2015,1200187,1400187,20150,1300187,1500187,18,1,15,1,11,14,15,5,8,20221117,5,1,4,N,N,0,0,25,6,1,151,12.01,2022-05-20,389,1,43,9,20230713,9,79,100
1100188,2022,1200188,1400188,20220,1300188,1500188,53,1,54,10,7,6,18,8,10,20221103,3,5,2,N,N,0,0,29,9,2,159,5.87,2022-09-16,413,5,14,6,20231127,4,100,32
1100189,2013,1200189,1400189,20130,1300189,1500189,66,2,80,10,18,6,18,2,11,20211018,2,1,2,S,N,1,0,18,8,4,101,5.52,2022-10-23,251,7,2,1,20220928,10,81,24
1100190,2019,1200190,1400190,20190,1300190,1500190,16,2,98,10,5,14,20,7,14,20220429,4,4,1,S,N,1,0,30,8,3,161,7.31,2023-11-20,323,5,32,7,20230324,6,43,31
1100191,2023,1200191,1400191,20230,1300191,1500191,54,1,10,4,13,5,17,2,14,20220120,1,3,5,S,N,1,0,24,4,1,112,12.65,2023-03-12,296,4,5,7,20220129,4,72,72
1100192,2018,1200192,1400192,20180,1300192,1500192,45,2,52,10,43,12,7,4,13,20220426,3,1,4,S,N,1,0,28,12,1,67,7.9,2022-06-16,395,5,37,2,20221222,6,33,51
1100193,2011,1200193,1400193,20110,1300193,1500193,54,1,22,9,47,2,6,8,10,20221214,5,1,3,N,N,0,0,24,5,3,174,5.38,2023-12-30,282,6,4,5,20220731,3,32,46
1100194,2023,1200194,1400194,20230,1300194,1500194,78,1,75,1,21,15,1,1,3,20221107,5,1,5,S,N,1,0,26,9,4,54,9.32,2023-10-10,423,10,2,7,20220712,3,25,29
1100195,2023,1200195,1400195,20230,1300195,1500195,17,2,70,4,23,15,16,6,12,20201002,2,5,2,N,N,0,0,30,7,1,59,12.41,2023-05-08,236,4,48,9,20230322,8,95,20
1100196,2013,1200196,1400196,20130,1300196,1500196,13,2,55,5,21,3,13,6,14,20200930,3,5,1,N,N,0,0,25,8,2,162,7.43,2023-09-18,325,7,35,5,20231215,7,74,11
1100197,2014,1200197,1400197,20140,1300197,1500197,93,2,95,5,50,4,14,5,6,20210930,3,1,3,N,N,0,0,23,8,2,140,5.97,2022-04-17,6,10,32,3,20221228,9,31,98
1100198,2012,1200198,1400198,20120,1300198,1500198,38,1,73,5,19,6,12,3,3,20200322,1,7,1,N,N,0,0,25,8,1,73,10.42,2023-08-10,454,6,48,9,20220521,1,44,35
1100199,2022,1200199,1400199,20220,1300199,1500199,91,1,81,6,35,11,4,6,9,20220629,1,5,3,S,N,1,0,29,9,1,77,8.16,2022-01-25,32,9,50,9,20231015,9,47,13
1100200,2021,1200200,1400200,20210,1300200,1500200,54,1,67,6,14,13,6,6,9,20211025,4,4,1,N,N,0,0,28,3,2,165,6.3,2022-08-24,212,9,22,9,20220303,7,7,14
1100201,2011,1200201,1400201,20110,1300201,1500201,6,2,95,2,27,13,7,6,3,20211117,2,7,5,S,N,1,0,25,11,4,118,11.16,2023-02-12,447,2,40,8,20230202,7,78,33
1100202,2024,1200202,1400202,20240,1300202,1500202,2,2,59,7,25,3,20,2,4,20211114,5,1,3,N,N,0,0,25,10,4,107,12.56,2022-11-16,446,8,13,8,20220510,7,1,61
1100203,2018,1200203,1400203,20180,1300203,1500203,60,1,1,3,33,7,18,8,13,20201130,5,7,3,S,N,1,0,18,6,1,155,8.83,2022-03-06,237,2,35,4,20220910,10,74,12
1100204,2020,1200204,1400204,20200,1300204,1500204,68,2,70,4,37,13,5,4,5,20220913,2,7,2,N,N,0,0,24,4,3,117,6.71,2022-03-31,276,6,25,3,20221210,10,77,49
1100205,2015,1200205,1400205,20150,1300205,1500205,64,2,59,5,32,5,10,3,11,20200308,3,1,4,S,N,1,0,25,4,1,34,12.35,2023-05-17,206,10,30,2,20220224,8,10,78
1100206,2012,1200206,1400206,20120,1300206,1500206,62,1,73,8,10,10,12,1,7,20220619,2,7,3,S,N,1,0,26,6,3,90,13.67,2022-04-09,469,4,44,9,20220814,10,77,73
1100207,2021,1200207,1400207,20210,1300207,1500207,68,2,3,10,5,13,7,4,3,20211223,5,4,2,N,N,0,0,21,6,1,77,12.41,2023-07-30,459,4,44,1,20230213,7,96,32
1100208,2022,1200208,1400208,20220,1300208,1500208,89,2,96,5,20,2,2,2,13,20200903,4,2,3,S,N,1,0,30,6,3,95,5.72,2023-01-26,233,6,49,10,20231210,8,17,67
1100209,2023,1200209,1400209,20230,1300209,1500209,86,2,53,4,35,5,15,3,1,20220422,2,3,1,S,N,1,0,20,3,2,149,7.56,2023-03-26,116,3,9,3,20230206,6,87,18
1100210,2024,1200210,1400210,20240,1300210,1500210,73,2,3,4,4,13,20,1,5,20201020,3,3,4,N,N,0,0,19,5,3,118,12.27,2022-01-22,363,8,24,6,20230331,8,20,23
1100211,2021,1200211,1400211,20210,1300211,1500211,43,1,89,4,47,6,3,8,2,20210720,4,2,3,N,N,0,0,27,12,3,179,13.19,2022-08-25,198,8,1,9,20230201,4,100,76
1100212,2014,1200212,1400212,20140,1300212,1500212,31,1,8,6,12,4,7,5,6,20200706,4,1,5,S,N,1,0,30,11,3,61,10.62,2023-11-26,119,6,29,2,20231113,7,95,82
1100213,2013,1200213,1400213,20130,1300213,1500213,49,1,5,3,22,7,3,7,13,20200330,1,4,3,N,N,0,0,20,12,4,179,7.87,2022-06-27,426,8,34,6,20220105,1,8,48
1100214,2020,1200214,1400214,20200,1300214,1500214,50,1,39,7,5,5,1,4,8,20211014,5,4,2,N,N,0,0,29,3,2,47,11.16,2023-12-04,182,6,27,5,20221030,9,99,16
1100215,2024,1200215,1400215,20240,1300215,1500215,32,2,67,4,48,12,4,5,1,20220530,1,6,4,N,N,0,0,20,10,3,72,10.19,2022-02-21,370,4,2,6,20220104,1,81,82
1100216,2016,1200216,1400216,20160,1300216,1500216,66,1,25,8,35,1,17,1,14,20210130,2,1,5,S,N,1,0,24,10,3,64,11.98,2023-12-29,367,5,25,9,20220222,5,49,18
1100217,2011,1200217,1400217,20110,1300217,1500217,84,1,19,2,17,7,19,6,4,20210222,4,4,1,S,N,1,0,25,11,1,176,9.26,2022-11-01,68,7,24,1,20231227,9,55,14
1100218,2012,1200218,1400218,20120,1300218,1500218,46,1,18,7,42,5,20,8,12,20200921,4,6,1,S,N,1,0,25,4,3,133,9.21,2023-08-17,67,5,40,10,20220518,10,42,17
1100219,2019,1200219,1400219,20190,1300219,1500219,54,1,56,4,14,12,15,3,13,20220724,2,7,4,S,N,1,0,18,11,1,124,12.6,2022-01-26,247,8,16,3,20230904,3,68,8
1100220,2019,1200220,1400220,20190,1300220,1500220,26,1,16,6,7,6,1,4,7,20221028,5,7,2,N,N,0,0,22,3,2,151,8.77,2022-09-22,103,2,23,5,20230813,8,24,34
1100221,2013,1200221,1400221,20130,1300221,1500221,98,1,91,6,38,2,20,3,13,20200107,5,4,2,N,N,0,0,29,8,1,108,13.19,2022-01-16,423,4,45,6,20221230,3,47,61
1100222,2023,1200222,1400222,20230,1300222,1500222,83,1,22,5,47,2,4,1,14,20220712,3,1,4,S,N,1,0,26,11,3,63,11.79,2023-02-05,392,5,45,5,20230110,8,74,54
1100223,2023,1200223,1400223,20230,1300223,1500223,1,1,55,6,47,9,5,1,15,20201214,4,7,1,S,N,1,0,21,9,2,117,7.0,2022-10-31,198,5,43,4,20221011,2,100,29
1100224,2016,1200224,1400224,20160,1300224,1500224,37,1,98,4,21,13,19,8,6,20220820,4,3,3,N,N,0,0,20,5,4,153,9.83,2022-03-12,376,3,20,8,20220403,7,27,27
1100225,2018,1200225,1400225,20180,1300225,1500225,37,1,44,3,19,15,5,7,15,20201215,1,5,2,N,N,0,0,20,8,2,179,8.4,2022-10-09,2,9,20,7,20220429,6,3,15
1100226,2012,1200226,1400226,20120,1300226,1500226,47,2,64,7,8,6,6,3,5,20211226,5,4,2,N,N,0,0,23,9,3,124,12.15,2023-07-01,74,7,2,8,20230610,8,72,42
1100227,2024,1200227,1400227,20240,1300227,1500227,80,2,72,3,8,5,10,3,15,20200629,1,2,4,N,N,0,0,27,7,3,171,9.09,2022-05-04,328,6,1,1,20231023,5,36,48
1100228,2018,1200228,1400228,20180,1300228,1500228,9,1,43,4,22,7,6,8,7,20210615,3,3,3,N,N,0,0,27,4,1,162,13.54,2023-08-17,247,8,11,9,20221011,10,39,15
1100229,2010,1200229,1400229,20100,1300229,1500229,67,2,21,7,47,14,19,8,11,20221022,2,4,4,N,N,0,0,28,5,1,158,10.19,2023-03-16,319,8,47,5,20220101,8,47,33
1100230,2021,1200230,1400230,20210,1300230,1500230,42,2,4,3,50,8,16,3,3,20211122,5,2,1,N,N,0,0,24,7,1,98,13.65,2023-12-15,316,2,6,1,20221123,4,61,4
1100231,2022,1200231,1400231,20220,1300231,1500231,94,1,5,8,34,8,16,2,9,20210209,3,1,2,N,N,0,0,28,7,4,67,9.31,2023-11-06,133,2,17,1,20230309,7,13,95
1100232,2020,1200232,1400232,20200,1300232,1500232,1,2,27,9,30,4,20,8,11,20221219,5,7,5,N,N,0,0,26,6,1,128,6.73,2023-05-30,130,6,49,2,20230312,6,89,11
1100233,2024,1200233,1400233,20240,1300233,1500233,54,2,9,4,28,2,16,8,6,20220308,3,2,2,S,N,1,0,20,4,3,144,12.54,2022-08-25,296,1,18,10,20230304,1,21,98
1100234,2014,1200234,1400234,20140,1300234,1500234,29,2,32,1,32,14,14,4,2,20201031,5,2,3,N,N,0,0,18,8,2,176,12.54,2023-02-23,379,8,41,2,20221205,9,32,97
1100235,2013,1200235,1400235,20130,1300235,1500235,55,2,63,5,9,1,13,1,13,20210222,3,1,1,S,N,1,0,20,12,4,111,5.84,2022-11-14,128,2,20,6,20220629,7,60,60
1100236,2015,1200236,1400236,20150,1300236,1500236,20,1,84,1,36,8,14,1,8,20220524,2,1,2,N,N,0,0,22,10,4,134,12.97,2022-01-06,446,6,38,2,20230211,2,14,92
1100237,2020,1200237,1400237,20200,1300237,1500237,1,2,2,10,10,10,19,4,6,20210909,3,1,4,S,N,1,0,19,5,4,144,10.25,2023-04-16,486,8,38,1,20230107,4,81,47
1100238,2010,1200238,1400238,20100,1300238,1500238,6,1,37,4,5,15,7,8,1,20220729,1,4,1,N,N,0,0,28,12,2,58,10.76,2023-11-16,414,7,15,6,20230125,8,2,19
1100239,2019,1200239,1400239,20190,1300239,1500239,83,1,98,8,1,6,4,2,8,20210629,4,4,4,S,N,1,0,18,9,3,80,12.64,2022-08-11,214,7,4,7,20220120,1,55,13
1100240,2014,1200240,1400240,20140,1300240,1500240,25,2,55,7,9,15,11,4,2,20200122,4,7,1,N,N,0,0,29,8,1,127,11.83,2022-08-17,314,10,23,1,20221008,9,24,90
1100241,2018,1200241,1400241,20180,1300241,1500241,30,2,95,8,26,2,5,5,6,20220501,5,5,5,S,N,1,0,22,5,4,111,7.07,2023-07-03,209,9,45,7,20230601,4,96,93
1100242,2018,1200242,1400242,20180,1300242,1500242,12,2,96,4,47,3,17,8,12,20210326,3,2,3,S,N,1,0,18,6,2,127,7.19,2022-03-29,57,6,21,9,20230130,7,60,61
1100243,2019,1200243,1400243,20190,1300243,1500243,47,2,61,3,47,7,15,3,9,20220331,2,7,1,N,N,0,0,22,8,1,76,11.79,2023-09-14,426,7,2,8,20220707,2,96,51
1100244,2022,1200244,1400244,20220,1300244,1500244,41,2,27,7,45,7,11,7,7,20210617,2,6,4,N,N,0,0,30,4,1,83,13.69,2023-03-10,341,10,10,3,20220220,10,81,16
1100245,2022,1200245,1400245,20220,1300245,1500245,56,1,90,4,17,4,11,4,9,20220914,1,2,4,N,N,0,0,25,4,2,143,6.54,2022-11-20,8,1,38,6,20220124,7,89,84
1100246,2010,1200246,1400246,20100,1300246,1500246,12,1,53,6,8,9,17,3,5,20210126,1,5,4,N,N,0,0,18,9,3,72,6.83,2023-06-19,44,7,37,9,20230126,3,66,87
1100247,2021,1200247,1400247,20210,1300247,1500247,8,1,98,7,45,10,13,2,7,20220328,3,3,4,N,N,0,0,30,5,3,135,10.99,2022-07-15,176,8,36,9,20220915,10,53,63
1100248,2012,1200248,1400248,20120,1300248,1500248,41,2,39,7,2,10,20,7,1,20220728,2,5,3,N,N,0,0,28,6,3,104,13.69,2022-12-29,198,5,1,7,20220124,4,3,13
1100249,2019,1200249,1400249,20190,1300249,1500249,4,2,53,5,27,15,15,2,15,20200301,2,3,5,N,N,0,0,30,5,2,133,6.53,2022-10-15,424,3,24,2,20230905,4,28,64
1100250,2017,1200250,1400250,20170,1300250,1500250,98,1,93,5,19,3,9,8,3,20200731,1,7,3,S,N,1,0,23,7,2,76,5.72,2023-05-06,174,6,11,3,20230929,4,45,78
1100251,2014,1200251,1400251,20140,1300251,1500251,61,2,82,6,34,2,18,4,13,20200102,2,5,4,S,N,1,0,30,6,2,107,10.0,2022-08-25,458,3,49,9,20221010,5,60,66
1100252,2024,1200252,1400252,20240,1300252,1500252,98,2,82,2,17,3,1,1,4,20210601,3,4,3,S,N,1,0,18,6,1,155,10.89,2022-01-07,47,2,43,8,20220317,4,2,87
1100253,2013,1200253,1400253,20130,1300253,1500253,83,1,12,5,27,14,15,3,7,20200606,3,5,2,N,N,0,0,27,4,1,168,6.12,2023-12-19,27,5,13,9,20230828,3,37,20
1100254,2012,1200254,1400254,20120,1300254,1500254,39,2,56,4,14,8,1,6,1,20220927,2,5,3,N,N,0,0,20,9,3,140,12.18,2022-06-08,263,8,12,3,20221104,9,56,17
1100255,2012,1200255,1400255,20120,1300255,1500255,91,2,3,9,33,1,10,8,8,20220624,3,2,1,S,S,1,1,30,11,1,112,9.87,2023-02-21,450,1,6,7,20230218,10,2,76
1100256,2024,1200256,1400256,20240,1300256,1500256,21,1,54,9,14,7,7,7,12,20201004,2,3,2,N,N,0,0,23,11,2,70,9.76,2023-05-26,330,6,16,2,20231211,7,26,24
1100257,2014,1200257,1400257,20140,1300257,1500257,53,1,41,1,16,7,13,8,13,20220706,5,2,3,N,N,0,0,26,3,2,57,7.69,2023-01-20,349,6,6,8,20220608,9,36,90
1100258,2018,1200258,1400258,20180,1300258,1500258,97,1,85,3,36,12,8,3,9,20210607,5,5,4,S,N,1,0,23,10,1,127,12.22,2022-01-06,95,8,3,2,20230121,1,9,19
1100259,2010,1200259,1400259,20100,1300259,1500259,79,1,16,7,32,13,8,3,9,20220124,5,1,1,S,N,1,0,28,10,3,47,8.48,2023-09-11,420,3,45,4,20221110,2,59,81
1100260,2016,1200260,1400260,20160,1300260,1500260,40,1,3,5,47,2,18,6,13,20211106,1,5,1,N,N,0,0,27,10,1,162,11.63,2023-11-28,16,8,36,6,20220416,9,98,53
1100261,2023,1200261,1400261,20230,1300261,1500261,90,2,81,10,11,13,16,1,5,20200425,1,1,3,N,N,0,0,25,5,3,102,7.0,2022-08-30,1,7,34,4,20220222,7,45,95
1100262,2010,1200262,1400262,20100,1300262,1500262,36,2,69,1,17,14,18,7,7,20220815,4,7,3,N,N,0,0,26,5,3,97,12.4,2022-05-08,340,3,45,10,20231020,10,38,21
1100263,2018,1200263,1400263,20180,1300263,1500263,15,2,46,3,31,14,15,3,13,20210312,1,5,1,S,N,1,0,30,6,1,93,9.65,2023-01-26,422,1,12,2,20220423,6,27,35
1100264,2014,1200264,1400264,20140,1300264,1500264,32,2,96,7,46,12,8,7,4,20200506,5,6,3,N,N,0,0,27,4,1,92,12.03,2022-11-29,296,7,25,1,20230302,5,79,30
1100265,2024,1200265,1400265,20240,1300265,1500265,61,1,11,10,27,11,6,3,12,20210102,1,6,2,S,N,1,0,30,9,3,106,12.75,2023-09-04,27,5,50,10,20230501,8,3,6
1100266,2020,1200266,1400266,20200,1300266,1500266,48,2,12,6,27,4,15,6,9,20220928,1,1,1,S,N,1,0,30,3,4,162,12.17,2023-06-29,180,8,6,9,20220511,6,23,11
1100267,2021,1200267,1400267,20210,1300267,1500267,53,2,22,8,42,13,13,5,15,20210914,4,3,2,S,N,1,0,19,7,4,54,13.8,2022-06-07,105,2,41,5,20220823,1,3,61
1100268,2016,1200268,1400268,20160,1300268,1500268,50,1,40,10,22,15,6,8,10,20200829,2,3,2,S,N,1,0,20,6,1,37,6.85,2023-11-07,38,1,35,1,20230226,7,90,29
1100269,2023,1200269,1400269,20230,1300269,1500269,98,1,72,3,33,12,16,4,11,20220822,1,3,2,N,N,0,0,18,6,1,144,6.98,2023-03-10,121,10,32,8,20220304,7,94,22
1100270,2021,1200270,1400270,20210,1300270,1500270,43,1,96,4,30,2,17,7,8,20210906,2,3,5,S,N,1,0,30,10,2,169,11.64,2022-09-25,207,2,15,2,20231123,7,27,74
1100271,2018,1200271,1400271,20180,1300271,1500271,65,1,58,4,41,11,17,8,6,20200822,5,4,2,S,N,1,0,18,6,4,52,9.34,2022-08-19,313,6,45,6,20230617,10,10,12
1100272,2024,1200272,1400272,20240,1300272,1500272,53,1,53,2,40,12,1,5,4,20200815,5,3,5,S,N,1,0,27,11,3,67,6.53,2023-11-09,211,3,18,10,20230519,10,87,22
1100273,2019,1200273,1400273,20190,1300273,1500273,41,2,55,5,13,8,16,7,9,20210425,4,3,5,S,N,1,0,25,9,4,155,12.0,2022-02-03,390,2,18,4,20230519,1,62,77
1100274,2014,1200274,1400274,20140,1300274,1500274,68,1,4,3,30,10,12,6,3,20210928,5,7,3,S,N,1,0,28,3,1,101,7.72,2022-02-14,440,4,25,10,20220308,5,95,91
1100275,2023,1200275,1400275,20230,1300275,1500275,68,1,51,8,23,14,5,1,12,20220913,4,2,5,S,N,1,0,25,4,3,103,8.17,2022-08-01,490,4,17,6,20220210,10,63,26
1100276,2012,1200276,1400276,20120,1300276,1500276,36,1,37,1,32,6,2,1,2,20210214,1,3,4,S,N,1,0,30,5,1,129,9.23,2022-03-08,219,2,12,5,20221130,5,72,12
1100277,2017,1200277,1400277,20170,1300277,1500277,16,1,27,9,42,8,2,6,14,20210115,4,4,2,N,N,0,0,24,8,3,99,6.52,2023-08-18,57,9,45,10,20220203,6,87,49
1100278,2021,1200278,1400278,20210,1300278,1500278,87,2,60,5,36,13,6,7,8,20221114,1,1,1,N,N,0,0,20,5,3,37,5.13,2022-02-20,151,3,42,1,20221016,3,78,13
1100279,2019,1200279,1400279,20190,1300279,1500279,96,2,68,10,18,9,20,2,8,20201215,4,2,5,S,N,1,0,29,3,2,73,12.97,2023-03-24,422,7,29,5,20221110,9,49,80
1100280,2019,1200280,1400280,20190,1300280,1500280,58,1,55,2,43,13,7,6,15,20200821,4,4,2,S,N,1,0,19,3,3,120,13.05,2023-04-23,336,5,3,3,20220912,8,12,75
1100281,2022,1200281,1400281,20220,1300281,1500281,80,1,13,5,40,14,7,7,8,20220625,1,3,1,S,S,1,1,26,7,2,109,5.51,2022-06-06,56,2,7,3,20230723,2,94,56
1100282,2016,1200282,1400282,20160,1300282,1500282,66,1,39,1,21,10,20,8,8,20220329,4,4,3,N,N,0,0,21,9,4,149,8.55,2022-04-03,73,7,12,8,20220914,10,26,27
1100283,2011,1200283,1400283,20110,1300283,1500283,34,2,5,10,44,8,17,2,6,20200105,5,4,2,S,N,1,0,18,7,3,143,9.42,2023-11-30,400,3,25,5,20220306,9,18,4
1100284,2022,1200284,1400284,20220,1300284,1500284,58,2,11,7,7,8,4,6,13,20200508,5,2,3,N,N,0,0,18,3,1,174,8.31,2022-04-25,248,10,14,5,20220926,5,94,32
1100285,2010,1200285,1400285,20100,1300285,1500285,81,1,58,9,50,11,19,6,11,20220929,4,6,4,S,N,1,0,21,8,3,42,9.16,2023-01-24,359,8,9,1,20230625,4,55,60
1100286,2012,1200286,1400286,20120,1300286,1500286,76,1,51,10,12,2,7,5,9,20200610,5,1,3,N,N,0,0,29,9,4,136,12.22,2022-03-10,406,10,2,10,20230630,1,23,81
1100287,2022,1200287,1400287,20220,1300287,1500287,93,2,33,6,28,3,17,5,6,20220410,5,5,3,S,N,1,0,19,12,1,157,7.28,2022-04-20,108,1,28,10,20230809,1,69,23
1100288,2012,1200288,1400288,20120,1300288,1500288,99,1,64,8,27,13,15,7,9,20210323,4,6,2,N,N,0,0,28,7,2,86,10.65,2023-11-22,437,8,16,3,20231204,1,60,63
1100289,2016,1200289,1400289,20160,1300289,1500289,47,2,1,1,14,8,14,4,12,20201210,5,4,2,S,N,1,0,28,11,3,172,8.09,2022-02-28,492,6,50,4,20230514,9,75,21
1100290,2014,1200290,1400290,20140,1300290,1500290,56,1,96,1,17,3,5,3,4,20220513,1,2,3,S,N,1,0,23,9,3,98,8.26,2022-01-15,95,5,43,5,20220417,4,18,5
1100291,2021,1200291,1400291,20210,1300291,1500291,32,1,16,3,4,5,15,7,5,20200226,4,7,5,N,N,0,0,30,12,3,70,8.49,2023-04-22,24,1,31,3,20231108,4,86,78
1100292,2010,1200292,1400292,20100,1300292,1500292,76,2,92,3,1,10,19,2,2,20220711,4,1,1,S,N,1,0,30,6,4,174,5.43,2022-10-02,357,3,43,6,20221018,4,23,70
1100293,2023,1200293,1400293,20230,1300293,1500293,70,2,62,4,42,5,12,3,4,20210704,3,5,2,N,N,0,0,23,11,1,61,11.38,2022-09-01,466,1,41,9,20230405,8,67,35
1100294,2017,1200294,1400294,20170,1300294,1500294,94,2,49,5,2,4,19,5,14,20200310,1,2,4,S,N,1,0,19,7,3,33,10.86,2022-05-01,307,2,38,7,20230602,1,86,25
1100295,2010,1200295,1400295,20100,1300295,1500295,39,2,58,8,5,4,7,8,3,20220707,4,5,2,S,N,1,0,26,6,3,57,12.76,2023-01-12,339,3,16,3,20230904,7,80,62
1100296,2023,1200296,1400296,20230,1300296,1500296,39,1,100,6,2,10,10,7,15,20211018,4,3,5,S,N,1,0,25,9,1,41,6.7,2022-10-26,50,9,6,8,20221212,9,11,7
1100297,2013,1200297,1400297,20130,1300297,1500297,18,2,39,8,44,8,9,3,2,20200518,3,3,4,N,N,0,0,25,10,3,82,9.08,2022-10-07,223,5,28,9,20230317,2,35,58
1100298,2022,1200298,1400298,20220,1300298,1500298,66,2,62,10,32,13,15,5,1,20200101,5,4,3,N,N,0,0,23,12,3,93,13.01,2022-02-05,248,2,41,4,20230319,8,2,75
1100299,2023,1200299,1400299,20230,1300299,1500299,49,1,68,1,26,1,10,1,14,20220321,2,7,4,N,N,0,0,22,5,3,152,6.28,2023-04-04,471,10,31,1,20230425,2,21,60
1100300,2022,1200300,1400300,20220,1300300,1500300,86,2,5,5,29,6,15,4,5,20210602,1,3,4,N,N,0,0,23,4,1,147,5.11,2022-01-31,258,8,40,1,20220911,4,46,1
1100301,2022,1200301,1400301,20220,1300301,1500301,83,2,23,2,13,8,1,8,7,20210106,3,6,3,N,N,0,0,25,7,4,121,12.47,2023-05-02,307,8,30,9,20231023,10,46,25
1100302,2016,1200302,1400302,20160,1300302,1500302,81,1,7,8,49,1,10,2,12,20200930,2,1,3,S,N,1,0,22,9,1,47,11.01,2023-10-29,99,9,29,5,20230422,6,79,30
1100303,2020,1200303,1400303,20200,1300303,1500303,100,2,88,9,38,15,8,5,11,20210401,4,1,5,S,N,1,0,29,3,4,169,7.38,2023-01-30,281,10,30,3,20220803,1,7,57
1100304,2012,1200304,1400304,20120,1300304,1500304,79,2,47,3,36,5,3,5,1,20221122,3,7,4,S,N,1,0,20,11,2,42,6.76,2022-03-13,282,3,4,6,20230111,8,70,62
1100305,2018,1200305,1400305,20180,1300305,1500305,82,2,42,4,10,7,8,1,8,20211127,4,5,5,N,N,0,0,18,10,1,133,9.76,2022-03-16,276,4,12,2,20230418,9,89,64
1100306,2014,1200306,1400306,20140,1300306,1500306,35,2,77,3,18,10,8,5,6,20211030,2,2,4,N,N,0,0,30,11,2,128,7.5,2023-09-23,141,4,3,6,20220517,9,67,59
1100307,2016,1200307,1400307,20160,1300307,1500307,57,2,60,1,49,14,2,3,3,20200318,2,6,5,N,N,0,0,30,10,3,169,6.06,2022-12-21,243,1,5,10,20220707,9,89,34
1100308,2014,1200308,1400308,20140,1300308,1500308,7,1,98,7,22,3,15,4,15,20210218,2,5,5,S,N,1,0,24,8,2,121,10.24,2022-12-18,436,9,43,6,20231005,2,88,42
1100309,2014,1200309,1400309,20140,1300309,1500309,59,2,20,3,6,2,13,4,4,20200612,2,5,5,N,N,0,0,30,10,2,140,12.18,2023-12-01,348,10,42,5,20230721,1,25,66
1100310,2010,1200310,1400310,20100,1300310,1500310,43,2,13,6,9,5,17,8,4,20210611,4,1,1,S,N,1,0,30,11,1,136,7.78,2022-12-03,197,1,20,2,20220127,4,18,99
1100311,2021,1200311,1400311,20210,1300311,1500311,14,2,7,8,4,15,13,7,10,20220604,3,7,5,S,N,1,0,20,6,4,57,9.6,2022-05-28,461,5,34,5,20220710,1,21,91
1100312,2018,1200312,1400312,20180,1300312,1500312,86,1,30,5,11,8,14,2,7,20220104,2,5,3,S,N,1,0,30,9,1,134,8.5,2022-03-14,201,9,46,2,20231225,1,19,97
1100313,2014,1200313,1400313,20140,1300313,1500313,80,1,86,4,7,10,5,7,1,20211028,5,1,2,N,N,0,0,19,4,3,104,7.3,2023-05-18,206,5,36,2,20230621,3,88,37
1100314,2013,1200314,1400314,20130,1300314,1500314,53,2,94,1,21,7,12,2,13,20210420,3,1,5,N,N,0,0,20,4,3,83,7.0,2023-07-04,245,6,27,1,20220820,5,48,94
1100315,2022,1200315,1400315,20220,1300315,1500315,36,1,11,9,16,3,11,5,12,20220517,5,3,3,N,N,0,0,30,8,2,100,6.35,2022-04-09,56,6,1,2,20230429,10,91,74
1100316,2013,1200316,1400316,20130,1300316,1500316,24,1,24,7,29,12,20,4,13,20221229,4,6,1,N,N,0,0,20,6,1,180,6.75,2023-06-14,383,1,49,5,20220806,3,9,30
1100317,2022,1200317,1400317,20220,1300317,1500317,13,1,33,9,7,12,8,5,4,20200521,4,1,5,N,N,0,0,30,5,4,43,10.81,2022-02-25,374,10,33,3,20230403,7,29,80
1100318,2010,1200318,1400318,20100,1300318,1500318,3,1,19,4,47,14,2,3,10,20211111,4,2,4,N,N,0,0,19,10,4,113,5.43,2022-07-26,158,10,30,10,20221123,2,95,35
1100319,2020,1200319,1400319,20200,1300319,1500319,38,1,11,5,17,4,3,8,12,20201008,2,6,3,N,N,0,0,28,6,1,162,6.59,2022-09-04,468,7,45,3,20220721,2,19,8
1100320,2012,1200320,1400320,20120,1300320,1500320,5,2,95,1,5,9,19,5,14,20200328,1,7,2,N,N,0,0,24,11,1,41,7.31,2022-01-21,286,8,1,8,20220314,10,67,78
1100321,2022,1200321,1400321,20220,1300321,1500321,25,1,99,7,38,1,12,2,11,20200816,1,4,2,N,N,0,0,19,9,4,74,13.7,2023-11-12,339,5,30,9,20220710,6,46,18
1100322,2024,1200322,1400322,20240,1300322,1500322,55,2,56,10,18,7,4,5,8,20220308,3,7,5,S,N,1,0,24,11,1,147,10.4,2023-02-25,4,7,45,1,20231029,1,69,53
1100323,2011,1200323,1400323,20110,1300323,1500323,17,2,84,6,39,15,15,2,11,20220227,3,3,3,N,N,0,0,25,6,3,118,8.13,2023-04-24,366,5,2,1,20231105,9,19,77
1100324,2018,1200324,1400324,20180,1300324,1500324,17,2,26,3,33,2,15,3,13,20211109,4,7,3,N,N,0,0,23,12,3,44,9.57,2022-09-24,286,10,31,7,20220903,8,58,78
1100325,2013,1200325,1400325,20130,1300325,1500325,55,1,16,8,13,5,2,1,8,20220519,2,7,2,N,N,0,0,27,9,4,155,8.18,2022-02-11,484,1,13,10,20220628,8,79,65
1100326,2011,1200326,1400326,20110,1300326,1500326,39,2,46,6,15,12,16,7,12,20211204,5,5,2,S,N,1,0,29,9,3,113,7.08,2023-10-24,414,1,31,3,20230426,1,52,36
1100327,2015,1200327,1400327,20150,1300327,1500327,5,2,49,7,10,1,8,6,7,20200709,5,5,3,S,N,1,0,27,3,3,90,10.17,2022-12-10,340,4,8,4,20230204,3,17,11
1100328,2019,1200328,1400328,20190,1300328,1500328,47,1,38,9,10,1,7,5,3,20201126,5,7,5,S,N,1,0,24,11,1,145,10.05,2023-09-15,330,3,25,10,20221215,9,36,62
1100329,2018,1200329,1400329,20180,1300329,1500329,29,1,37,9,7,14,11,7,6,20210623,4,5,5,N,N,0,0,22,10,4,118,8.03,2023-03-14,222,3,33,5,20220526,6,40,33
1100330,2010,1200330,1400330,20100,1300330,1500330,95,2,39,9,20,14,1,3,12,20220328,1,3,2,S,N,1,0,29,12,4,55,5.14,2023-02-24,456,5,22,1,20220914,4,6,72
1100331,2020,1200331,1400331,20200,1300331,1500331,29,1,3,4,44,5,11,8,9,20211109,2,5,4,S,N,1,0,19,7,4,94,6.37,2023-11-13,485,1,8,1,20220901,6,44,33
1100332,2010,1200332,1400332,20100,1300332,1500332,31,2,12,10,37,7,6,6,11,20220814,3,6,1,S,N,1,0,22,9,1,101,5.82,2022-03-27,363,9,45,2,20230821,4,54,77
1100333,2020,1200333,1400333,20200,1300333,1500333,24,2,81,8,29,13,8,8,2,20210421,4,2,3,S,N,1,0,22,3,4,150,6.15,2023-08-25,294,10,25,10,20220228,8,23,38
1100334,2018,1200334,1400334,20180,1300334,1500334,48,2,50,1,18,6,14,4,8,20221231,3,5,5,N,N,0,0,23,12,4,174,5.99,2022-10-09,4,2,49,7,20220104,3,56,67
1100335,2017,1200335,1400335,20170,1300335,1500335,39,2,10,5,10,12,14,1,15,20200629,5,6,1,N,N,0,0,26,3,3,168,8.78,2022-10-17,119,8,3,5,20231129,4,5,39
1100336,2020,1200336,1400336,20200,1300336,1500336,6,2,16,2,48,4,14,7,4,20210724,1,1,1,N,N,0,0,23,9,1,157,6.33,2022-02-20,197,2,5,10,20231217,10,94,39
1100337,2024,1200337,1400337,20240,1300337,1500337,95,1,83,1,5,11,18,4,11,20210101,4,4,1,S,N,1,0,26,4,2,177,9.71,2022-08-12,262,5,30,8,20230225,4,75,84
1100338,2016,1200338,1400338,20160,1300338,1500338,82,1,28,2,2,4,8,7,9,20211004,1,2,2,S,N,1,0,26,6,2,144,5.7,2023-09-13,289,9,18,10,20230222,5,80,75
1100339,2014,1200339,1400339,20140,1300339,1500339,59,2,3,7,3,9,4,6,9,20220922,2,2,3,S,N,1,0,25,5,4,133,7.25,2022-10-18,322,5,13,10,20230908,10,72,3
1100340,2017,1200340,1400340,20170,1300340,1500340,91,2,80,10,42,13,11,5,8,20200104,5,7,4,N,N,0,0,27,9,4,101,11.84,2023-11-21,292,5,12,7,20230319,3,33,67
1100341,2021,1200341,1400341,20210,1300341,1500341,85,1,98,8,22,3,4,6,8,20200109,2,2,1,N,N,0,0,21,12,4,131,5.62,2023-09-25,399,8,10,5,20230906,3,74,40
1100342,2015,1200342,1400342,20150,1300342,1500342,93,1,33,3,44,14,10,3,12,20201023,4,4,3,S,N,1,0,23,3,1,125,13.06,2022-08-23,483,3,42,9,20220222,3,51,46
1100343,2019,1200343,1400343,20190,1300343,1500343,88,1,15,5,17,1,18,2,13,20210525,5,7,3,S,N,1,0,23,10,4,120,7.02,2022-08-13,167,7,10,4,20231228,2,16,6
1100344,2024,1200344,1400344,20240,1300344,1500344,87,2,88,10,40,15,18,6,13,20221205,3,5,4,S,N,1,0,24,8,3,55,7.2,2023-11-20,361,4,14,3,20231127,10,18,50
1100345,2020,1200345,1400345,20200,1300345,1500345,45,1,99,8,26,2,6,5,9,20201223,3,1,1,N,N,0,0,29,6,2,141,12.81,2023-12-10,301,3,35,9,20231004,1,23,54
1100346,2016,1200346,1400346,20160,1300346,1500346,94,2,37,6,39,7,20,2,3,20210325,2,3,5,N,N,0,0,23,8,3,126,9.68,2023-09-22,497,4,9,2,20230901,8,89,62
1100347,2013,1200347,1400347,20130,1300347,1500347,8,2,93,6,20,4,11,8,13,20220407,2,4,5,N,N,0,0,27,8,2,31,9.44,2022-12-14,229,8,28,10,20220211,10,92,51
1100348,2017,1200348,1400348,20170,1300348,1500348,75,1,30,4,10,13,4,4,13,20200710,3,1,4,S,N,1,0,22,10,4,55,13.5,2023-01-14,37,2,24,2,20230126,3,8,86
1100349,2017,1200349,1400349,20170,1300349,1500349,40,2,14,6,18,12,10,8,13,20220224,5,3,1,S,N,1,0,23,5,3,51,6.98,2022-02-22,433,3,22,2,20231127,1,9,58
1100350,2015,1200350,1400350,20150,1300350,1500350,59,2,79,3,28,14,9,1,1,20210226,4,2,1,N,N,0,0,23,6,3,31,8.94,2023-01-20,138,1,21,1,20220730,10,47,61
1100351,2017,1200351,1400351,20170,1300351,1500351,81,1,4,4,15,12,7,7,5,20220412,2,3,5,S,N,1,0,18,7,2,121,13.93,2022-12-10,409,10,24,10,20230815,3,90,25
1100352,2018,1200352,1400352,20180,1300352,1500352,16,2,8,4,19,14,12,6,3,20220501,5,2,3,S,N,1,0,22,8,1,150,12.88,2023-10-01,461,7,38,3,20220510,2,72,79
1100353,2018,1200353,1400353,20180,1300353,1500353,41,2,25,5,18,9,4,7,6,20201220,1,5,4,N,N,0,0,29,12,2,108,12.82,2023-12-15,152,10,49,4,20221112,10,77,33
1100354,2018,1200354,1400354,20180,1300354,1500354,58,2,39,9,33,4,1,8,13,20211227,5,4,5,N,N,0,0,24,8,1,79,8.34,2023-10-13,146,3,22,10,20220803,5,47,86
1100355,2017,1200355,1400355,20170,1300355,1500355,62,2,32,7,15,8,15,5,15,20210809,3,2,3,S,N,1,0,25,9,4,108,13.26,2022-02-19,95,6,50,5,20221023,4,31,46
1100356,2011,1200356,1400356,20110,1300356,1500356,42,1,10,4,17,15,13,6,8,20210730,5,7,1,N,N,0,0,23,10,3,56,5.49,2023-10-03,320,1,47,10,20230926,2,53,4
1100357,2023,1200357,1400357,20230,1300357,1500357,90,2,80,4,1,4,18,6,9,20200228,1,4,3,N,N,0,0,25,8,1,30,10.04,2023-11-17,50,3,47,8,20230129,8,88,73
1100358,2018,1200358,1400358,20180,1300358,1500358,90,2,20,9,23,5,8,8,7,20210630,3,1,3,S,N,1,0,18,9,2,157,6.02,2022-12-15,411,7,39,2,20230606,7,22,41
1100359,2010,1200359,1400359,20100,1300359,1500359,25,2,72,5,27,7,11,2,10,20221005,1,7,2,S,N,1,0,25,6,3,56,9.71,2022-02-03,6,8,13,8,20230712,3,48,44
1100360,2024,1200360,1400360,20240,1300360,1500360,64,1,56,9,49,4,10,1,1,20200130,4,7,3,N,N,0,0,24,3,1,153,10.39,2022-01-18,263,1,18,3,20230313,2,94,70
1100361,2020,1200361,1400361,20200,1300361,1500361,17,1,71,4,27,1,5,7,15,20210514,1,5,2,N,N,0,0,21,5,3,97,7.35,2022-09-29,236,9,38,9,20230407,2,4,95
1100362,2023,1200362,1400362,20230,1300362,1500362,32,1,57,7,21,10,7,1,5,20200521,2,7,3,N,N,0,0,27,4,2,108,7.33,2023-03-24,46,9,46,7,20230520,7,51,20
1100363,2016,1200363,1400363,20160,1300363,1500363,74,2,43,10,12,12,7,8,6,20220604,4,4,1,N,N,0,0,23,11,4,39,6.38,2022-03-05,90,8,36,7,20230619,6,31,59
1100364,2016,1200364,1400364,20160,1300364,1500364,70,2,18,10,5,1,11,4,14,20200110,1,2,3,S,N,1,0,25,11,4,38,5.77,2023-05-05,388,7,14,6,20220914,4,46,50
1100365,2012,1200365,1400365,20120,1300365,1500365,76,1,40,10,43,4,17,2,2,20210506,5,1,3,S,S,1,1,30,9,2,45,5.19,2023-07-13,60,1,11,1,20230630,6,39,61
1100366,2016,1200366,1400366,20160,1300366,1500366,1,2,37,3,34,6,16,2,6,20220220,1,7,1,S,N,1,0,30,4,3,56,12.7,2023-11-07,472,9,37,5,20220424,2,32,51
1100367,2019,1200367,1400367,20190,1300367,1500367,80,2,99,1,43,3,6,5,14,20200529,5,1,3,N,N,0,0,18,9,1,161,11.12,2023-10-31,225,10,25,7,20230401,8,59,4
1100368,2010,1200368,1400368,20100,1300368,1500368,56,2,22,5,10,14,13,8,7,20220511,5,2,5,S,N,1,0,24,5,3,56,13.14,2023-05-11,393,7,22,4,20230131,5,46,91
1100369,2016,1200369,1400369,20160,1300369,1500369,85,2,3,5,23,12,7,1,9,20221111,2,7,4,S,N,1,0,26,5,4,131,9.91,2023-04-06,267,7,37,2,20220418,3,56,86
1100370,2016,1200370,1400370,20160,1300370,1500370,45,2,9,2,42,13,2,7,3,20201003,5,3,4,S,N,1,0,28,10,1,72,7.19,2023-07-15,208,6,18,6,20221023,3,50,44
1100371,2010,1200371,1400371,20100,1300371,1500371,73,1,95,2,2,2,15,5,11,20220801,2,7,2,N,N,0,0,30,10,1,167,6.57,2022-04-30,304,1,50,7,20230428,2,87,48
1100372,2018,1200372,1400372,20180,1300372,1500372,84,2,76,4,10,2,15,8,9,20200611,5,6,5,N,N,0,0,26,11,2,107,5.5,2023-03-13,283,7,48,2,20230616,1,86,37
1100373,2021,1200373,1400373,20210,1300373,1500373,28,1,88,4,29,7,16,1,10,20220706,1,3,4,N,N,0,0,28,4,3,166,8.32,2023-06-16,124,9,46,5,20220128,3,95,29
1100374,2023,1200374,1400374,20230,1300374,1500374,93,1,46,5,16,6,13,4,5,20201114,5,3,1,N,N,0,0,26,12,4,84,7.35,2023-06-26,468,8,36,9,20220410,9,63,30
1100375,2012,1200375,1400375,20120,1300375,1500375,66,1,68,10,17,2,19,5,2,20220928,2,2,3,N,N,0,0,28,4,3,138,10.36,2022-08-30,485,3,34,6,20221024,6,28,44
1100376,2011,1200376,1400376,20110,1300376,1500376,42,1,35,8,10,5,8,5,1,20201225,5,5,2,S,N,1,0,23,12,4,88,6.06,2023-04-09,127,1,32,1,20230703,4,82,57
1100377,2017,1200377,1400377,20170,1300377,1500377,74,2,63,9,15,2,9,3,7,20201227,1,6,2,N,N,0,0,18,5,2,178,12.36,2022-03-16,171,5,41,9,20230121,9,93,84
1100378,2011,1200378,1400378,20110,1300378,1500378,18,1,53,7,33,13,1,3,10,20210722,4,5,1,S,S,1,1,27,8,2,61,9.38,2023-04-19,349,4,18,9,20220621,10,98,36
1100379,2017,1200379,1400379,20170,1300379,1500379,32,1,28,1,38,3,13,3,1,20210501,5,5,3,N,N,0,0,18,9,3,154,5.92,2023-08-10,311,9,2,3,20220417,9,63,57
1100380,2016,1200380,1400380,20160,1300380,1500380,12,1,43,10,32,4,2,7,5,20200622,5,5,4,S,N,1,0,18,10,4,90,13.39,2022-05-20,16,5,30,3,20230722,7,71,95
1100381,2015,1200381,1400381,20150,1300381,1500381,10,1,12,3,33,12,1,8,2,20220726,5,4,3,S,N,1,0,19,4,4,69,13.76,2023-01-29,393,9,15,8,20220725,1,45,14
1100382,2023,1200382,1400382,20230,1300382,1500382,77,1,64,6,48,12,9,2,11,20211126,3,4,3,S,N,1,0,18,6,2,166,12.37,2023-03-17,56,5,27,7,20231101,3,39,29
1100383,2014,1200383,1400383,20140,1300383,1500383,17,2,5,2,43,12,18,3,1,20220212,2,2,4,N,N,0,0,22,11,1,144,6.43,2022-02-16,274,2,29,6,20231013,6,10,48
1100384,2021,1200384,1400384,20210,1300384,1500384,81,2,40,1,25,8,19,8,5,20211204,1,3,3,N,N,0,0,29,4,4,132,6.13,2022-06-14,221,5,43,9,20231023,10,85,73
1100385,2015,1200385,1400385,20150,1300385,1500385,50,1,89,6,29,11,9,7,8,20220129,5,6,5,N,N,0,0,29,4,2,147,12.8,2022-01-02,481,3,27,2,20220704,5,68,99
1100386,2023,1200386,1400386,20230,1300386,1500386,47,1,15,3,10,13,20,7,9,20221123,4,1,4,S,N,1,0,27,8,1,179,12.51,2022-12-26,181,2,6,2,20220302,7,18,67
1100387,2014,1200387,1400387,20140,1300387,1500387,13,2,74,2,49,2,16,8,4,20200302,4,5,1,S,N,1,0,22,10,4,100,9.5,2023-03-03,223,9,18,10,20220120,4,24,27
1100388,2017,1200388,1400388,20170,1300388,1500388,85,1,15,3,43,10,13,4,8,20200510,4,5,1,S,N,1,0,29,8,2,94,8.74,2022-02-02,327,9,38,2,20220206,7,17,28
1100389,2013,1200389,1400389,20130,1300389,1500389,48,2,54,4,16,8,17,5,8,20200215,2,3,1,S,N,1,0,28,6,2,146,13.43,2022-02-03,460,10,3,9,20230131,10,1,17
1100390,2014,1200390,1400390,20140,1300390,1500390,16,1,54,10,7,7,19,3,9,20221208,2,1,1,N,N,0,0,28,5,1,166,12.62,2022-01-22,84,2,5,5,20221227,5,94,97
1100391,2021,1200391,1400391,20210,1300391,1500391,31,2,36,5,24,7,8,3,3,20220905,3,2,4,N,N,0,0,19,6,4,126,6.99,2022-06-14,377,9,26,8,20221221,1,39,67
1100392,2022,1200392,1400392,20220,1300392,1500392,34,1,25,5,22,14,7,5,4,20210329,3,1,4,S,N,1,0,24,11,4,68,8.25,2022-06-28,391,5,7,5,20231110,7,83,60
1100393,2022,1200393,1400393,20220,1300393,1500393,99,1,27,10,5,4,11,8,11,20200411,1,5,3,N,N,0,0,18,9,4,55,5.98,2022-03-22,370,1,28,4,20220204,6,65,85
1100394,2016,1200394,1400394,20160,1300394,1500394,37,2,5,10,42,4,19,7,15,20210204,5,7,2,S,N,1,0,21,7,3,156,10.43,2023-02-09,388,8,14,8,20231219,4,62,4
1100395,2014,1200395,1400395,20140,1300395,1500395,24,2,79,5,43,14,7,6,10,20210822,4,1,3,N,N,0,0,19,8,1,79,6.68,2023-10-19,305,5,37,3,20230422,8,98,86
1100396,2022,1200396,1400396,20220,1300396,1500396,12,2,60,3,45,15,4,1,13,20200504,5,7,1,S,N,1,0,19,12,1,173,7.26,2023-11-15,431,9,26,5,20221004,6,95,78
1100397,2016,1200397,1400397,20160,1300397,1500397,99,1,100,3,43,2,5,4,4,20201221,3,6,5,S,N,1,0,29,3,2,119,12.34,2022-02-25,475,1,12,5,20220107,10,33,7
1100398,2012,1200398,1400398,20120,1300398,1500398,1,1,77,9,29,8,15,2,12,20221118,3,5,2,N,N,0,0,19,6,1,69,11.14,2022-01-21,497,6,27,3,20220910,4,35,9
1100399,2013,1200399,1400399,20130,1300399,1500399,77,2,26,8,17,6,10,8,12,20221225,4,1,1,S,S,1,1,26,5,3,68,7.19,2023-12-01,135,7,5,9,20221127,3,87,36
1100400,2022,1200400,1400400,20220,1300400,1500400,60,1,17,8,13,6,12,6,2,20201215,2,4,3,S,N,1,0,24,12,3,85,8.11,2023-04-29,362,4,29,7,20230309,6,72,93
