ID_CURSO_ACADEMICO,ID_PLAN_ESTUDIO,TASA_EXITO_PONDERADA,TASA_RENDIMIENTO_PONDERADA,BASE_PONDERACION_TASAS_EXITO,BASE_PONDERACION_TASAS_RTO,TASA_EFICIENCIA_PONDERADA,BASE_PONDERACION_TASAS_EGRE,ALUMNOS_GRADUADOS,DURACION_PONDERADA,BASE_PONDERACION_DURACION,ALUMNOS_MATRICULADOS,ALUMNOS_MATRICULADOS_NING
20150,18,0.7376,0.786,487,342,0.9497,85,31,4.69,31,482,18
20120,24,0.6087,0.7341,546,908,0.762,92,125,4.02,125,306,42
20100,6,0.8394,0.6784,688,573,0.7316,423,33,3.73,33,76,85
20120,86,0.8556,0.8227,512,328,0.803,476,34,3.6,34,306,61
20120,43,0.6927,0.8034,676,337,0.9166,169,49,4.35,49,477,53
20200,8,0.917,0.5597,794,742,0.9465,245,118,3.56,118,138,62
20140,52,0.8243,0.7529,626,666,0.8006,262,103,3.86,103,223,5
20180,47,0.7766,0.5761,973,480,0.7436,178,193,4.92,193,238,5
20140,28,0.6838,0.8766,114,582,0.7286,76,175,4.74,175,144,35
20230,4,0.923,0.8512,156,847,0.7541,175,103,5.1,103,410,2
20170,88,0.8554,0.7297,169,783,0.7192,424,56,3.78,56,334,32
20170,61,0.6449,0.7445,901,236,0.7086,337,75,4.67,75,169,17
20100,34,0.7949,0.7821,354,493,0.9138,352,37,3.6,37,163,77
20130,80,0.8279,0.7675,792,807,0.9504,432,154,3.62,154,116,11
20190,34,0.7424,0.5976,424,563,0.7295,446,39,3.81,39,392,12
20200,10,0.9036,0.8782,784,298,0.8752,422,150,4.74,150,203,14
20230,30,0.9295,0.6205,304,281,0.9558,466,125,5.92,125,270,15
20120,25,0.7147,0.7236,864,341,0.8775,449,119,5.47,119,383,3
20240,57,0.6966,0.6467,346,872,0.9736,67,39,4.39,39,290,47
20230,63,0.8273,0.8553,662,468,0.7984,83,64,3.54,64,228,22
20200,71,0.7976,0.6021,130,290,0.7083,288,138,5.19,138,149,23
20240,84,0.7639,0.6051,739,228,0.7235,313,74,5.86,74,69,79
20100,3,0.6078,0.8362,631,952,0.875,365,199,4.8,199,437,29
20240,46,0.7286,0.7066,242,301,0.739,152,22,5.02,22,303,100
20170,36,0.631,0.7696,789,948,0.9717,453,171,5.83,171,55,95
20190,10,0.8658,0.7267,831,829,0.7636,77,149,5.7,149,349,45
20110,78,0.717,0.6147,249,471,0.7184,361,123,4.11,123,70,0
20170,55,0.857,0.6224,736,465,0.7799,452,124,4.49,124,53,19
20180,79,0.7705,0.7703,766,907,0.8665,447,164,5.68,164,420,28
20140,86,0.7777,0.6519,873,244,0.8659,156,22,5.77,22,146,9
20220,50,0.8079,0.7275,965,822,0.753,129,198,5.68,198,305,13
20240,2,0.6298,0.7203,418,415,0.7182,72,50,5.64,50,162,88
20220,95,0.7523,0.7708,488,927,0.9662,373,27,5.78,27,376,62
20230,14,0.7551,0.8284,876,926,0.766,231,49,5.13,49,252,10
20190,94,0.7256,0.8197,225,479,0.8183,117,197,4.52,197,192,89
20130,15,0.834,0.5613,733,576,0.9011,133,45,5.39,45,108,12
20230,31,0.7675,0.8553,228,587,0.8812,86,164,3.6,164,232,83
20220,27,0.6258,0.6315,279,601,0.8198,319,77,3.57,77,144,8
20140,9,0.7151,0.7152,466,209,0.9212,396,39,4.25,39,260,80
20130,99,0.8886,0.7433,468,201,0.956,123,159,3.9,159,497,69
20190,79,0.6378,0.7484,909,348,0.7628,479,40,3.57,40,346,35
20170,49,0.8022,0.8153,804,497,0.8176,312,122,4.77,122,440,45
20180,16,0.8636,0.8843,286,513,0.7948,451,74,4.95,74,414,28
20130,75,0.7166,0.6558,199,170,0.8891,313,109,3.79,109,381,25
20180,8,0.6172,0.7901,184,218,0.8421,175,97,5.12,97,227,61
20120,19,0.9253,0.7905,961,675,0.73,149,163,4.32,163,290,43
20230,67,0.8614,0.7104,559,161,0.78,111,138,4.25,138,495,78
20130,89,0.8324,0.5503,947,347,0.8238,452,57,5.89,57,325,16
20210,36,0.6146,0.6374,713,154,0.866,389,33,5.45,33,183,3
20200,51,0.6871,0.6308,105,684,0.9035,175,193,4.64,193,428,81
20230,80,0.7199,0.6194,319,200,0.7967,75,98,5.88,98,465,100
20160,54,0.6556,0.5741,835,786,0.701,479,66,5.04,66,405,63
20100,62,0.6894,0.715,779,587,0.7726,264,86,5.96,86,159,76
20190,24,0.9198,0.6547,452,709,0.8687,408,47,5.93,47,165,57
20100,48,0.8108,0.7068,938,279,0.7351,155,133,4.23,133,86,77
20130,86,0.8337,0.8147,875,454,0.736,458,151,5.53,151,366,3
20150,7,0.7929,0.7276,930,317,0.8273,465,195,3.95,195,400,86
20230,11,0.7391,0.8489,702,545,0.8124,195,135,4.73,135,482,75
20210,5,0.7125,0.8918,153,724,0.7743,377,107,4.53,107,95,24
20140,20,0.8006,0.6351,515,208,0.7959,57,16,4.97,16,137,45
20150,55,0.6763,0.6751,797,186,0.7471,454,97,4.28,97,55,18
20190,97,0.905,0.7435,627,229,0.9581,448,71,5.23,71,90,47
20180,30,0.7171,0.7598,276,694,0.806,422,122,3.77,122,80,13
20170,87,0.7808,0.8564,315,199,0.8654,164,164,5.08,164,173,36
20180,3,0.915,0.6548,246,793,0.7106,373,69,4.94,69,69,68
20190,100,0.8254,0.8655,516,233,0.8309,348,118,4.85,118,298,20
20160,22,0.9326,0.6608,879,769,0.9327,166,38,5.42,38,463,36
20230,48,0.7484,0.8452,431,467,0.9264,290,34,5.55,34,166,58
20110,10,0.8712,0.6083,396,338,0.9454,69,48,5.17,48,168,87
20160,89,0.7458,0.7641,449,618,0.8874,109,60,5.71,60,405,93
20200,79,0.9387,0.7552,495,532,0.7573,412,99,4.69,99,229,58
20210,9,0.787,0.826,140,922,0.8948,186,74,3.73,74,102,38
20160,80,0.7398,0.8039,311,965,0.8964,86,80,3.86,80,234,31
20190,99,0.8001,0.8822,339,301,0.9545,315,81,4.52,81,489,17
20100,87,0.665,0.6907,878,482,0.9123,448,119,4.31,119,492,70
20170,2,0.9341,0.7397,839,665,0.766,172,74,3.87,74,354,86
20130,58,0.73,0.734,747,693,0.9472,342,99,4.76,99,319,73
20200,96,0.6482,0.5688,156,474,0.9427,303,95,4.13,95,218,4
20220,3,0.6511,0.5609,608,483,0.8102,392,105,4.52,105,151,24
20170,59,0.7619,0.6825,752,978,0.9522,52,184,5.18,184,149,70
20110,95,0.7228,0.6609,869,840,0.8925,79,101,5.37,101,219,94
20230,49,0.8506,0.6196,931,140,0.8769,353,83,4.19,83,359,0
20220,17,0.7876,0.7997,836,309,0.7992,245,76,3.6,76,398,1
20190,22,0.8962,0.6344,813,897,0.8359,476,153,6.0,153,106,17
20150,62,0.8063,0.6284,695,720,0.8057,274,42,4.19,42,55,5
20200,98,0.6379,0.856,385,457,0.9708,429,101,4.77,101,349,42
20240,62,0.7842,0.7703,555,967,0.7155,249,111,3.58,111,132,95
20160,12,0.8276,0.8176,247,135,0.7708,327,193,5.86,193,443,32
20210,63,0.745,0.6519,870,392,0.9227,288,17,5.55,17,231,8
20180,22,0.6702,0.8969,630,856,0.7262,264,15,4.27,15,158,100
20200,88,0.7351,0.7727,352,975,0.7938,478,74,3.55,74,269,100
20210,18,0.7874,0.6281,436,803,0.8032,58,169,3.93,169,165,67
20220,80,0.8209,0.8307,719,817,0.7842,415,95,4.0,95,128,96
20130,12,0.7675,0.8128,464,340,0.9123,276,193,4.6,193,255,93
20100,33,0.9189,0.7363,543,745,0.8321,326,136,5.65,136,110,50
20150,63,0.6009,0.7864,715,514,0.8696,414,124,3.71,124,245,79
20110,54,0.7815,0.5891,587,401,0.7955,262,31,4.74,31,366,66
20100,27,0.9366,0.5891,770,852,0.743,214,120,4.94,120,312,40
20190,83,0.7629,0.862,442,116,0.8834,379,149,3.68,149,85,44
20230,25,0.726,0.6911,662,418,0.7821,424,156,5.42,156,308,80
20110,88,0.9224,0.6313,456,357,0.7376,108,138,3.51,138,407,35
20150,60,0.7847,0.6417,447,541,0.7898,396,162,3.57,162,378,78
20150,87,0.8948,0.7739,597,666,0.8732,80,27,4.38,27,110,73
20140,36,0.7994,0.7786,937,407,0.7479,490,33,3.97,33,208,82
20150,88,0.8098,0.7044,722,241,0.7941,260,65,3.77,65,305,67
20130,69,0.7886,0.7579,407,657,0.873,63,110,3.62,110,437,77
20160,70,0.939,0.8555,706,812,0.7221,332,36,3.52,36,139,38
20220,100,0.6999,0.595,776,393,0.8415,254,118,3.64,118,191,71
20220,4,0.8261,0.5836,226,314,0.7106,275,166,4.42,166,182,34
20190,65,0.879,0.5688,811,213,0.9716,130,27,4.96,27,188,7
20140,40,0.8394,0.5597,608,560,0.7464,436,174,5.06,174,221,9
20160,37,0.9169,0.82,799,402,0.7965,370,88,4.78,88,73,2
20120,31,0.9282,0.8649,835,918,0.9548,132,26,4.78,26,143,57
20200,81,0.8341,0.7225,480,199,0.7577,491,133,5.75,133,211,22
20220,87,0.6719,0.8142,123,247,0.9777,142,88,5.55,88,248,38
20220,47,0.6383,0.8983,899,632,0.7152,360,77,3.7,77,405,1
20130,13,0.8167,0.8967,545,600,0.9154,283,102,5.67,102,197,83
20240,44,0.9029,0.7226,118,946,0.9199,393,121,5.94,121,360,67
20170,3,0.7543,0.7557,234,275,0.9443,371,50,3.9,50,442,54
20230,10,0.8326,0.6529,343,209,0.755,433,52,3.73,52,59,65
20100,49,0.8864,0.8308,171,852,0.9314,154,160,5.21,160,457,88
20210,58,0.767,0.5808,639,776,0.9436,367,51,5.27,51,229,76
20220,78,0.6297,0.8953,622,281,0.7796,180,140,3.89,140,479,99
20100,2,0.6052,0.5527,812,142,0.8735,223,13,3.72,13,204,10
20110,31,0.8409,0.7286,583,822,0.9545,384,46,4.83,46,76,70
20130,98,0.7403,0.8611,987,514,0.78,118,79,3.74,79,368,50
20120,37,0.8405,0.8708,786,144,0.8573,200,108,4.43,108,172,42
20180,24,0.8417,0.7224,367,150,0.8342,225,193,5.22,193,112,87
20220,44,0.8665,0.6229,295,781,0.8114,220,79,5.53,79,182,2
20230,83,0.6533,0.8235,973,532,0.7096,399,10,4.7,10,334,95
20180,74,0.6763,0.6495,214,856,0.8069,176,119,3.95,119,147,32
20120,42,0.7237,0.784,316,822,0.7013,393,183,5.76,183,287,92
20210,78,0.6847,0.7372,425,398,0.7604,363,113,5.65,113,387,9
20170,48,0.7216,0.8077,125,196,0.7821,355,101,5.89,101,424,79
20100,84,0.8525,0.6006,977,677,0.8941,463,182,5.07,182,205,9
20130,60,0.9257,0.7152,712,209,0.8922,54,122,5.32,122,412,93
20110,39,0.6158,0.6067,354,932,0.8049,224,165,3.66,165,242,91
20140,96,0.8585,0.7037,588,883,0.9443,465,126,5.63,126,482,33
20150,14,0.9359,0.86,925,516,0.9217,133,149,4.85,149,398,12
20150,78,0.7633,0.6713,615,452,0.9775,452,55,4.73,55,157,19
20210,62,0.9495,0.8438,727,778,0.7678,400,89,4.05,89,191,99
20200,54,0.6186,0.7242,359,380,0.8609,425,31,5.98,31,222,78
20190,12,0.8036,0.7553,539,567,0.9345,246,50,3.98,50,474,14
20170,74,0.6288,0.8475,831,168,0.7821,323,107,5.28,107,176,29
